0,1,2,3,4,5,6,7,8,9,10,11,12,13,14,15,16,17,18,19,20,21,22,23,24,25,26,27,28,Year
1,Tyrese Maxey,25,PHI,PG,40,40,1578,23.0,.597,.400,.276,0.7,11.6,6.0,29.4,2.5,2.2,9.0,29.3,4.1,2.0,6.1,.185,5.7,1.1,6.8,3.5,,2026
2,Scottie Barnes,24,TOR,PF,45,45,1556,19.6,.578,.208,.260,6.9,19.9,13.3,24.5,1.9,3.8,13.3,24.3,2.1,2.5,4.6,.141,1.9,2.0,3.9,2.3,,2026
3,Mikal Bridges,29,NYK,SF,44,44,1526,16.9,.604,.448,.085,3.5,10.8,7.1,17.0,2.2,2.6,7.3,17.1,3.3,1.6,4.9,.153,2.4,1.3,3.7,2.2,,2026
4,Amen Thompson,23,HOU,PG,41,41,1524,18.1,.576,.143,.344,8.4,14.7,11.6,19.6,1.8,1.4,13.7,20.9,3.0,1.8,4.8,.151,1.2,0.6,1.9,1.5,,2026
5,DeMar DeRozan,36,SAC,PF,45,45,1510,17.8,.603,.159,.397,1.7,9.3,5.4,18.1,2.0,0.7,6.6,21.4,3.3,0.6,3.8,.122,0.6,-0.2,0.4,0.9,,2026
6,Dyson Daniels,22,ATL,SG,44,44,1499,13.9,.518,.140,.179,6.9,14.5,10.7,24.5,2.6,1.2,15.8,16.4,0.9,1.7,2.6,.082,-1.7,1.1,-0.6,0.5,,2026
7,Trey Murphy III,25,NOP,SF,42,42,1498,19.1,.632,.516,.240,3.4,15.5,9.3,15.4,2.1,0.8,10.1,22.6,3.2,0.8,4.0,.128,3.3,-0.9,2.4,1.6,,2026
8,Brandon Ingram,28,TOR,SF,44,44,1496,16.1,.568,.290,.262,2.7,17.1,9.8,17.4,1.1,2.2,12.4,27.4,0.5,1.8,2.3,.073,0.7,-0.5,0.3,0.9,,2026
9,Jalen Johnson,24,ATL,SF,42,42,1493,21.2,.602,.273,.327,4.5,27.5,15.8,34.2,1.6,1.3,15.2,26.7,2.5,1.9,4.4,.141,3.2,1.1,4.3,2.4,,2026
10,Toumani Camara,25,POR,PF,44,44,1486,10.1,.561,.667,.168,5.5,10.7,8.0,11.0,1.4,1.3,15.0,16.2,0.6,1.0,1.6,.053,-1.5,-0.6,-2.1,0.0,,2026
11,Julius Randle,31,MIN,PF,44,44,1483,20.2,.599,.298,.418,5.5,17.1,11.4,24.3,1.6,0.5,11.9,26.5,3.5,1.8,5.2,.170,2.6,0.1,2.8,1.8,,2026
12,Keyonte George,22,UTA,PG,43,43,1479,18.6,.615,.416,.431,1.4,11.3,6.3,30.1,1.4,0.8,14.9,27.9,2.7,0.0,2.7,.087,3.0,-2.2,0.7,1.0,,2026
13,Pascal Siakam,31,IND,PF,43,43,1455,19.0,.564,.261,.327,5.0,17.5,11.0,21.1,1.6,1.1,9.6,29.1,1.2,1.4,2.6,.086,2.4,-0.6,1.8,1.4,,2026
14,Nickeil Alexander-Walker,27,ATL,SG,44,37,1449,15.4,.585,.517,.245,2.0,10.1,6.0,15.5,1.5,1.7,10.1,24.6,1.1,1.1,2.2,.074,0.8,-1.3,-0.5,0.5,,2026
15,Deni Avdija,25,POR,SF,41,41,1446,21.1,.614,.381,.580,3.0,19.1,10.9,32.0,1.2,1.5,15.4,29.0,3.5,1.4,4.8,.160,4.5,0.4,4.9,2.5,,2026
16,Shai Gilgeous-Alexander,27,OKC,PG,43,43,1434,31.7,.673,.246,.465,1.7,12.2,7.2,32.4,1.9,2.4,7.7,33.3,7.6,2.7,10.3,.344,9.3,2.8,12.1,5.1,,2026
17,Derrick White,31,BOS,SG,42,42,1432,16.9,.526,.587,.190,3.2,11.6,7.4,22.0,1.9,4.4,9.8,23.4,2.0,1.7,3.7,.122,2.5,0.5,3.0,1.8,,2026
18,James Harden,36,LAC,PG,40,40,1426,22.2,.601,.506,.494,2.0,13.3,7.8,37.4,1.8,0.9,14.3,31.5,3.5,0.9,4.5,.150,4.9,-1.2,3.7,2.0,,2026
19,Kevin Durant,37,HOU,SF,39,39,1426,20.8,.630,.309,.347,1.4,14.9,8.2,19.8,1.0,2.4,12.9,26.9,3.9,1.6,5.4,.183,4.1,0.1,4.2,2.2,,2026
20,Desmond Bane,27,ORL,SG,42,42,1423,14.8,.557,.322,.246,4.3,10.4,7.3,20.2,1.1,1.4,11.7,23.7,1.3,1.2,2.6,.086,0.0,-0.7,-0.7,0.5,,2026
21,Jamal Murray,28,DEN,PG,40,40,1417,22.7,.621,.400,.239,1.5,12.0,7.0,32.7,1.4,0.8,10.0,28.7,4.3,0.8,5.1,.172,5.8,-1.7,4.1,2.2,,2026
22,Miles Bridges,27,CHO,PF,43,43,1414,16.2,.565,.448,.257,3.5,17.6,10.7,16.5,0.7,1.3,7.8,23.2,2.3,1.0,3.3,.113,1.5,-0.9,0.6,0.9,,2026
23,Onyeka Okongwu,25,ATL,C,44,33,1407,15.7,.588,.434,.218,6.6,20.7,13.6,14.8,1.7,2.8,12.6,20.5,1.2,1.7,2.9,.100,-0.6,0.2,-0.4,0.6,,2026
24,Donte DiVincenzo,29,MIN,SG,44,44,1400,13.7,.576,.755,.154,3.6,12.1,7.9,17.7,2.0,1.3,10.8,17.0,1.9,1.7,3.6,.123,0.6,0.8,1.4,1.2,,2026
25,Immanuel Quickley,26,TOR,PG,43,43,1398,16.3,.569,.529,.252,1.9,12.6,7.2,27.5,1.8,0.4,10.3,21.7,2.2,1.6,3.7,.128,1.6,0.2,1.8,1.3,,2026
26,Donovan Mitchell,29,CLE,SG,41,41,1397,22.7,.618,.479,.295,2.7,12.6,7.6,27.7,2.1,0.7,11.8,32.1,3.2,1.4,4.6,.159,5.5,-0.2,5.3,2.6,,2026
27,Jabari Smith Jr.,22,HOU,PF,40,40,1394,12.9,.547,.490,.215,5.1,16.8,11.0,6.9,1.0,2.3,8.6,18.5,1.6,1.6,3.2,.111,-0.8,-0.3,-1.1,0.3,,2026
28,Cooper Flagg,19,DAL,SF,41,41,1391,16.2,.556,.228,.286,3.6,15.6,9.8,18.6,1.8,1.9,11.6,23.7,0.7,1.9,2.6,.089,-0.3,0.9,0.7,0.9,,2026
29,Kon Knueppel,20,CHO,SF,43,42,1389,16.8,.639,.574,.196,4.1,14.5,9.4,16.9,1.0,0.6,12.9,22.3,2.7,0.9,3.6,.125,2.8,-0.9,1.9,1.3,,2026
30,Payton Pritchard,28,BOS,PG,42,42,1373,17.1,.563,.530,.144,3.4,11.5,7.5,23.4,1.3,0.4,7.3,20.7,3.4,1.1,4.4,.155,2.3,-0.6,1.7,1.3,,2026
31,Devin Booker,29,PHO,SG,40,40,1365,19.3,.577,.293,.447,2.7,10.6,6.6,29.8,1.3,0.8,13.3,31.1,2.6,1.2,3.8,.135,2.4,-0.9,1.5,1.2,,2026
32,Jaylen Brown,29,BOS,SF,40,40,1365,22.9,.582,.264,.331,4.2,17.2,10.8,24.3,1.5,1.2,12.8,37.0,2.3,1.5,3.8,.134,3.9,-0.9,3.0,1.7,,2026
33,VJ Edgecombe,20,PHI,SG,38,38,1359,13.2,.535,.427,.181,5.1,11.4,8.1,17.2,2.0,1.3,11.2,19.5,0.9,1.4,2.4,.083,-0.8,0.2,-0.6,0.5,,2026
34,Ryan Rollins,23,MIL,PG,43,38,1355,15.7,.565,.429,.154,3.0,13.1,8.1,26.5,2.3,1.3,14.0,23.1,0.9,1.3,2.2,.080,0.1,-0.1,0.1,0.7,,2026
35,Jaden McDaniels,25,MIN,PF,42,42,1351,14.4,.611,.303,.239,4.1,11.4,7.8,12.4,1.7,2.6,12.2,18.4,1.8,1.6,3.4,.120,-0.7,0.7,0.0,0.7,,2026
36,Russell Westbrook,37,SAC,SF,45,39,1341,15.8,.540,.437,.225,5.3,17.8,11.4,34.9,2.3,0.5,19.2,25.6,-0.2,1.0,0.7,.025,0.9,-0.4,0.4,0.8,,2026
37,Jalen Brunson,29,NYK,PG,39,39,1341,21.4,.594,.366,.283,1.6,8.7,5.1,29.7,0.9,0.2,8.9,31.4,3.9,0.7,4.6,.165,4.8,-1.9,2.9,1.7,,2026
38,Rudy Gobert,33,MIN,C,42,42,1329,17.7,.686,.004,.598,13.8,25.5,19.8,7.4,1.0,4.7,14.3,12.4,2.9,2.2,5.1,.183,0.1,0.9,1.0,1.0,,2026
39,Karl-Anthony Towns,30,NYK,C,41,41,1313,20.8,.601,.325,.445,9.9,30.0,19.7,13.6,1.4,2.1,13.2,26.1,2.7,1.8,4.6,.167,2.1,-0.1,1.9,1.3,,2026
40,Evan Mobley,24,CLE,PF,39,37,1297,18.5,.582,.282,.348,7.4,20.9,14.1,17.7,1.4,5.3,12.5,21.6,1.7,1.8,3.5,.130,1.1,1.5,2.6,1.5,,2026
41,Royce O'Neale,32,PHO,SF,44,39,1291,11.8,.606,.825,.051,2.6,16.7,9.5,13.5,1.9,1.0,14.8,14.5,1.1,1.6,2.8,.102,0.1,1.1,1.2,1.0,,2026
42,Nikola Vučević,35,CHI,C,42,42,1290,18.7,.585,.338,.105,7.7,23.8,15.9,18.4,1.0,1.8,8.8,21.8,2.1,1.2,3.3,.124,2.0,-0.3,1.7,1.2,,2026
43,Anthony Black,22,ORL,PG,42,22,1284,14.3,.569,.368,.314,2.7,12.1,7.4,19.7,2.0,1.9,14.8,22.5,0.5,1.5,2.0,.074,-0.7,0.4,-0.2,0.6,,2026
44,Cade Cunningham,24,DET,PG,36,36,1276,21.6,.563,.304,.372,3.2,15.2,9.2,43.1,2.0,2.3,14.4,30.8,2.6,2.2,4.7,.178,4.4,1.3,5.7,2.5,,2026
45,Naji Marshall,28,DAL,SF,44,21,1272,15.9,.629,.300,.376,3.1,13.7,8.6,14.5,1.8,0.3,10.3,18.3,2.1,1.5,3.6,.137,-0.3,1.0,0.7,0.9,,2026
46,Andrew Wiggins,30,MIA,SF,40,40,1263,14.3,.566,.370,.174,5.8,10.2,8.0,12.5,1.7,2.9,10.9,20.3,0.8,1.5,2.3,.087,0.0,0.5,0.5,0.8,,2026
47,Julian Champagnie,24,SAS,SF,44,30,1256,13.0,.599,.765,.222,3.8,19.7,11.9,6.8,1.5,1.2,9.6,15.8,1.3,1.8,3.1,.119,0.4,0.6,1.0,1.0,,2026
48,Harrison Barnes,33,SAS,PF,44,44,1249,11.3,.581,.602,.203,3.1,8.3,5.7,10.2,1.3,0.5,9.2,15.3,1.3,1.2,2.5,.098,-0.7,0.0,-0.7,0.4,,2026
49,Quentin Grimes,25,PHI,SG,40,7,1248,13.1,.593,.579,.337,2.3,11.8,6.9,16.9,1.6,1.3,15.0,18.4,1.2,1.2,2.4,.092,-0.6,-0.2,-0.8,0.4,,2026
50,Peyton Watson,23,DEN,SF,42,32,1247,14.3,.605,.340,.333,3.7,14.9,9.6,8.5,1.7,3.2,12.8,19.5,0.9,1.2,2.0,.079,-0.9,-0.5,-1.3,0.2,,2026
51,CJ McCollum,34,2TM,PG,41,36,1239,15.1,.560,.448,.208,2.2,9.6,5.9,18.9,1.1,1.0,9.0,25.1,1.0,0.1,1.1,.044,0.7,-2.6,-1.9,0.0,,2026
51,CJ McCollum,34,WAS,SG,35,35,1082,15.3,.573,.461,.193,2.2,9.8,6.0,18.2,1.1,0.7,9.2,24.4,1.2,0.0,1.1,.051,1.1,-2.7,-1.7,0.1,,2026
51,CJ McCollum,34,ATL,PG,6,1,157,13.7,.486,.374,.297,2.1,7.7,4.9,23.1,1.5,2.9,8.0,29.8,-0.1,0.1,0.0,-0.004,-1.6,-1.8,-3.4,-0.1,,2026
52,Collin Gillespie,26,PHO,PG,44,25,1237,16.9,.600,.652,.125,3.9,12.5,8.1,24.7,2.4,0.9,13.4,19.2,2.3,1.6,3.9,.150,2.9,1.1,4.0,1.9,,2026
53,Luka Dončić,26,LAL,PG,34,34,1234,27.2,.608,.454,.510,2.9,21.5,12.5,41.4,2.1,1.4,13.8,38.1,3.5,1.3,4.8,.186,7.1,0.7,7.8,3.1,,2026
54,Anthony Edwards,24,MIN,SG,35,35,1231,23.1,.629,.417,.357,1.9,13.6,7.9,17.6,1.8,2.0,10.1,31.6,2.9,1.5,4.4,.171,5.6,0.1,5.6,2.4,,2026
55,Jaren Jackson Jr.,26,MEM,C,40,40,1220,14.6,.576,.314,.278,3.0,16.1,9.6,9.6,1.4,4.6,12.4,25.1,0.0,1.7,1.7,.065,-1.6,0.7,-1.0,0.3,,2026
56,Jeremiah Fears,19,NOP,PG,46,44,1214,12.7,.520,.264,.241,3.1,12.6,7.7,17.6,2.2,0.9,14.8,24.7,-0.8,0.6,-0.2,-0.009,-2.3,-1.6,-3.9,-0.6,,2026
57,Wendell Carter Jr.,26,ORL,C,40,40,1213,14.7,.623,.395,.372,8.6,19.3,13.9,9.9,1.1,2.2,11.5,15.6,2.1,1.4,3.5,.139,-0.4,0.5,0.1,0.6,,2026
58,Brandin Podziemski,22,GSW,SG,45,13,1200,14.3,.594,.494,.248,2.6,15.8,9.2,17.5,2.0,0.6,11.8,18.5,1.4,1.4,2.8,.113,-0.2,0.5,0.4,0.7,,2026
59,Shaedon Sharpe,22,POR,SG,40,34,1199,16.0,.547,.338,.250,4.2,12.3,8.2,15.4,2.3,0.4,13.1,31.0,-0.1,1.1,1.0,.039,0.0,-1.1,-1.2,0.3,,2026
60,Matas Buzelis,21,CHI,PF,43,43,1198,15.0,.594,.461,.263,4.4,15.1,9.8,9.5,1.2,4.5,11.9,21.6,0.7,1.1,1.8,.073,-0.9,-0.4,-1.3,0.2,,2026
61,Noah Clowney,21,BRK,PF,42,36,1194,11.4,.550,.634,.373,3.7,13.7,8.4,10.2,1.4,2.6,12.8,20.9,0.0,0.8,0.8,.032,-2.1,-1.0,-3.2,-0.4,,2026
62,Bub Carrington,20,WAS,PG,42,15,1189,8.9,.544,.580,.157,1.6,12.9,7.2,22.1,0.9,0.7,20.4,16.5,-0.3,0.1,-0.2,-0.008,-2.6,-2.1,-4.8,-0.8,,2026
63,Lauri Markkanen,28,UTA,PF,33,33,1187,21.2,.616,.405,.345,6.0,16.0,10.9,9.9,1.4,1.3,6.5,27.8,2.8,0.2,3.0,.122,4.6,-2.1,2.5,1.3,,2026
64,Nic Claxton,26,BRK,C,40,39,1183,18.8,.608,.034,.423,9.6,20.3,14.7,22.2,1.2,4.3,12.4,17.5,2.5,1.1,3.6,.146,0.9,1.2,2.1,1.2,,2026
65,Jimmy Butler,36,GSW,SF,38,38,1182,23.6,.646,.184,.621,8.2,11.6,9.9,24.0,2.2,0.6,9.3,23.2,4.7,1.3,6.1,.246,4.9,0.6,5.5,2.3,,2026
66,Kris Dunn,31,LAC,PG,43,37,1181,11.5,.601,.479,.181,3.6,8.8,6.3,16.4,2.8,0.6,16.9,13.0,1.1,0.9,1.9,.078,-2.0,0.8,-1.2,0.2,,2026
67,A.J. Green,26,MIL,SG,40,40,1181,9.7,.654,.906,.097,0.7,9.1,4.9,9.2,1.0,0.2,10.1,13.4,1.2,0.5,1.7,.069,-1.3,-1.3,-2.6,-0.2,,2026
68,Tim Hardaway Jr.,33,DEN,SG,43,5,1178,13.9,.629,.696,.221,0.8,8.5,4.8,7.0,0.9,0.5,3.8,18.4,2.2,0.4,2.5,.103,1.4,-2.3,-0.9,0.3,,2026
69,Norman Powell,32,MIA,SG,38,38,1176,19.0,.629,.449,.345,1.1,11.3,6.2,13.4,1.8,0.6,9.5,27.3,2.1,1.3,3.3,.137,2.9,0.2,3.1,1.5,,2026
70,Derik Queen,21,NOP,C,45,33,1169,16.9,.553,.095,.340,7.0,24.5,15.6,24.8,1.9,3.5,18.0,22.0,0.5,1.1,1.6,.067,-0.9,0.8,-0.1,0.6,,2026
71,Dillon Brooks,30,PHO,SF,38,38,1169,13.8,.553,.421,.211,2.4,10.1,6.2,8.8,1.7,0.3,9.4,27.9,0.4,1.1,1.6,.064,-1.2,-1.1,-2.3,-0.1,,2026
72,Davion Mitchell,27,MIA,PG,40,40,1167,11.9,.557,.378,.141,1.4,7.8,4.6,31.6,1.9,0.4,17.2,13.6,1.3,1.2,2.5,.101,-1.8,0.7,-1.1,0.3,,2026
73,Max Christie,22,DAL,SG,40,31,1164,12.9,.656,.613,.206,0.8,11.6,6.4,10.4,0.8,1.0,10.1,15.8,1.6,1.1,2.7,.110,0.4,0.1,0.5,0.7,,2026
74,Alperen Şengün,23,HOU,C,34,34,1164,22.1,.567,.133,.355,9.4,20.6,15.1,29.0,2.1,2.7,14.9,27.1,2.3,1.8,4.1,.170,3.4,1.8,5.2,2.1,,2026
75,Saddiq Bey,26,NOP,SF,39,31,1163,16.0,.561,.418,.317,5.6,15.1,10.2,10.7,1.5,0.2,4.5,19.8,2.0,0.4,2.4,.100,1.5,-1.9,-0.5,0.4,,2026
76,Myles Turner,29,MIL,C,41,41,1161,13.7,.576,.610,.287,4.7,16.6,10.7,7.8,1.1,5.0,8.6,18.2,0.9,1.2,2.1,.086,-0.6,-0.2,-0.8,0.3,,2026
77,Duncan Robinson,31,DET,SF,40,40,1157,11.8,.618,.786,.160,1.4,9.0,5.3,8.8,1.2,1.2,6.6,15.0,1.8,1.4,3.2,.134,0.3,0.1,0.4,0.7,,2026
78,Ivica Zubac,28,LAC,C,37,36,1155,19.0,.628,.000,.279,13.5,26.7,20.3,12.3,0.6,2.8,14.4,19.5,2.2,1.1,3.2,.135,0.9,-1.0,-0.1,0.5,,2026
79,Naz Reid,26,MIN,C,44,2,1153,16.8,.593,.544,.136,5.0,20.8,13.0,13.4,1.6,2.8,11.1,22.1,1.3,1.7,3.0,.126,1.2,0.8,2.0,1.2,,2026
80,Jake LaRavia,24,LAL,PF,42,21,1148,12.5,.576,.469,.267,6.7,11.1,9.0,10.1,2.3,1.2,11.5,14.8,1.2,0.9,2.1,.089,-1.0,0.0,-1.0,0.3,,2026
81,Santi Aldama,25,MEM,PF,41,9,1147,16.3,.572,.423,.236,5.9,19.3,12.7,16.1,1.5,2.4,9.6,19.9,1.3,1.5,2.8,.118,1.2,0.9,2.1,1.2,,2026
82,Cason Wallace,22,OKC,SG,43,34,1140,10.7,.526,.568,.098,3.5,8.8,6.3,9.9,3.8,0.9,11.8,12.9,0.2,2.5,2.7,.112,-2.7,3.4,0.7,0.8,,2026
83,Jaylen Wells,22,MEM,SG,42,42,1136,10.1,.528,.520,.256,3.7,9.9,6.8,8.8,1.5,0.2,8.7,18.8,0.1,1.0,1.2,.049,-2.8,-0.6,-3.4,-0.4,,2026
84,De'Aaron Fox,28,SAS,PG,35,35,1136,17.9,.574,.376,.257,2.4,11.3,6.9,28.5,1.9,0.7,12.4,26.0,1.5,1.4,3.0,.126,1.8,0.5,2.3,1.2,,2026
85,Chet Holmgren,23,OKC,PF,39,39,1135,21.5,.662,.310,.334,7.1,23.7,15.8,8.1,1.0,6.7,11.3,22.5,2.4,2.7,5.1,.215,2.1,1.7,3.8,1.7,,2026
86,Ajay Mitchell,23,OKC,SG,43,9,1129,17.2,.590,.300,.287,2.9,11.1,7.2,19.5,2.6,1.2,11.7,22.3,1.6,2.2,3.8,.162,0.4,1.7,2.1,1.1,,2026
87,Jaime Jaquez Jr.,24,MIA,SF,39,1,1125,15.7,.575,.144,.277,4.7,14.2,9.4,23.9,1.3,0.6,14.1,22.3,1.0,1.2,2.2,.094,-0.1,0.3,0.2,0.6,,2026
88,Michael Porter Jr.,27,BRK,SF,34,34,1120,21.2,.616,.509,.226,4.4,22.5,13.0,18.7,1.6,0.6,11.1,30.5,1.6,0.9,2.5,.106,5.0,-1.0,4.1,1.7,,2026
89,Andrew Nembhard,26,IND,PG,35,35,1117,15.5,.560,.370,.307,1.4,7.8,4.5,35.6,1.4,0.4,13.1,23.6,1.2,0.6,1.8,.078,0.8,-1.9,-1.1,0.3,,2026
90,Sion James,23,CHO,SG,44,18,1112,8.3,.550,.593,.310,2.7,12.4,7.7,10.2,1.2,1.4,12.2,10.6,0.8,0.7,1.5,.067,-3.1,0.4,-2.7,-0.2,,2026
91,OG Anunoby,28,NYK,PF,34,34,1111,14.2,.578,.465,.318,4.6,14.0,9.2,9.4,2.5,2.2,13.5,19.9,0.8,1.3,2.1,.092,-0.6,0.4,-0.2,0.5,,2026
92,Bam Adebayo,28,MIA,C,36,36,1107,16.6,.544,.304,.300,6.3,26.0,16.1,13.1,1.4,2.2,10.0,23.2,0.6,1.7,2.3,.101,0.5,0.8,1.2,0.9,,2026
93,Stephen Curry,37,GSW,PG,35,35,1106,22.6,.634,.602,.266,1.5,11.6,6.5,28.0,1.7,1.2,11.6,32.3,2.7,1.1,3.8,.164,6.3,-0.9,5.4,2.1,,2026
94,Nikola Jokić,30,DEN,C,32,32,1106,36.0,.713,.275,.425,10.4,28.7,20.0,53.7,1.9,2.0,14.5,30.7,7.1,1.5,8.6,.375,12.2,4.3,16.4,5.1,,2026
95,Jaylon Tyson,23,CLE,SG,40,25,1098,15.6,.629,.438,.157,7.9,13.6,10.7,11.0,1.7,1.6,11.9,18.4,1.7,1.1,2.8,.124,0.8,-0.2,0.7,0.7,,2026
96,Donovan Clingan,21,POR,C,40,40,1095,19.4,.614,.360,.329,17.1,26.2,21.6,10.3,0.8,4.1,9.8,15.1,2.8,1.4,4.2,.183,2.1,-0.3,1.8,1.1,,2026
97,John Collins,28,LAC,PF,40,31,1094,15.8,.655,.347,.220,5.9,14.5,10.4,4.8,1.6,3.1,12.0,18.7,1.5,0.9,2.4,.103,0.0,-0.5,-0.5,0.4,,2026
98,Paolo Banchero,23,ORL,PF,32,32,1085,17.1,.550,.236,.472,3.3,25.3,14.2,22.7,1.0,1.8,13.1,27.0,0.6,1.4,1.9,.086,0.7,0.4,1.2,0.9,,2026
99,Stephon Castle,21,SAS,PG,35,35,1079,15.6,.556,.317,.493,4.0,13.4,8.7,33.0,2.0,0.8,19.1,25.7,0.5,1.5,2.0,.089,-0.4,0.6,0.2,0.6,,2026
100,Bruce Brown,29,DEN,SG,44,2,1077,9.8,.523,.235,.224,5.4,13.2,9.5,11.5,1.9,0.9,13.3,13.8,0.4,0.8,1.2,.054,-3.1,-0.3,-3.4,-0.4,,2026
101,Deandre Ayton,27,LAL,C,37,37,1076,18.5,.688,.000,.191,10.3,24.7,17.7,4.6,1.2,3.2,13.2,17.4,2.0,1.1,3.1,.137,0.1,-0.9,-0.8,0.3,,2026
102,Zach LaVine,30,SAC,SG,33,32,1074,14.6,.621,.471,.252,0.6,9.3,4.9,11.5,1.0,0.7,11.2,23.6,1.0,0.1,1.2,.051,0.5,-2.1,-1.6,0.1,,2026
103,Kyle Kuzma,30,MIL,PF,41,17,1067,13.5,.578,.301,.296,4.0,15.6,9.8,12.0,1.2,1.9,12.3,20.9,0.5,0.8,1.3,.060,-1.8,-1.0,-2.9,-0.2,,2026
104,De'Andre Hunter,28,CLE,SF,40,23,1062,11.8,.555,.494,.293,2.8,15.2,8.9,11.4,1.2,0.5,12.0,22.1,0.3,0.9,1.2,.056,-2.2,-1.3,-3.5,-0.4,,2026
105,Moses Moody,23,GSW,SG,43,32,1050,12.4,.583,.661,.187,3.8,10.1,6.9,8.6,1.8,2.2,8.8,17.3,0.9,1.1,2.0,.093,-0.4,-0.1,-0.5,0.4,,2026
106,Keldon Johnson,26,SAS,SF,44,0,1048,19.1,.661,.343,.297,8.7,19.0,13.9,7.9,1.5,0.4,8.7,19.4,2.7,1.4,4.1,.188,2.5,0.2,2.6,1.2,,2026
107,Jarace Walker,22,IND,PF,45,13,1044,9.2,.507,.523,.225,1.9,18.3,9.7,12.0,1.4,1.3,14.0,19.3,-1.0,1.0,-0.1,-0.003,-3.0,-0.4,-3.4,-0.4,,2026
108,Anfernee Simons,26,BOS,SG,43,0,1041,15.2,.581,.580,.139,2.5,8.5,5.5,14.6,1.0,0.5,8.4,23.1,1.9,0.6,2.5,.115,1.8,-1.5,0.3,0.6,,2026
109,Cedric Coward,22,MEM,SG,39,26,1037,15.5,.589,.423,.256,6.1,19.7,13.0,15.8,1.0,1.3,12.6,21.2,1.1,1.2,2.3,.106,0.6,0.0,0.6,0.7,,2026
110,Kyshawn George,22,WAS,SF,33,33,1031,13.7,.581,.456,.214,3.2,15.7,9.4,23.3,1.6,2.5,18.7,21.9,0.2,0.5,0.7,.030,-0.8,-0.6,-1.4,0.2,,2026
111,Jamal Shead,23,TOR,PG,46,7,1030,11.6,.498,.542,.231,1.8,7.5,4.6,32.7,2.2,0.6,15.7,16.6,0.6,1.1,1.7,.081,-1.7,0.0,-1.7,0.1,,2026
112,Reed Sheppard,21,HOU,SG,41,4,1026,16.4,.576,.576,.104,1.4,9.9,5.7,18.1,2.8,2.0,9.2,20.6,2.0,1.4,3.4,.158,1.7,1.7,3.4,1.4,,2026
113,Kel'el Ware,21,MIA,C,43,27,1023,20.0,.632,.335,.177,13.8,28.7,21.2,3.3,1.7,4.2,9.6,17.4,1.9,1.9,3.8,.181,1.9,0.2,2.1,1.1,,2026
114,Devin Vassell,25,SAS,SG,32,32,1020,12.8,.561,.563,.171,1.6,11.9,6.8,10.6,1.4,1.3,6.6,18.9,1.0,1.2,2.2,.102,-0.2,0.1,-0.2,0.5,,2026
115,Neemias Queta,26,BOS,C,41,41,1019,20.6,.668,.015,.365,13.4,23.1,18.3,7.4,1.8,5.3,10.9,15.1,2.8,1.7,4.5,.212,0.9,1.1,2.1,1.1,,2026
116,Bobby Portis,30,MIL,PF,43,6,1016,16.8,.591,.390,.087,6.1,24.5,15.4,10.1,1.2,0.7,8.4,22.7,0.9,1.0,1.9,.090,1.4,-1.5,-0.2,0.5,,2026
117,Kawhi Leonard,34,LAC,SF,30,30,1013,27.3,.633,.371,.319,3.2,18.0,10.8,19.6,3.3,1.8,8.7,32.2,2.9,1.3,4.2,.200,7.1,1.0,8.1,2.6,,2026
118,Josh Hart,30,NYK,SF,33,19,1001,15.9,.609,.435,.191,5.5,22.5,13.8,22.8,2.0,1.0,18.0,16.6,1.6,1.2,2.8,.134,1.1,1.5,2.7,1.2,,2026
119,Tre Jones,26,CHI,PG,37,20,993,18.5,.645,.210,.461,2.6,9.1,5.9,29.4,2.3,0.6,12.4,17.2,2.8,0.7,3.6,.172,0.9,0.4,1.3,0.8,,2026
120,Jalen Duren,22,DET,C,35,35,992,23.5,.662,.000,.481,15.8,26.3,21.1,9.9,1.5,3.2,13.7,22.6,2.6,2.0,4.7,.225,2.5,0.5,2.9,1.2,,2026
121,Draymond Green,35,GSW,PF,37,37,990,10.5,.546,.596,.170,3.2,20.9,12.0,26.7,1.5,2.4,26.1,17.2,-0.4,1.4,1.0,.047,-2.5,1.5,-1.0,0.2,,2026
122,Ausar Thompson,23,DET,SF,38,37,988,15.3,.534,.057,.384,9.0,16.1,12.6,13.8,3.1,3.1,12.8,18.4,0.6,2.0,2.6,.127,-1.4,2.5,1.1,0.8,,2026
123,Josh Giddey,23,CHI,PG,30,30,984,19.5,.578,.338,.371,3.9,24.8,14.5,39.5,1.3,1.0,17.7,25.9,1.3,1.0,2.3,.112,2.8,0.4,3.3,1.3,,2026
124,Vit Krejci,25,ATL,PG,42,7,983,11.3,.639,.785,.121,2.1,8.2,5.1,8.9,1.7,1.2,8.5,14.5,1.1,0.7,1.8,.086,-1.4,-0.5,-1.8,0.0,,2026
125,Moussa Diabaté,24,CHO,C,40,14,983,17.3,.642,.000,.597,17.1,20.9,19.0,8.1,1.5,3.8,12.7,12.1,2.3,1.2,3.5,.171,-0.2,0.4,0.1,0.5,,2026
126,Rui Hachimura,27,LAL,PF,32,27,982,10.9,.610,.433,.128,3.1,10.1,6.7,3.9,0.9,0.8,7.4,15.0,0.9,0.4,1.3,.064,-1.1,-2.0,-3.1,-0.3,,2026
127,Cam Spencer,25,MEM,SG,41,10,973,17.3,.660,.615,.248,2.1,9.7,5.9,32.5,1.4,0.2,14.1,18.1,2.6,0.8,3.4,.168,3.0,0.0,3.0,1.2,,2026
128,P.J. Washington,27,DAL,PF,31,31,972,13.2,.539,.345,.289,4.8,19.6,12.5,8.6,1.6,3.7,13.7,21.2,-0.6,1.5,1.0,.047,-2.0,1.0,-1.0,0.2,,2026
129,Sam Hauser,28,BOS,PF,42,14,969,12.4,.598,.883,.032,3.1,14.6,8.9,7.7,1.2,1.4,7.7,15.1,1.4,0.9,2.3,.114,1.1,-0.5,0.6,0.6,,2026
130,Gary Trent Jr.,27,MIL,SG,40,17,967,7.7,.526,.722,.110,0.6,5.1,2.9,8.8,1.3,0.2,7.1,15.4,-0.1,0.4,0.3,.015,-3.2,-1.6,-4.9,-0.7,,2026
131,Ayo Dosunmu,26,CHI,SG,37,7,967,17.1,.642,.399,.210,2.6,8.1,5.4,19.8,1.4,0.9,9.3,20.2,2.1,0.5,2.6,.129,1.6,-0.9,0.8,0.7,,2026
132,Kyle Filipowski,22,UTA,C,43,15,966,13.0,.548,.349,.294,7.8,22.6,15.0,12.9,1.5,2.0,12.6,18.0,0.6,0.4,1.0,.048,-1.9,-1.0,-2.9,-0.2,,2026
133,Terance Mann,29,BRK,SG,38,35,966,11.4,.554,.401,.236,5.5,10.0,7.6,21.6,1.5,0.9,13.3,13.6,1.2,0.5,1.6,.081,-2.1,-0.2,-2.3,-0.1,,2026
134,Sandro Mamukelashvili,26,TOR,C,44,9,958,18.3,.631,.438,.219,7.8,18.5,13.1,13.1,1.5,2.7,8.4,18.4,2.0,1.3,3.4,.168,2.1,0.6,2.7,1.1,,2026
135,Luguentz Dort,26,OKC,SF,35,35,943,9.0,.549,.734,.095,3.4,11.2,7.5,5.2,1.6,2.1,8.4,13.7,0.3,1.7,2.0,.100,-2.3,1.0,-1.3,0.2,,2026
136,Marcus Smart,31,LAL,SG,33,26,938,10.2,.562,.639,.262,2.8,9.9,6.4,13.2,2.3,1.1,16.5,16.2,0.2,0.7,0.9,.048,-2.7,0.0,-2.6,-0.2,,2026
137,Mark Williams,24,PHO,C,39,35,934,22.9,.701,.004,.480,14.7,24.1,19.3,6.4,2.1,4.1,11.8,17.2,2.9,1.7,4.6,.237,2.0,0.9,2.9,1.2,,2026
138,LaMelo Ball,24,CHO,PG,34,31,928,19.3,.538,.552,.166,4.0,16.5,10.4,46.1,2.2,0.8,15.0,32.7,1.1,0.9,2.0,.105,3.9,-0.7,3.3,1.2,,2026
139,Miles McBride,25,NYK,SG,33,14,925,13.9,.606,.674,.115,2.5,8.0,5.2,13.6,1.4,0.7,7.0,17.4,1.8,0.6,2.4,.124,1.8,-0.4,1.4,0.8,,2026
140,Dennis Schröder,32,SAC,PG,35,12,922,13.8,.529,.392,.310,2.0,11.2,6.5,30.0,1.4,0.5,13.5,22.3,0.4,0.3,0.7,.036,-0.3,-1.7,-2.0,0.0,,2026
141,Kevin Huerter,27,CHI,SF,38,10,918,13.3,.566,.547,.144,2.3,13.9,8.2,14.9,1.6,2.2,10.7,19.8,0.4,0.7,1.2,.061,-1.2,-0.2,-1.4,0.1,,2026
142,Alex Sarr,20,WAS,C,33,33,918,20.6,.566,.203,.249,8.1,20.1,14.1,16.2,1.3,6.8,10.5,25.6,0.9,0.8,1.6,.085,1.8,0.1,1.9,0.9,,2026
143,Jock Landale,30,MEM,C,40,20,917,17.4,.605,.336,.253,14.1,15.5,14.8,11.2,1.1,2.1,9.5,18.6,1.8,1.0,2.9,.149,1.4,-0.5,1.0,0.7,,2026
144,Egor Dёmin,19,BRK,PG,37,30,909,11.7,.561,.703,.115,2.1,12.5,7.0,21.5,1.8,1.2,15.9,19.3,0.1,0.6,0.7,.036,-0.7,-0.5,-1.3,0.2,,2026
145,Klay Thompson,35,DAL,SF,41,8,908,11.9,.536,.720,.070,1.3,10.1,5.8,9.9,0.9,1.4,6.9,22.9,-0.1,0.8,0.7,.036,0.4,-1.1,-0.7,0.3,,2026
146,Svi Mykhailiuk,28,UTA,SF,37,37,908,10.4,.608,.664,.080,3.2,8.5,5.8,11.1,1.0,0.3,9.7,13.6,0.9,-0.2,0.7,.038,-0.4,-1.7,-2.1,0.0,,2026
147,Ace Bailey,19,UTA,SF,37,26,898,10.2,.529,.439,.100,6.6,8.9,7.7,9.6,1.4,1.6,11.4,19.0,-0.1,0.0,-0.1,-0.007,-2.2,-2.5,-4.8,-0.6,,2026
148,Jay Huff,27,IND,C,45,26,897,15.5,.595,.643,.157,5.2,15.7,10.2,9.8,1.1,9.1,10.4,17.1,0.8,1.2,2.0,.105,-0.9,2.1,1.2,0.7,,2026
149,Spencer Jones,24,DEN,SF,39,28,897,9.8,.645,.585,.240,6.0,8.8,7.5,4.7,1.9,1.5,11.3,10.4,1.0,0.6,1.6,.088,-2.1,-0.5,-2.6,-0.1,,2026
150,Isaiah Stewart,24,DET,C,38,11,893,15.0,.614,.336,.278,8.5,17.8,13.2,7.1,0.5,8.5,13.6,16.5,1.0,1.6,2.7,.143,-1.5,1.6,0.1,0.5,,2026
151,Jarrett Allen,27,CLE,C,33,33,889,18.6,.637,.024,.429,8.6,23.2,15.8,10.8,1.7,2.7,12.7,18.6,1.7,1.2,2.9,.156,0.2,0.7,0.9,0.6,,2026
152,Zaccharie Risacher,20,ATL,SF,36,36,887,11.7,.558,.470,.157,4.1,10.6,7.3,8.1,1.7,2.0,8.4,18.6,0.2,0.7,0.9,.050,-2.2,-1.0,-3.2,-0.3,,2026
153,Jusuf Nurkić,31,UTA,C,34,29,887,16.8,.557,.189,.320,11.1,32.0,21.4,24.6,2.4,1.6,19.8,19.2,0.5,0.8,1.3,.072,-0.4,1.3,0.9,0.7,,2026
154,Jordan Goodwin,27,PHO,PG,41,2,886,14.6,.511,.515,.099,9.5,14.9,12.1,14.7,3.2,0.9,11.1,19.1,0.6,1.4,1.9,.105,0.4,1.4,1.8,0.9,,2026
155,Oso Ighodaro,23,PHO,PF,44,7,877,11.8,.611,.006,.341,7.3,17.0,12.1,11.8,2.3,2.6,21.6,11.9,0.5,1.3,1.8,.100,-3.3,2.4,-0.9,0.2,,2026
156,Luke Kornet,30,SAS,C,36,22,874,18.9,.710,.000,.448,13.6,16.6,15.1,10.9,0.9,5.0,7.5,10.8,3.0,1.3,4.3,.234,1.8,2.0,3.7,1.3,,2026
157,Isaac Okoro,25,CHI,SG,35,35,874,9.9,.576,.459,.223,5.1,6.6,5.9,7.6,1.1,1.8,7.9,13.4,0.8,0.4,1.2,.067,-3.1,-1.1,-4.1,-0.5,,2026
158,Kris Murray,25,POR,SF,34,11,874,9.2,.535,.446,.240,7.5,9.5,8.4,6.4,2.2,1.4,13.8,10.4,0.4,0.8,1.2,.065,-2.7,0.8,-1.9,0.0,,2026
159,Tre Johnson,19,WAS,SG,35,17,866,12.1,.576,.520,.147,2.0,10.1,6.0,12.1,1.3,1.1,12.1,20.7,0.3,0.1,0.3,.019,-0.8,-2.0,-2.9,-0.2,,2026
160,Maxime Raynaud,22,SAC,C,37,23,864,14.2,.582,.103,.217,8.5,23.2,15.7,7.4,0.9,1.9,10.2,17.5,0.8,0.5,1.3,.073,-2.0,-1.3,-3.3,-0.3,,2026
161,Zion Williamson,25,NOP,PF,30,23,864,23.8,.626,.007,.575,8.0,13.7,10.8,20.1,1.9,1.9,11.9,28.7,2.1,0.4,2.5,.140,4.0,-0.8,3.2,1.1,,2026
162,Victor Wembanyama,22,SAS,C,30,21,861,27.9,.621,.284,.408,7.6,32.8,20.3,17.2,1.4,8.1,12.1,32.8,1.9,2.0,3.9,.217,5.7,3.4,9.1,2.4,,2026
163,Jordan Clarkson,33,NYK,SG,44,0,859,10.3,.531,.480,.172,4.4,6.0,5.2,9.6,1.2,0.7,10.6,21.6,0.2,0.5,0.6,.034,-2.5,-2.1,-4.6,-0.6,,2026
164,Kentavious Caldwell-Pope,32,MEM,SG,41,13,859,11.5,.546,.502,.211,2.0,10.3,6.2,19.1,1.9,0.9,14.1,17.4,0.3,0.9,1.2,.067,-1.7,0.5,-1.2,0.2,,2026
165,Brice Sensabaugh,22,UTA,SF,41,9,858,13.6,.585,.547,.225,4.4,11.4,7.8,10.9,1.5,0.6,10.9,22.1,0.6,0.0,0.6,.035,-0.2,-2.6,-2.8,-0.2,,2026
166,Cameron Johnson,29,DEN,SF,28,28,857,11.3,.604,.514,.237,2.8,10.1,6.6,10.1,1.0,0.8,9.1,15.2,1.0,0.4,1.4,.079,-0.6,-1.7,-2.3,0.0,,2026
167,Franz Wagner,24,ORL,SF,26,26,854,19.8,.593,.258,.418,5.2,15.3,10.2,17.4,1.6,0.9,8.8,26.2,1.8,0.9,2.7,.151,2.9,0.0,2.9,1.1,,2026
168,Tristan Da Silva,24,ORL,SF,37,13,853,11.7,.560,.497,.127,3.8,13.2,8.5,7.2,1.7,0.8,9.4,17.2,0.4,0.9,1.2,.070,-1.0,-0.2,-1.2,0.2,,2026
169,Nicolas Batum,37,LAC,PF,42,4,847,8.2,.601,.950,.069,2.4,12.2,7.5,5.3,2.0,2.0,13.6,10.0,0.3,0.6,0.9,.051,-1.9,0.4,-1.5,0.1,,2026
170,Giannis Antetokounmpo,31,MIL,PF,29,29,844,33.6,.677,.079,.589,11.3,27.3,19.4,39.2,1.6,2.5,13.7,36.6,3.5,1.1,4.6,.261,8.1,2.3,10.4,2.6,,2026
171,Brandon Williams,26,DAL,PG,38,11,838,15.0,.539,.270,.415,2.9,10.5,6.8,24.5,2.4,0.9,14.7,25.0,0.0,1.1,1.1,.063,-1.7,0.6,-1.0,0.2,,2026
172,Sidy Cissoko,21,POR,SF,39,19,837,7.1,.533,.629,.273,4.3,7.1,5.7,9.2,1.5,1.3,15.5,13.2,0.1,0.5,0.6,.036,-4.0,-0.2,-4.2,-0.5,,2026
173,Isaiah Collier,21,UTA,PG,36,5,837,13.5,.581,.220,.435,1.8,9.2,5.4,39.2,1.5,1.4,22.4,17.6,0.8,0.0,0.8,.049,-0.9,-2.0,-2.9,-0.2,,2026
174,Jerami Grant,31,POR,PF,28,14,834,16.9,.607,.462,.480,4.0,10.4,7.2,13.8,1.1,1.9,11.4,25.2,1.7,0.6,2.2,.128,2.1,-1.1,1.0,0.6,,2026
175,Ron Holland,20,DET,SF,40,5,832,11.4,.501,.356,.281,5.8,17.0,11.5,9.2,3.2,1.7,14.1,18.8,-0.3,1.7,1.3,.077,-3.5,1.8,-1.7,0.1,,2026
176,LeBron James,41,LAL,SF,25,25,830,21.9,.598,.296,.360,2.6,18.2,10.6,34.0,1.5,1.9,13.1,28.2,1.7,0.7,2.4,.139,4.6,0.0,4.6,1.4,,2026
177,Pelle Larsson,24,MIA,SG,36,23,828,12.6,.574,.402,.340,3.2,9.7,6.4,18.5,1.1,0.9,10.0,16.2,1.1,0.7,1.8,.106,-1.2,0.3,-0.9,0.2,,2026
178,Malik Monk,27,SAC,SG,37,0,818,13.7,.576,.471,.176,1.5,9.0,5.2,16.6,1.4,1.4,11.9,23.2,0.3,0.2,0.5,.031,0.1,-1.6,-1.4,0.1,,2026
179,Luke Kennard,29,ATL,SG,40,0,815,13.1,.694,.624,.143,2.1,8.5,5.3,14.0,1.8,0.2,11.5,12.9,1.4,0.6,2.0,.116,-0.4,0.0,-0.4,0.3,,2026
180,Dean Wade,29,CLE,PF,36,15,814,9.6,.534,.741,.184,3.8,15.9,9.8,8.8,1.5,1.6,5.5,10.1,0.7,0.8,1.6,.093,-1.9,0.9,-1.1,0.2,,2026
181,Collin Sexton,27,CHO,SG,35,12,814,17.2,.611,.329,.387,2.3,7.5,4.9,27.0,1.6,0.6,15.6,25.9,1.4,0.5,1.9,.112,1.3,-1.2,0.1,0.4,,2026
182,Brandon Miller,23,CHO,SF,27,27,814,15.3,.542,.480,.220,4.0,11.8,8.0,18.1,1.6,3.0,12.3,29.3,0.2,0.7,0.9,.052,0.2,-1.0,-0.8,0.3,,2026
183,Javonte Green,32,DET,SG,42,4,812,13.0,.587,.556,.269,4.1,11.2,7.7,5.2,3.5,2.0,9.7,14.6,0.8,1.6,2.3,.137,-1.4,2.6,1.2,0.7,,2026
184,Austin Reaves,27,LAL,SG,23,22,812,23.1,.666,.456,.528,2.4,14.6,8.7,28.0,1.3,0.6,14.0,28.5,2.7,0.5,3.2,.187,5.2,-1.0,4.1,1.3,,2026
185,Quinten Post,25,GSW,PF,45,31,811,13.3,.568,.652,.077,6.1,18.8,12.4,11.5,1.2,2.7,10.1,18.6,0.6,1.0,1.6,.096,-0.5,0.2,-0.3,0.3,,2026
186,Josh Okogie,27,HOU,SG,41,25,798,10.0,.557,.539,.267,6.6,9.0,7.8,5.8,2.4,0.9,13.0,12.1,0.6,0.9,1.5,.093,-2.3,1.1,-1.2,0.1,,2026
187,Collin Murray-Boyles,20,TOR,PF,37,13,796,14.9,.585,.194,.239,13.0,13.6,13.3,12.6,2.0,3.2,14.3,15.3,1.0,1.1,2.1,.129,-0.9,1.2,0.3,0.5,,2026
188,Precious Achiuwa,26,SAC,C,38,24,794,14.8,.558,.190,.303,9.8,20.1,14.8,8.1,1.9,2.5,8.1,15.3,0.8,0.6,1.4,.087,-0.8,-0.1,-0.9,0.2,,2026
189,Grayson Allen,30,PHO,SG,27,19,794,15.7,.577,.688,.178,2.5,8.7,5.5,19.0,2.5,1.1,10.4,22.4,1.2,0.9,2.1,.126,1.6,0.4,2.0,0.8,,2026
190,Darius Garland,26,CLE,PG,26,26,792,15.4,.567,.435,.210,1.6,7.0,4.3,33.5,1.3,0.3,15.1,25.3,0.9,0.5,1.3,.081,0.8,-2.5,-1.7,0.0,,2026
191,Caleb Love,24,POR,SG,36,1,788,11.3,.508,.603,.115,2.6,10.8,6.6,17.8,1.3,0.5,10.3,22.5,0.1,0.5,0.6,.035,-1.0,-1.5,-2.5,-0.1,,2026
192,Ryan Kalkbrenner,24,CHO,C,32,26,779,17.6,.775,.013,.348,11.8,16.9,14.4,4.1,1.3,5.6,15.6,11.4,1.7,0.9,2.6,.162,0.1,0.8,0.9,0.6,,2026
193,Ryan Dunn,23,PHO,SF,37,11,776,11.6,.539,.458,.123,8.3,15.4,11.8,11.2,2.2,2.2,14.9,14.2,0.4,1.1,1.5,.092,-2.1,1.2,-0.9,0.2,,2026
194,Jose Alvarado,27,NOP,PG,35,0,776,11.2,.558,.651,.097,1.8,12.3,6.9,19.9,2.2,0.5,15.4,15.7,0.4,0.3,0.7,.044,-1.9,-0.5,-2.4,-0.1,,2026
195,Dominick Barlow,22,PHI,PF,32,29,776,13.9,.616,.254,.286,9.5,13.7,11.6,7.4,1.7,2.7,12.4,13.1,1.1,0.9,2.0,.126,-1.1,0.5,-0.6,0.3,,2026
196,Ben Sheppard,24,IND,SG,34,12,773,8.1,.500,.626,.167,2.9,13.1,7.8,10.8,1.2,0.5,7.2,12.8,0.1,0.5,0.6,.040,-3.4,-0.1,-3.5,-0.3,,2026
197,Kevin Porter Jr.,25,MIL,PG,23,22,773,17.0,.563,.353,.323,2.5,14.4,8.5,32.4,3.1,1.3,18.0,23.9,0.5,0.9,1.4,.089,0.3,0.8,1.1,0.6,,2026
198,Bennedict Mathurin,23,IND,SF,24,24,772,12.4,.577,.457,.382,2.5,16.3,9.2,10.4,1.0,0.5,13.3,23.3,0.1,0.5,0.6,.039,-1.4,-1.6,-3.0,-0.2,,2026
199,Will Richard,23,GSW,SG,40,15,771,12.3,.626,.604,.208,5.5,8.9,7.2,9.5,2.6,0.6,12.1,14.1,1.0,0.9,1.8,.114,-1.4,0.9,-0.5,0.3,,2026
200,Nique Clifford,23,SAC,SG,41,3,765,6.8,.487,.457,.163,4.0,13.8,8.8,9.5,1.4,1.4,16.8,15.0,-0.8,0.3,-0.5,-0.028,-4.9,-0.9,-5.9,-0.7,,2026
201,Gradey Dick,22,TOR,SG,46,1,750,10.4,.541,.539,.232,4.1,10.9,7.5,5.6,2.0,0.7,7.9,17.2,0.2,0.9,1.1,.071,-3.1,-0.3,-3.4,-0.3,,2026
202,Tobias Harris,33,DET,PF,27,27,743,14.2,.567,.375,.239,4.1,14.5,9.3,12.8,1.3,0.9,8.5,19.5,1.0,1.0,2.1,.133,0.2,0.2,0.4,0.5,,2026
203,Justin Champagnie,24,WAS,SF,40,10,740,16.4,.583,.350,.238,11.8,20.5,16.2,7.8,1.9,2.6,8.5,15.2,1.2,0.5,1.7,.112,0.0,-0.9,-0.8,0.2,,2026
204,Dylan Harper,19,SAS,SG,34,0,732,13.6,.502,.275,.211,3.7,12.1,8.0,24.5,2.0,0.9,11.8,23.3,0.1,1.0,1.0,.068,-1.9,0.9,-1.0,0.2,,2026
205,Steven Adams,32,HOU,C,32,11,730,15.9,.535,.000,.583,22.2,19.9,21.0,8.3,1.5,2.5,16.7,12.0,1.1,1.0,2.1,.140,0.0,-0.3,-0.3,0.3,,2026
206,Jordan Walsh,21,BOS,PF,38,20,726,14.4,.669,.425,.203,8.0,18.6,13.3,5.7,2.3,2.5,10.7,11.1,1.4,1.1,2.5,.164,-0.6,1.5,0.8,0.5,,2026
207,Aaron Nesmith,26,IND,SF,24,21,725,9.9,.493,.576,.231,5.1,13.5,9.2,10.2,1.1,1.7,9.6,20.5,-0.4,0.5,0.2,.011,-2.7,-1.4,-4.0,-0.4,,2026
208,Day'Ron Sharpe,24,BRK,C,40,3,723,20.1,.647,.149,.488,14.5,25.7,19.8,21.0,2.7,2.3,20.0,18.4,1.4,1.0,2.4,.156,0.4,1.5,1.9,0.7,,2026
209,Kobe Sanders,23,LAC,SG,35,8,720,7.9,.560,.476,.194,2.7,10.4,6.7,10.4,1.5,0.5,17.8,15.6,-0.2,0.3,0.1,.009,-4.1,-1.0,-5.1,-0.6,,2026
210,Patrick Williams,24,CHI,PF,39,1,719,8.9,.502,.536,.174,3.8,13.1,8.5,8.4,1.8,1.2,11.8,16.8,-0.4,0.6,0.1,.009,-3.2,-1.0,-4.1,-0.4,,2026
211,Aaron Wiggins,27,OKC,SG,31,11,718,13.1,.571,.543,.108,2.9,12.5,7.9,10.0,1.7,2.8,10.5,18.9,0.3,1.3,1.6,.108,0.0,0.6,0.7,0.5,,2026
212,Dru Smith,28,MIA,SG,43,1,715,14.1,.543,.419,.329,4.3,10.2,7.2,19.5,3.9,1.6,14.0,15.9,0.5,1.2,1.7,.117,-1.7,3.6,1.9,0.7,,2026
213,Walter Clayton,22,UTA,PG,39,0,715,11.5,.554,.561,.254,1.9,10.6,6.2,25.1,1.5,1.1,15.6,17.3,0.6,0.0,0.6,.038,-1.3,-1.4,-2.7,-0.1,,2026
214,Yves Missi,21,NOP,C,38,7,713,15.5,.563,.006,.299,16.8,15.1,16.0,8.7,0.9,6.7,13.5,12.5,1.0,0.4,1.5,.098,-1.1,-1.0,-2.1,0.0,,2026
215,Jalen Williams,24,OKC,SG,24,24,711,17.8,.542,.179,.250,2.6,14.3,8.7,27.7,2.2,1.3,11.2,25.5,0.6,1.4,2.0,.138,0.4,1.2,1.6,0.7,,2026
216,Mouhamed Gueye,23,ATL,PF,44,4,710,11.0,.514,.430,.199,7.7,16.4,12.0,7.9,2.4,3.2,11.4,13.4,0.1,0.9,1.0,.068,-3.6,0.7,-2.9,-0.2,,2026
217,Craig Porter Jr.,25,CLE,PG,40,2,707,14.6,.544,.341,.156,8.9,12.9,10.9,21.8,2.5,3.4,17.2,12.6,0.9,0.9,1.8,.124,0.6,2.3,2.8,0.9,,2026
218,Mike Conley,38,MIN,PG,38,8,707,9.5,.525,.742,.271,2.1,8.0,5.1,19.4,1.5,0.9,11.7,11.7,0.8,0.6,1.4,.097,-2.2,0.6,-1.6,0.1,,2026
219,Khris Middleton,34,WAS,SF,29,29,706,11.3,.524,.324,.231,4.2,13.3,8.7,19.3,1.5,1.0,14.5,18.8,0.1,0.2,0.3,.018,-2.8,-1.4,-4.1,-0.4,,2026
220,Isaiah Joe,26,OKC,SG,36,0,705,14.3,.645,.817,.254,2.8,10.9,7.0,8.8,1.2,0.8,7.6,17.7,1.3,1.1,2.5,.167,1.4,-0.1,1.3,0.6,,2026
221,Andre Drummond,32,PHI,C,35,16,701,17.4,.565,.244,.301,18.4,31.0,24.6,5.4,1.3,3.9,12.1,14.9,1.1,1.2,2.3,.157,0.1,-0.5,-0.4,0.3,,2026
222,Jordan Poole,26,NOP,PG,27,6,698,11.7,.537,.618,.294,0.9,6.6,3.7,17.2,1.3,1.2,12.2,25.3,0.1,0.1,0.1,.008,-0.8,-2.6,-3.4,-0.2,,2026
223,RJ Barrett,25,TOR,SF,23,23,698,17.6,.587,.366,.304,2.8,16.0,9.3,18.9,1.3,0.6,8.6,25.6,0.9,0.8,1.7,.119,1.5,-0.7,0.8,0.5,,2026
224,Ziaire Williams,24,BRK,SF,31,4,697,11.4,.582,.706,.290,2.7,9.8,6.1,4.4,2.6,2.2,10.7,17.5,0.2,0.6,0.8,.055,-2.3,0.1,-2.2,0.0,,2026
225,Marvin Bagley III,26,WAS,PF,36,7,696,20.1,.660,.078,.403,14.1,16.8,15.5,11.6,1.3,3.3,13.7,18.9,1.7,0.3,2.0,.139,1.5,-1.1,0.4,0.4,,2026
226,Jalen Smith,25,CHI,C,36,6,690,17.5,.578,.549,.220,11.2,26.8,19.2,9.9,1.0,4.1,10.1,20.0,0.9,0.8,1.7,.119,0.3,-0.9,-0.5,0.3,,2026
227,Paul George,35,PHI,PF,23,23,686,15.5,.553,.488,.237,2.0,17.5,9.6,18.5,2.2,1.6,10.8,22.7,0.6,0.9,1.4,.101,0.5,0.5,1.1,0.5,,2026
228,Keegan Murray,25,SAC,PF,19,18,683,12.0,.502,.355,.147,4.8,14.3,9.5,6.1,1.6,3.9,7.4,18.6,-0.2,0.4,0.2,.015,-2.1,-0.6,-2.7,-0.1,,2026
229,Joel Embiid,31,PHI,C,23,23,682,22.8,.587,.234,.464,7.4,18.6,12.9,19.6,1.0,3.4,12.5,33.4,1.1,0.8,1.9,.134,3.4,-0.3,3.1,0.9,,2026
230,Simone Fontecchio,30,MIA,SF,41,1,677,12.4,.561,.707,.228,4.2,14.6,9.4,11.3,1.3,0.8,10.3,20.3,0.4,0.7,1.1,.079,-0.2,-0.2,-0.3,0.3,,2026
231,Tyus Jones,29,ORL,PG,42,8,675,8.6,.449,.648,.042,1.3,6.2,3.7,18.8,2.2,0.4,7.1,9.7,0.3,0.6,0.9,.067,-2.9,1.3,-1.6,0.1,,2026
232,Keon Ellis,26,SAC,SG,39,5,675,8.9,.520,.681,.162,2.3,6.4,4.3,4.6,3.1,2.5,8.7,13.8,-0.2,0.5,0.3,.021,-3.4,1.1,-2.3,-0.1,,2026
233,Bilal Coulibaly,21,WAS,SG,25,25,664,11.6,.513,.421,.407,3.7,14.9,9.3,12.7,2.6,3.1,14.0,18.0,-0.2,0.5,0.3,.023,-3.3,0.2,-3.2,-0.2,,2026
234,Tyrese Martin,26,BRK,SG,34,6,656,11.8,.527,.592,.109,5.4,12.3,8.7,16.0,1.7,0.6,11.4,18.7,0.1,0.4,0.5,.035,-0.8,-1.3,-2.1,0.0,,2026
235,Ja'Kobe Walter,21,TOR,SG,37,9,654,10.3,.577,.663,.199,4.4,9.0,6.7,6.4,2.4,0.9,8.8,14.0,0.5,0.8,1.2,.092,-2.5,1.0,-1.5,0.1,,2026
236,Jarred Vanderbilt,26,LAL,PF,33,3,653,10.7,.569,.417,.244,10.2,20.5,15.5,8.5,1.9,1.7,21.3,11.8,0.3,0.7,0.9,.068,-2.4,0.1,-2.3,0.0,,2026
237,Herbert Jones,27,NOP,SF,23,23,651,9.5,.502,.473,.158,4.1,10.1,7.1,10.7,2.8,1.0,12.1,15.8,-0.1,0.4,0.3,.019,-3.7,0.0,-3.6,-0.3,,2026
238,Buddy Hield,33,GSW,SG,38,3,646,13.5,.588,.667,.108,4.2,11.7,7.9,12.0,2.4,0.8,12.1,19.4,0.4,0.8,1.2,.088,-0.3,0.2,0.0,0.3,,2026
239,Isaiah Hartenstein,27,OKC,C,24,24,645,19.5,.656,.022,.317,14.4,27.1,21.1,15.1,2.0,2.8,19.6,17.1,1.3,1.6,2.9,.217,0.7,2.3,3.0,0.8,,2026
240,Goga Bitadze,26,ORL,C,38,1,640,20.5,.714,.071,.369,14.2,20.4,17.3,10.6,2.3,6.5,11.8,12.2,1.8,1.2,3.0,.225,0.9,2.7,3.6,0.9,,2026
241,Ryan Nembhard,22,DAL,PG,31,17,638,11.0,.533,.357,.052,1.0,8.7,5.0,35.4,0.5,0.0,18.1,17.6,0.2,0.4,0.7,.050,-2.0,-1.9,-3.9,-0.3,,2026
242,Kelly Oubre Jr.,30,PHI,SF,20,15,638,12.5,.586,.456,.240,3.4,12.5,7.8,6.0,1.8,2.1,10.5,17.6,0.4,0.7,1.1,.083,-1.3,0.1,-1.1,0.1,,2026
243,Lonzo Ball,28,CLE,PG,30,3,636,9.8,.436,.826,.124,4.2,15.8,9.9,23.9,2.8,1.2,20.9,14.0,-0.3,0.8,0.6,.042,-2.8,1.5,-1.3,0.1,,2026
244,Coby White,25,CHI,SG,22,19,627,15.2,.600,.521,.373,1.0,12.0,6.6,23.5,1.3,0.3,16.3,27.3,0.3,0.3,0.7,.050,-0.7,-2.3,-3.1,-0.2,,2026
245,Anthony Davis,32,DAL,PF,20,20,626,21.7,.551,.111,.243,10.8,26.1,18.7,14.9,1.7,4.4,10.0,27.6,0.4,1.2,1.6,.120,1.4,1.1,2.5,0.7,,2026
246,Nikola Jović,22,MIA,PF,33,1,624,10.2,.497,.519,.321,2.8,17.5,10.1,18.7,1.6,1.9,17.2,21.2,-0.7,0.8,0.2,.014,-3.2,0.5,-2.7,-0.1,,2026
247,Sam Merrill,29,CLE,SG,24,15,619,14.9,.676,.813,.148,2.8,7.2,5.0,12.6,1.3,0.4,8.2,17.8,1.5,0.4,1.9,.144,2.0,-0.9,1.1,0.5,,2026
248,Caris LeVert,31,DET,SG,31,0,612,11.7,.541,.490,.260,1.5,8.5,5.0,19.3,2.2,3.2,16.2,18.2,0.1,1.0,1.1,.083,-1.4,1.4,-0.1,0.3,,2026
249,Micah Peavy,24,NOP,SG,38,1,611,9.5,.466,.364,.077,6.1,9.3,7.7,10.0,2.2,0.9,5.6,14.5,0.1,0.2,0.3,.027,-3.6,-1.0,-4.5,-0.4,,2026
250,Brook Lopez,37,LAC,C,36,7,611,9.5,.497,.735,.121,2.6,14.9,8.9,7.1,1.5,5.6,11.4,18.6,-0.5,0.6,0.0,.003,-3.0,-0.2,-3.2,-0.2,,2026
251,Ochai Agbaji,25,TOR,SG,37,13,606,7.3,.489,.386,.171,5.1,10.9,7.9,6.0,1.3,1.6,8.6,13.0,0.0,0.6,0.6,.046,-5.0,-0.1,-5.0,-0.5,,2026
252,Vince Williams Jr.,25,MEM,PG,28,11,605,10.3,.470,.595,.167,3.7,16.0,9.9,28.8,1.6,2.0,19.0,19.0,-0.4,0.8,0.4,.028,-2.2,1.3,-0.9,0.2,,2026
253,Daniel Gafford,27,DAL,C,29,20,602,16.2,.670,.000,.479,10.5,22.2,16.5,5.5,1.8,5.3,18.7,14.6,0.7,1.1,1.8,.147,-2.4,2.1,-0.3,0.3,,2026
254,Jaxson Hayes,25,LAL,C,34,4,599,15.9,.762,.009,.566,10.1,16.8,13.5,6.5,1.0,3.2,11.9,11.6,1.6,0.5,2.0,.163,-0.4,-0.1,-0.5,0.2,,2026
255,Mitchell Robinson,27,NYK,C,31,13,597,20.5,.629,.000,.552,27.0,24.8,25.9,7.1,2.1,6.2,15.6,9.9,1.7,1.0,2.7,.217,2.0,0.5,2.5,0.7,,2026
256,Drake Powell,20,BRK,SG,31,6,594,9.0,.566,.491,.226,1.1,8.8,4.8,13.6,1.5,0.8,14.6,15.0,0.1,0.3,0.4,.029,-4.0,-0.7,-4.7,-0.4,,2026
257,Aaron Gordon,30,DEN,PF,21,18,593,20.4,.638,.385,.393,6.0,18.5,12.5,12.4,1.1,0.6,7.2,23.5,1.6,0.4,2.0,.165,3.9,-1.4,2.4,0.6,,2026
258,Jalen Suggs,24,ORL,PG,23,23,584,18.2,.601,.518,.272,3.2,12.7,7.9,28.1,3.5,1.8,17.5,25.0,0.5,0.9,1.4,.119,1.5,2.3,3.8,0.9,,2026
259,Alex Caruso,31,OKC,SG,32,0,582,13.6,.538,.613,.167,3.6,13.0,8.5,14.8,3.7,2.0,12.2,15.2,0.3,1.4,1.7,.139,-0.8,3.6,2.8,0.7,,2026
260,Jaylen Clark,24,MIN,SG,41,0,578,10.2,.530,.413,.370,7.6,8.0,7.8,5.3,2.6,1.1,8.0,12.7,0.4,0.7,1.1,.094,-3.3,0.9,-2.4,-0.1,,2026
261,Luka Garza,27,BOS,C,35,1,577,20.4,.702,.317,.391,16.6,12.7,14.6,7.6,1.2,3.0,7.4,15.2,2.4,0.6,3.0,.246,2.6,-0.1,2.5,0.7,,2026
262,Ja Morant,26,MEM,PG,20,20,569,16.6,.521,.264,.363,1.5,10.5,6.1,45.0,1.7,1.0,16.0,32.2,0.0,0.6,0.6,.051,0.4,-1.7,-1.3,0.1,,2026
263,Hugo González,19,BOS,SF,38,2,565,9.9,.575,.431,.138,6.7,17.8,12.3,5.0,2.0,1.8,15.5,11.8,0.3,0.7,1.0,.084,-3.3,0.9,-2.4,-0.1,,2026
264,Adem Bona,22,PHI,C,33,3,564,12.2,.645,.062,.728,11.6,14.1,12.8,1.9,0.9,7.5,18.9,9.8,0.6,0.7,1.3,.113,-3.2,0.7,-2.5,-0.1,,2026
265,Isaiah Jackson,24,IND,C,32,14,563,15.5,.621,.007,.417,14.1,20.2,17.0,6.7,1.8,3.7,17.2,16.1,0.6,0.7,1.4,.117,-2.8,0.2,-2.6,-0.1,,2026
266,Bryce McGowens,23,NOP,SG,29,11,563,11.5,.606,.359,.438,1.9,9.7,5.7,9.1,1.4,0.7,7.6,14.6,0.8,0.1,0.9,.077,-2.2,-1.4,-3.6,-0.2,,2026
267,Daniss Jenkins,24,DET,PG,34,7,553,14.6,.547,.394,.245,3.8,7.9,5.9,28.1,2.9,1.1,17.3,21.5,0.4,0.9,1.3,.109,-0.3,0.7,0.4,0.3,,2026
268,T.J. McConnell,33,IND,PG,32,0,549,21.2,.566,.126,.048,2.6,11.8,7.0,51.7,3.2,1.1,13.0,24.2,0.9,0.6,1.5,.133,2.3,1.3,3.6,0.8,,2026
269,Nae'Qwan Tomlin,25,CLE,PF,34,2,546,14.1,.541,.362,.220,9.8,12.2,11.0,6.9,2.1,3.9,5.4,15.5,0.7,0.7,1.4,.120,-1.5,0.6,-0.9,0.1,,2026
270,Jaylin Williams,23,OKC,PF,30,4,537,11.9,.521,.782,.265,3.2,24.0,14.1,16.8,1.6,2.8,13.7,15.3,0.2,1.2,1.4,.128,-1.3,2.6,1.2,0.4,,2026
271,Cody Williams,21,UTA,SG,31,8,535,7.3,.505,.355,.123,4.2,8.7,6.4,6.1,1.0,1.6,8.4,13.7,-0.1,-0.1,-0.2,-0.015,-3.9,-2.6,-6.5,-0.6,,2026
272,Danny Wolf,21,BRK,PF,28,4,535,11.7,.512,.462,.174,5.8,20.1,12.6,14.2,1.7,1.7,12.1,19.5,-0.1,0.5,0.4,.034,-2.5,-0.5,-3.1,-0.1,,2026
273,Gary Payton II,33,GSW,SG,42,1,532,15.0,.593,.275,.082,9.5,18.4,13.9,18.6,2.1,2.2,17.3,17.0,0.5,0.8,1.3,.115,-1.1,1.4,0.3,0.3,,2026
274,Jakob Poeltl,30,TOR,C,21,21,531,16.4,.691,.000,.370,11.8,22.5,17.1,11.9,1.5,2.0,18.3,14.5,0.9,0.8,1.7,.154,-0.7,1.1,0.4,0.3,,2026
275,Jalen Pickett,26,DEN,SG,29,11,520,12.3,.580,.539,.046,3.2,14.0,8.8,19.6,0.9,0.5,12.4,14.9,0.7,0.3,0.9,.085,0.1,-1.0,-0.9,0.1,,2026
276,Jared McCain,21,PHI,SG,31,1,519,8.2,.461,.477,.128,0.8,13.4,7.0,13.0,2.1,0.2,10.0,18.5,-0.4,0.5,0.1,.010,-4.5,-0.4,-4.9,-0.4,,2026
277,Tyler Kolek,24,NYK,PG,39,1,518,11.1,.511,.425,.089,2.7,13.2,7.8,27.9,1.6,0.6,17.3,18.2,0.2,0.4,0.6,.057,-2.0,0.0,-2.1,0.0,,2026
278,Tari Eason,24,HOU,PF,22,9,518,16.8,.595,.468,.122,9.1,19.0,14.1,9.4,2.4,2.5,14.6,20.3,0.6,0.8,1.4,.133,1.3,0.7,2.0,0.5,,2026
279,Josh Minott,23,BOS,PF,29,10,510,15.7,.646,.557,.198,8.5,16.3,12.5,8.2,2.4,2.2,11.2,13.5,1.1,0.7,1.8,.166,0.9,1.0,2.0,0.5,,2026
280,Jabari Walker,23,PHI,PF,40,6,509,10.5,.515,.432,.333,10.5,18.1,14.2,5.3,1.2,2.0,10.1,13.9,0.3,0.6,0.9,.086,-3.6,-0.6,-4.3,-0.3,,2026
281,D'Angelo Russell,29,DAL,PG,26,3,495,12.4,.511,.483,.259,1.8,11.0,6.5,30.9,1.1,0.3,15.9,26.2,-0.4,0.5,0.1,.010,-0.8,-1.3,-2.1,0.0,,2026
282,Jordan Hawkins,23,NOP,SG,35,0,493,5.0,.424,.550,.107,3.0,10.9,6.9,6.9,0.8,1.4,11.1,16.8,-0.7,0.0,-0.7,-0.069,-4.7,-3.1,-7.8,-0.7,,2026
283,Al Horford,39,GSW,C,25,1,482,14.0,.538,.707,.070,5.2,22.6,13.9,14.3,1.9,4.9,12.4,16.2,0.2,0.8,1.0,.103,-0.2,1.8,1.6,0.4,,2026
284,Bones Hyland,25,MIN,PG,35,3,479,14.5,.584,.610,.176,1.4,9.0,5.3,25.8,1.7,1.5,12.1,19.6,0.8,0.5,1.3,.126,0.1,0.4,0.5,0.3,,2026
285,Corey Kispert,26,2TM,SF,25,4,479,13.5,.625,.642,.289,2.2,10.4,6.3,11.8,1.3,0.6,10.0,17.4,0.7,0.1,0.8,.076,0.2,-1.9,-1.7,0.0,,2026
285,Corey Kispert,26,WAS,SF,19,2,370,14.1,.649,.639,.286,1.7,10.8,6.3,12.3,1.0,0.7,9.5,16.7,0.7,0.0,0.7,.086,0.9,-2.0,-1.1,0.1,,2026
285,Corey Kispert,26,ATL,SF,6,2,109,11.4,.552,.650,.300,3.9,9.1,6.5,9.8,2.1,0.0,11.7,19.7,0.0,0.1,0.1,.041,-2.2,-1.6,-3.8,-0.1,,2026
286,Robert Williams,28,POR,C,30,1,478,21.9,.751,.100,.218,13.4,28.8,21.0,9.3,1.8,7.1,13.6,11.9,1.3,0.9,2.2,.217,2.6,2.3,4.9,0.8,,2026
287,Jrue Holiday,35,POR,PG,16,14,478,16.8,.553,.520,.157,4.5,13.8,9.1,36.4,2.3,0.6,16.1,22.1,0.7,0.5,1.1,.113,2.2,-0.1,2.2,0.5,,2026
288,Gary Harris,31,MIL,SG,33,1,477,8.4,.681,.603,.111,2.2,9.2,5.7,9.1,2.0,1.0,16.4,7.3,0.4,0.4,0.8,.080,-3.1,1.1,-2.0,0.0,,2026
289,Justin Edwards,22,PHI,SF,33,5,474,9.1,.518,.658,.116,3.4,8.3,5.8,11.0,2.1,1.5,12.0,15.5,0.0,0.5,0.5,.051,-3.1,0.3,-2.9,-0.1,,2026
290,Tre Mann,24,CHO,PG,28,1,473,9.0,.473,.516,.076,4.6,11.4,8.1,19.8,1.4,0.6,14.2,23.9,-0.5,0.3,-0.1,-0.015,-3.6,-1.6,-5.2,-0.4,,2026
291,Baylor Scheierman,25,BOS,SG,38,2,469,8.9,.657,.795,.060,2.6,13.3,8.0,6.9,2.2,0.4,16.6,9.4,0.4,0.5,0.9,.095,-3.2,1.5,-1.7,0.0,,2026
292,Will Riley,19,WAS,SF,34,0,468,9.8,.503,.364,.266,5.6,9.5,7.6,11.5,1.4,0.8,13.6,17.8,-0.1,0.0,-0.1,-0.011,-3.2,-2.2,-5.4,-0.4,,2026
293,Johnny Furphy,21,IND,SG,27,13,467,10.1,.602,.495,.257,5.1,20.3,12.4,6.4,1.5,0.9,15.9,13.0,0.1,0.5,0.5,.055,-3.4,0.2,-3.2,-0.1,,2026
294,Jonathan Kuminga,23,GSW,PF,19,13,467,11.7,.531,.277,.325,6.8,20.7,13.7,15.3,0.6,1.2,17.4,23.9,-0.3,0.5,0.2,.017,-2.9,-1.3,-4.2,-0.3,,2026
295,Cam Thomas,24,BRK,SG,19,8,467,13.5,.531,.376,.349,1.4,7.1,4.1,21.9,0.4,0.4,10.3,30.9,0.0,0.0,0.0,.004,-0.3,-4.1,-4.4,-0.3,,2026
296,Taylor Hendricks,22,UTA,PF,31,6,466,11.0,.599,.538,.256,6.4,16.0,11.1,6.0,1.3,1.7,11.5,13.0,0.4,0.1,0.5,.049,-1.3,-1.7,-3.0,-0.1,,2026
297,Jaden Ivey,23,DET,SG,27,2,461,13.1,.577,.489,.200,3.6,10.1,6.9,13.8,1.4,2.2,12.9,20.0,0.4,0.6,1.0,.103,-0.1,0.3,0.2,0.3,,2026
298,Tidjane Salaün,20,CHO,PF,28,0,458,12.9,.628,.512,.236,5.3,24.1,14.9,8.0,1.2,1.4,13.0,14.8,0.5,0.5,1.0,.102,-1.2,0.2,-1.0,0.1,,2026
299,Cole Anthony,25,MIL,PG,30,0,451,11.4,.503,.306,.114,3.3,16.0,9.7,35.4,1.9,1.9,22.5,25.7,-0.7,0.5,-0.2,-0.022,-3.5,-0.6,-4.1,-0.2,,2026
300,Dalton Knecht,24,LAL,SF,36,1,450,8.8,.544,.603,.106,3.0,11.4,7.3,4.0,0.9,1.9,9.2,16.7,0.0,0.2,0.2,.020,-2.6,-1.9,-4.5,-0.3,,2026
301,Keaton Wallace,26,ATL,PG,36,2,440,11.3,.548,.617,.083,0.7,10.8,5.7,23.3,2.2,1.0,13.8,15.2,0.2,0.4,0.6,.068,-2.2,0.3,-1.8,0.0,,2026
302,Gabe Vincent,29,LAL,PG,22,7,439,4.9,.501,.790,.105,1.7,3.4,2.5,8.4,1.0,0.2,7.6,11.7,0.1,0.1,0.2,.018,-4.2,-1.3,-5.4,-0.4,,2026
303,Jonas Valančiūnas,33,DEN,C,33,1,438,21.5,.634,.062,.314,12.0,27.3,20.0,14.7,0.8,4.1,14.3,25.7,0.8,0.5,1.4,.149,0.2,-0.4,-0.1,0.2,,2026
304,Jericho Sims,27,MIL,C,31,4,434,9.2,.822,.000,.265,10.3,19.2,14.8,5.8,0.7,1.1,35.4,8.6,0.3,0.3,0.7,.073,-4.3,-1.0,-5.3,-0.4,,2026
305,Rayan Rupert,21,POR,SG,37,0,430,6.3,.450,.467,.112,4.0,12.0,8.0,8.4,2.1,0.4,11.8,12.0,-0.2,0.4,0.2,.021,-5.3,0.5,-4.8,-0.3,,2026
306,Caleb Martin,30,DAL,SF,37,3,429,8.6,.494,.274,.274,4.3,12.7,8.6,15.5,2.5,1.0,18.9,11.4,-0.1,0.6,0.5,.058,-5.2,2.3,-2.9,-0.1,,2026
307,Dwight Powell,34,DAL,C,30,5,427,11.7,.694,.000,1.233,9.5,16.3,13.0,8.8,1.8,2.1,19.4,8.1,0.7,0.6,1.3,.144,-3.3,1.9,-1.4,0.1,,2026
308,Domantas Sabonis,29,SAC,C,14,11,423,17.3,.572,.142,.377,10.6,31.7,21.0,18.4,1.6,0.6,16.8,22.9,0.2,0.4,0.6,.073,-1.0,-0.4,-1.4,0.1,,2026
309,Karlo Matković,24,NOP,PF,33,2,421,15.6,.690,.310,.133,6.4,20.7,13.4,7.8,0.9,5.7,12.4,13.5,0.7,0.3,1.0,.113,-0.4,0.2,-0.2,0.2,,2026
310,Drew Eubanks,28,SAC,C,30,11,420,11.9,.609,.036,.391,6.5,15.4,10.9,2.7,1.4,4.0,16.2,15.7,0.0,0.3,0.3,.034,-3.8,-0.6,-4.4,-0.3,,2026
311,Aaron Holiday,29,HOU,PG,30,1,420,9.8,.567,.690,.200,1.1,5.5,3.3,9.5,1.5,0.9,11.7,17.7,0.4,0.3,0.8,.087,-2.1,-0.4,-2.5,-0.1,,2026
312,Kevin Love,37,UTA,PF,24,4,420,14.4,.557,.707,.236,10.7,24.9,17.7,14.5,0.9,1.6,10.9,17.0,0.6,0.1,0.7,.082,0.8,-1.4,-0.6,0.1,,2026
313,Tony Bradley,28,IND,C,37,3,416,13.3,.604,.019,.406,13.9,13.7,13.8,7.1,0.7,1.5,12.0,14.4,0.7,0.3,1.0,.110,-2.5,-1.5,-4.0,-0.2,,2026
314,Kristaps Porziņģis,30,ATL,C,17,12,413,20.4,.592,.410,.386,5.5,17.7,11.5,16.8,1.0,4.9,6.1,26.5,0.9,0.5,1.4,.158,2.5,0.7,3.2,0.5,,2026
315,Pat Spencer,29,GSW,PG,30,3,411,13.0,.498,.309,.158,5.1,10.8,7.9,30.8,2.1,0.2,14.2,19.5,0.3,0.4,0.7,.084,-1.5,0.4,-1.1,0.1,,2026
316,Derrick Jones Jr.,28,LAC,SF,17,13,411,15.3,.674,.470,.265,4.4,8.3,6.4,7.4,1.6,4.2,9.7,15.6,0.8,0.3,1.0,.120,0.9,-0.2,0.7,0.3,,2026
317,Zeke Nnaji,25,DEN,PF,31,1,406,12.4,.606,.367,.388,5.6,16.3,11.2,5.4,1.6,3.3,10.9,13.9,0.4,0.4,0.8,.098,-2.2,-0.2,-2.4,0.0,,2026
318,Christian Braun,24,DEN,SG,14,14,404,10.3,.532,.297,.288,5.9,10.5,8.3,11.2,1.1,1.3,12.0,15.4,0.2,0.2,0.4,.048,-2.3,-1.3,-3.6,-0.2,,2026
319,Clint Capela,31,HOU,C,35,1,398,19.6,.554,.000,.250,23.3,19.5,21.4,6.1,2.3,5.4,12.2,13.8,0.7,0.7,1.5,.175,0.8,0.0,0.7,0.3,,2026
320,Jalen Wilson,25,BRK,PF,29,0,398,7.4,.532,.631,.303,1.1,9.5,5.1,6.0,1.1,0.5,9.2,16.7,-0.1,0.1,0.1,.006,-4.1,-2.1,-6.2,-0.4,,2026
321,Jordan Miller,26,LAC,SF,22,0,397,16.4,.636,.380,.372,5.8,13.1,9.6,13.4,1.9,1.0,11.9,17.9,0.8,0.3,1.0,.124,1.5,-0.5,0.9,0.3,,2026
322,De'Anthony Melton,27,GSW,PG,19,0,394,13.3,.537,.494,.238,3.3,11.0,7.1,14.4,3.2,2.3,12.8,23.4,-0.1,0.6,0.5,.061,-3.0,0.7,-2.3,0.0,,2026
323,Nolan Traoré,19,BRK,PG,22,0,391,5.1,.435,.504,.165,0.8,6.9,3.7,22.0,1.1,1.2,17.7,17.6,-0.6,0.1,-0.5,-0.057,-6.2,-2.3,-8.5,-0.7,,2026
324,Gui Santos,23,GSW,PF,34,2,386,11.0,.603,.638,.255,7.4,15.0,11.2,12.2,1.9,1.4,19.9,14.3,0.2,0.5,0.7,.085,-2.2,0.7,-1.6,0.0,,2026
325,Landry Shamet,28,NYK,SG,19,6,383,13.9,.656,.739,.348,2.0,7.6,4.7,7.3,1.3,1.3,5.7,15.4,0.9,0.2,1.1,.140,1.5,-0.3,1.2,0.3,,2026
326,Jaden Hardy,23,DAL,SG,31,4,381,10.5,.547,.641,.193,3.2,8.4,5.8,9.6,0.9,0.4,11.7,24.6,-0.2,0.3,0.1,.015,-2.2,-2.1,-4.3,-0.2,,2026
327,Trayce Jackson-Davis,25,GSW,C,32,1,380,16.5,.608,.011,.489,13.0,18.1,15.5,10.8,1.3,4.3,10.9,14.3,0.7,0.5,1.3,.159,-0.6,0.5,-0.1,0.2,,2026
328,Paul Reed,26,DET,C,31,6,378,21.4,.621,.154,.246,17.4,21.6,19.5,14.7,3.5,5.0,18.2,19.1,0.6,0.9,1.5,.193,0.7,2.8,3.5,0.5,,2026
329,Noah Penda,21,ORL,SF,27,2,375,14.3,.542,.409,.282,12.8,19.5,16.1,11.3,1.8,2.8,13.9,16.0,0.3,0.5,0.8,.107,-0.5,0.2,-0.3,0.2,,2026
330,Bogdan Bogdanović,33,LAC,SG,16,3,360,8.5,.511,.615,.162,1.7,12.9,7.5,17.3,1.1,0.3,13.2,17.8,0.0,0.2,0.1,.014,-2.7,-1.1,-3.8,-0.2,,2026
331,Jonathan Isaac,28,ORL,PF,35,0,357,11.8,.521,.392,.544,8.9,20.2,14.5,3.3,1.7,4.4,10.9,12.9,0.1,0.5,0.7,.088,-2.7,0.7,-2.0,0.0,,2026
332,Kenrich Williams,31,OKC,PF,25,0,356,15.2,.603,.504,.122,6.5,16.1,11.5,14.0,1.9,0.8,10.4,16.4,0.5,0.7,1.2,.164,1.2,1.1,2.3,0.4,,2026
333,Jeremiah Robinson-Earl,25,2TM,PF,20,3,355,9.9,.472,.404,.182,10.5,20.5,15.4,5.8,1.2,0.2,9.3,14.0,0.0,0.3,0.3,.047,-3.3,-1.6,-4.9,-0.3,,2026
333,Jeremiah Robinson-Earl,25,IND,PF,17,3,300,8.8,.443,.398,.169,11.0,20.8,15.7,5.5,1.1,0.3,10.1,13.9,-0.1,0.3,0.2,.026,-3.6,-1.8,-5.4,-0.3,,2026
333,Jeremiah Robinson-Earl,25,DAL,PF,3,0,55,15.7,.619,.438,.250,8.0,18.7,13.5,7.5,1.7,0.0,5.3,14.4,0.1,0.1,0.2,.162,-1.7,-0.6,-2.3,0.0,,2026
334,Cam Whitmore,21,WAS,SF,21,0,354,13.8,.528,.331,.183,5.7,11.6,8.6,6.6,2.0,2.0,9.0,23.7,-0.1,0.1,0.0,.006,-1.2,-2.1,-3.2,-0.1,,2026
335,Asa Newell,20,ATL,PF,33,0,351,14.7,.660,.475,.167,8.6,11.0,9.8,7.3,1.6,2.9,11.7,17.4,0.5,0.3,0.8,.107,-0.8,-0.6,-1.3,0.1,,2026
336,Jase Richardson,20,ORL,SG,29,0,350,14.5,.615,.403,.233,4.7,8.9,6.8,16.6,1.1,0.5,11.2,19.2,0.5,0.3,0.8,.110,0.5,-1.0,-0.5,0.1,,2026
337,Jeremy Sochan,22,SAS,PF,26,0,350,10.1,.543,.357,.163,8.1,14.4,11.2,10.8,1.4,1.0,14.6,14.8,0.2,0.4,0.6,.081,-3.5,0.3,-3.2,-0.1,,2026
338,Tyler Herro,26,MIA,SG,11,10,349,18.0,.605,.370,.227,1.8,13.7,7.7,13.3,1.5,1.3,7.9,25.1,0.5,0.4,0.9,.121,2.5,0.2,2.8,0.4,,2026
339,Guerschon Yabusele,30,NYK,C,37,0,348,8.3,.503,.637,.118,6.4,18.7,12.4,6.3,0.6,1.4,11.5,14.6,0.0,0.3,0.3,.041,-3.2,-1.1,-4.3,-0.2,,2026
340,Quenton Jackson,27,IND,PG,22,9,348,12.3,.569,.387,.429,3.6,9.9,6.6,17.6,1.9,1.0,15.5,20.3,0.1,0.3,0.4,.053,-2.2,0.5,-1.8,0.0,,2026
341,John Konchar,29,MEM,SG,26,1,347,13.1,.593,.533,.217,4.0,18.8,11.5,12.3,3.5,2.5,10.9,8.8,0.4,0.6,1.0,.141,-1.5,4.4,2.9,0.4,,2026
342,Branden Carlson,26,OKC,C,31,2,343,16.1,.609,.463,.138,6.0,19.1,12.9,7.7,0.8,4.6,7.8,17.8,0.5,0.7,1.2,.161,0.0,0.4,0.4,0.2,,2026
343,Tristan Vukcevic,22,WAS,C,30,2,342,15.8,.557,.390,.468,5.3,16.7,11.0,12.9,1.1,5.2,13.9,26.4,0.0,0.2,0.2,.029,-1.5,-1.1,-2.6,-0.1,,2026
344,Dylan Cardwell,24,SAC,C,18,1,341,15.0,.542,.015,.394,17.3,25.0,21.1,7.4,1.8,7.6,14.4,11.3,0.4,0.5,0.9,.121,-3.6,1.1,-2.5,0.0,,2026
345,Trendon Watford,25,PHI,PF,21,4,339,14.1,.598,.204,.327,5.7,18.2,11.8,25.5,0.9,1.3,17.6,16.9,0.5,0.3,0.8,.117,-1.1,0.5,-0.7,0.1,,2026
346,GG Jackson II,21,MEM,PF,22,3,338,11.6,.555,.488,.264,2.5,16.5,9.6,6.4,2.2,3.1,12.9,18.9,-0.1,0.5,0.4,.053,-3.3,0.8,-2.5,0.0,,2026
347,Liam McNeeley,20,CHO,SF,27,0,336,9.7,.577,.674,.360,3.8,15.8,9.9,9.2,0.7,0.8,10.7,14.0,0.4,0.2,0.6,.081,-1.9,-0.5,-2.3,0.0,,2026
348,Tyrese Proctor,21,CLE,PG,31,1,333,9.1,.493,.631,.163,1.9,10.8,6.3,15.4,1.4,0.0,9.6,20.7,-0.1,0.2,0.2,.027,-3.8,-1.2,-5.0,-0.3,,2026
349,Kyle Anderson,32,UTA,SF,16,0,320,14.4,.553,.043,.351,5.4,13.9,9.6,20.1,2.9,2.4,12.1,15.9,0.3,0.2,0.5,.075,-1.1,0.8,-0.2,0.2,,2026
350,Josh Green,25,CHO,SG,20,0,318,10.2,.583,.764,.083,7.6,8.0,7.8,8.8,1.8,0.3,11.8,11.2,0.4,0.2,0.6,.083,-1.5,0.1,-1.4,0.0,,2026
351,Rob Dillingham,21,MIN,PG,32,0,312,6.6,.409,.233,.150,1.8,11.8,6.9,24.4,2.6,0.8,18.4,23.5,-0.8,0.4,-0.4,-0.059,-7.4,-0.3,-7.7,-0.5,,2026
352,Ethan Thompson,26,IND,SG,19,5,305,6.9,.479,.691,.185,3.7,8.8,6.1,11.8,1.6,1.4,12.0,13.8,-0.1,0.2,0.1,.014,-4.3,0.3,-4.0,-0.2,,2026
353,Nick Smith Jr.,21,LAL,SG,23,1,300,9.6,.543,.548,.089,0.8,6.1,3.5,13.1,1.3,0.6,12.3,21.2,-0.1,0.1,0.0,.003,-2.4,-2.5,-4.8,-0.2,,2026
354,Moussa Cisse,23,DAL,C,25,1,296,16.6,.624,.000,.814,17.7,23.9,20.9,2.7,1.4,8.4,20.8,14.4,0.2,0.6,0.8,.138,-3.7,1.6,-2.1,0.0,,2026
355,Cam Christie,20,LAC,SG,29,0,294,10.6,.524,.424,.459,4.1,16.2,10.3,8.3,1.4,0.6,10.5,17.3,0.0,0.2,0.2,.036,-2.7,-1.6,-4.3,-0.2,,2026
356,Julian Phillips,22,CHI,SF,30,2,291,9.4,.535,.587,.080,7.5,7.2,7.3,3.1,2.4,1.8,7.2,12.1,0.1,0.2,0.4,.060,-3.1,-0.1,-3.2,-0.1,,2026
357,Jett Howard,22,ORL,SF,27,0,290,10.3,.504,.624,.137,3.8,11.1,7.4,11.2,0.7,1.2,4.6,18.8,0.2,0.2,0.4,.062,-1.6,-1.4,-3.0,-0.1,,2026
358,Jamison Battle,24,TOR,SF,33,2,289,11.8,.677,.580,.111,3.8,16.1,9.9,6.7,0.8,0.7,12.4,14.3,0.3,0.3,0.6,.100,-1.1,-0.4,-1.5,0.0,,2026
359,Dalen Terry,23,CHI,SG,28,0,284,11.2,.525,.436,.141,5.8,12.2,9.0,13.6,3.0,2.4,16.2,14.7,0.0,0.3,0.3,.053,-3.2,1.1,-2.0,0.0,,2026
360,Zach Edey,23,MEM,C,11,11,284,20.7,.669,.051,.327,16.2,29.2,22.8,6.6,1.2,7.0,18.8,20.1,0.4,0.5,0.9,.156,-0.6,1.6,1.0,0.2,,2026
361,Thomas Bryant,28,CLE,C,31,0,282,17.6,.641,.480,.296,8.7,21.3,14.9,6.5,1.2,3.9,8.3,17.7,0.6,0.4,1.0,.166,0.4,-0.3,0.1,0.1,,2026
362,Terrence Shannon Jr.,25,MIN,SG,22,0,282,6.9,.538,.457,.333,2.4,8.4,5.5,6.4,1.2,0.3,13.9,16.1,-0.1,0.2,0.2,.028,-4.7,-0.8,-5.6,-0.2,,2026
363,Jamaree Bouyea,26,PHO,PG,19,0,280,19.8,.647,.371,.152,3.9,11.8,7.8,18.1,2.1,2.4,5.9,17.8,0.8,0.3,1.2,.198,3.7,1.7,5.4,0.5,,2026
364,Trae Young,27,ATL,PG,10,10,280,19.7,.577,.437,.541,0.0,5.9,2.9,45.6,1.7,0.3,13.5,28.8,0.7,0.2,0.8,.142,3.3,-2.0,1.3,0.2,,2026
365,Carter Bryant,20,SAS,PF,34,0,274,5.2,.428,.517,.138,5.2,16.8,11.0,2.8,1.1,1.3,11.5,16.0,-0.4,0.3,-0.1,-0.010,-6.0,-1.2,-7.3,-0.4,,2026
366,Kasparas Jakučionis,19,MIA,PG,18,2,264,7.1,.493,.615,.246,5.1,9.9,7.4,14.2,1.6,0.0,17.2,13.4,0.0,0.3,0.2,.041,-4.2,0.4,-3.7,-0.1,,2026
367,Ariel Hukporti,23,NYK,C,29,4,263,10.7,.562,.030,.606,12.2,21.3,16.6,7.9,0.9,6.5,26.4,9.1,0.2,0.3,0.5,.091,-4.0,1.5,-2.5,0.0,,2026
368,Kobe Brown,26,LAC,PF,28,0,262,10.4,.490,.597,.306,7.8,13.9,10.9,12.8,1.3,0.7,11.9,15.7,0.1,0.1,0.2,.040,-1.6,-1.4,-3.1,-0.1,,2026
369,Kelly Olynyk,34,SAS,C,27,0,259,13.7,.585,.529,.441,7.1,14.4,10.8,18.1,2.2,0.4,14.7,15.5,0.4,0.4,0.7,.137,-1.2,1.4,0.2,0.1,,2026
370,Duop Reath,29,POR,C,32,0,258,10.7,.613,.743,.081,4.1,12.0,8.0,5.4,0.9,2.8,8.4,13.2,0.3,0.2,0.5,.094,-0.7,-0.2,-0.8,0.1,,2026
371,Larry Nance Jr.,33,CLE,PF,18,2,258,7.1,.456,.514,.043,5.8,14.4,10.0,10.3,1.8,1.4,11.2,12.9,-0.1,0.3,0.2,.040,-5.3,0.8,-4.5,-0.2,,2026
372,Nick Richards,28,PHO,C,28,2,254,11.3,.534,.000,.394,15.0,25.1,19.9,4.3,0.8,5.2,23.1,17.9,-0.2,0.4,0.2,.042,-6.0,-0.7,-6.7,-0.3,,2026
373,Kevon Looney,29,NOP,C,17,6,237,13.0,.455,.191,.170,17.6,22.7,20.1,13.4,1.2,3.2,13.7,10.3,0.3,0.2,0.4,.087,-1.8,-0.8,-2.6,0.0,,2026
374,Micah Potter,27,IND,C,14,2,237,13.5,.658,.678,.508,3.9,18.8,11.1,11.9,0.8,1.5,12.2,14.6,0.4,0.2,0.6,.128,-0.6,-0.2,-0.8,0.1,,2026
375,Isaiah Livers,27,PHO,PF,23,0,234,8.3,.515,.721,.140,6.1,14.6,10.2,8.1,2.1,2.4,18.0,10.0,0.0,0.3,0.3,.071,-3.3,1.5,-1.8,0.0,,2026
376,Jevon Carter,30,CHI,PG,21,0,233,12.3,.580,.753,.108,2.3,7.2,4.8,10.5,2.4,0.0,9.3,19.4,0.1,0.2,0.3,.060,-0.7,-0.5,-1.3,0.0,,2026
377,Malaki Branham,22,WAS,SG,24,0,230,13.9,.581,.375,.417,4.6,12.8,8.7,12.7,2.1,1.2,12.3,17.7,0.2,0.1,0.3,.067,-1.4,-1.0,-2.4,0.0,,2026
378,Maxi Kleber,34,LAL,PF,20,1,230,6.0,.444,.425,.350,7.4,11.4,9.4,7.5,1.3,2.1,13.2,10.0,0.0,0.1,0.1,.029,-5.0,-0.5,-5.5,-0.2,,2026
379,Ousmane Dieng,22,OKC,C,21,0,229,10.6,.572,.536,.087,3.0,12.3,7.9,10.7,0.2,2.2,7.7,14.6,0.2,0.3,0.6,.117,-1.3,-0.1,-1.4,0.0,,2026
380,Jamir Watkins,24,WAS,SG,17,2,228,7.6,.591,.595,.378,4.2,18.0,11.1,4.5,1.5,1.5,14.0,9.2,0.1,0.1,0.2,.046,-5.5,-0.5,-6.0,-0.2,,2026
381,Chris Paul,40,LAC,PG,16,0,228,8.2,.413,.536,.036,3.2,11.0,7.2,31.7,2.4,0.0,22.0,14.2,-0.1,0.2,0.0,.009,-4.0,-0.4,-4.4,-0.1,,2026
382,Olivier-Maxence Prosper,23,MEM,PF,20,0,226,12.5,.622,.344,.438,5.7,15.3,10.6,9.2,0.8,0.4,13.6,16.1,0.3,0.2,0.5,.104,-1.9,-0.8,-2.7,0.0,,2026
383,KJ Simpson,23,CHO,PG,14,2,223,7.8,.437,.438,.180,2.6,11.9,7.3,22.1,3.3,0.0,20.0,22.6,-0.5,0.2,-0.3,-0.054,-5.8,0.0,-5.8,-0.2,,2026
384,Julian Strawther,23,DEN,SG,22,0,213,7.2,.484,.425,.397,1.1,13.3,7.5,9.7,0.9,0.4,10.4,19.7,-0.2,0.1,-0.1,-0.014,-5.6,-2.3,-8.0,-0.3,,2026
385,Christian Koloko,25,3TM,C,14,2,212,8.9,.428,.053,.105,9.6,13.4,11.5,6.0,2.5,6.2,16.8,9.3,-0.1,0.3,0.2,.055,-4.9,2.1,-2.8,0.0,,2026
385,Christian Koloko,25,LAL,C,2,0,6,-0.3,,,,0.0,19.0,9.8,0.0,0.0,0.0,,0.0,0.0,0.0,0.0,.018,-6.6,-1.7,-8.3,0.0,,2026
385,Christian Koloko,25,MEM,C,11,2,195,9.0,.394,.029,.114,10.4,13.5,12.0,6.5,2.4,6.3,16.0,9.3,-0.1,0.3,0.2,.055,-4.8,2.2,-2.7,0.0,,2026
385,Christian Koloko,25,ATL,C,1,0,11,13.0,.833,.333,.000,0.0,10.1,5.0,0.0,4.3,8.3,25.0,15.2,0.0,0.0,0.0,.071,-5.1,3.1,-2.0,0.0,,2026
386,Yanic Konan Niederhäuser,22,LAC,C,24,0,211,15.3,.665,.039,.608,11.4,17.2,14.4,5.8,0.5,4.9,15.7,16.1,0.4,0.2,0.5,.115,-2.9,-1.1,-3.9,-0.1,,2026
387,Yang Hansen,20,POR,C,25,1,209,3.1,.400,.471,.235,5.6,15.8,10.7,12.2,0.5,3.4,22.7,18.8,-0.6,0.2,-0.4,-0.088,-8.3,-0.1,-8.5,-0.3,,2026
388,Ben Saraf,19,BRK,SG,12,5,203,6.9,.474,.532,.242,2.7,8.4,5.4,24.7,2.0,1.4,25.1,19.7,-0.4,0.1,-0.3,-0.061,-4.8,-1.6,-6.4,-0.2,,2026
389,Garrison Mathews,29,IND,SG,15,1,196,11.5,.628,.885,.442,1.1,8.5,4.6,7.2,1.5,1.3,4.6,14.0,0.3,0.1,0.4,.110,-1.3,0.1,-1.2,0.0,,2026
390,Jae'Sean Tate,30,HOU,SF,25,0,192,12.9,.587,.315,.056,9.9,10.4,10.1,9.1,1.3,1.5,6.7,12.9,0.4,0.2,0.6,.146,-1.5,-0.2,-1.7,0.0,,2026
391,Amir Coffey,28,MIL,SG,25,0,191,7.9,.568,.459,.378,3.0,8.2,5.6,5.4,0.5,1.0,8.5,10.9,0.1,0.1,0.2,.047,-2.9,-2.1,-5.0,-0.1,,2026
392,Lindy Waters III,28,SAS,SG,26,0,188,6.3,.496,.870,.019,1.2,10.8,6.0,7.6,1.0,0.0,5.2,12.9,0.0,0.2,0.2,.050,-3.5,0.0,-3.4,-0.1,,2026
393,Dorian Finney-Smith,32,HOU,PF,12,0,186,4.4,.424,.775,.075,7.8,11.9,9.9,3.9,0.8,1.0,14.5,10.8,-0.1,0.2,0.1,.023,-5.2,-1.0,-6.2,-0.2,,2026
394,Zach Collins,28,CHI,C,10,0,184,18.1,.666,.328,.313,9.5,22.7,16.2,11.7,0.5,1.9,12.1,18.9,0.4,0.1,0.5,.140,1.0,-0.9,0.1,0.1,,2026
395,Mohamed Diawara,20,NYK,SF,36,5,183,11.4,.510,.554,.092,5.3,17.1,11.1,12.5,2.1,2.2,12.9,17.8,0.0,0.2,0.2,.059,-2.0,0.0,-1.9,0.0,,2026
396,Nigel Hayes-Davis,31,PHO,SF,23,0,180,4.5,.376,.349,.047,6.7,11.4,9.0,5.0,1.9,0.5,13.8,11.9,-0.2,0.2,0.0,-0.011,-6.2,-0.9,-7.1,-0.2,,2026
397,RayJ Dennis,24,3TM,PG,15,0,177,6.8,.416,.534,.123,4.7,9.5,7.0,23.9,1.1,2.0,16.3,21.9,-0.4,0.1,-0.3,-0.069,-4.1,-1.1,-5.2,-0.1,,2026
397,RayJ Dennis,24,IND,PG,13,0,168,6.6,.421,.528,.125,4.9,8.6,6.7,22.5,0.9,2.1,15.6,22.6,-0.4,0.1,-0.3,-0.073,-4.0,-1.4,-5.4,-0.1,,2026
397,RayJ Dennis,24,LAC,PG,1,0,4,-6.0,,,,0.0,56.7,29.2,0.0,0.0,0.0,100.0,11.1,0.0,0.0,0.0,-0.281,-15.4,-0.4,-15.8,0.0,,2026
397,RayJ Dennis,24,ATL,PG,1,0,5,22.0,.000,1.000,.000,0.0,0.0,0.0,89.3,9.4,0.0,0.0,8.4,0.0,0.0,0.0,.241,1.3,9.2,10.5,0.0,,2026
398,Javon Small,23,MEM,PG,14,0,176,9.0,.479,.554,.268,3.0,9.0,6.0,34.7,1.1,1.1,22.3,18.9,-0.1,0.1,0.1,.017,-2.6,-1.1,-3.7,-0.1,,2026
399,Brooks Barnhizer,23,OKC,SG,22,0,173,8.1,.489,.222,.222,4.6,20.4,12.9,6.2,1.4,1.1,9.2,8.2,0.1,0.3,0.4,.109,-3.6,1.7,-1.9,0.0,,2026
400,Taurean Prince,31,MIL,SF,8,0,169,7.7,.623,.737,.079,0.0,8.6,4.4,6.3,1.7,1.2,11.3,11.6,0.1,0.1,0.2,.051,-3.4,-0.4,-3.7,-0.1,,2026
401,Rasheer Fleming,21,PHO,PF,24,0,167,9.6,.438,.574,.132,10.5,9.5,10.0,3.3,1.8,3.4,5.3,19.1,-0.1,0.2,0.1,.036,-4.3,-1.3,-5.6,-0.2,,2026
402,Bronny James,21,LAL,SG,24,1,165,6.1,.428,.525,.050,2.9,4.2,3.6,20.0,2.7,0.6,22.7,13.9,-0.2,0.1,-0.1,-0.021,-4.3,-1.0,-5.3,-0.1,,2026
403,AJ Johnson,21,WAS,SG,23,0,163,1.3,.306,.306,.065,4.5,12.3,8.4,11.3,1.5,0.0,14.7,19.2,-0.6,0.0,-0.6,-0.175,-8.8,-3.8,-12.6,-0.4,,2026
404,DaRon Holmes,23,DEN,PF,11,6,154,10.5,.614,.816,.211,3.9,10.6,7.4,12.3,0.0,2.3,10.7,13.2,0.2,0.0,0.3,.084,-0.1,-1.6,-1.7,0.0,,2026
405,Walker Kessler,24,UTA,C,5,5,154,20.7,.786,.216,.541,16.0,22.4,19.1,13.9,2.1,5.6,25.9,16.5,0.3,0.1,0.5,.146,1.7,1.7,3.4,0.2,,2026
406,PJ Hall,23,2TM,C,15,2,154,17.7,.653,.114,.455,17.0,20.6,18.8,6.7,0.3,5.3,17.2,17.4,0.3,0.2,0.4,.135,-0.2,-0.5,-0.7,0.1,,2026
406,PJ Hall,23,MEM,C,7,0,27,18.9,.630,.333,.333,11.9,23.3,17.7,11.0,0.0,7.0,8.8,17.3,0.1,0.0,0.1,.174,1.6,0.4,2.0,0.0,,2026
406,PJ Hall,23,CHO,C,8,2,127,17.4,.659,.057,.486,18.1,20.0,19.1,5.8,0.4,4.9,19.1,17.4,0.2,0.1,0.3,.127,-0.6,-0.7,-1.3,0.0,,2026
407,Chaz Lanier,24,DET,SG,16,0,153,10.8,.528,.854,.104,4.4,6.4,5.4,10.1,1.6,0.0,2.0,13.7,0.2,0.2,0.4,.126,-0.6,-0.3,-0.9,0.0,,2026
408,Chris Youngblood,23,OKC,SG,29,0,144,10.0,.540,.891,.152,4.8,13.0,9.1,6.1,1.0,0.7,2.0,15.0,0.2,0.2,0.4,.132,-2.5,-0.5,-3.0,0.0,,2026
409,Pat Connaughton,33,CHO,SG,20,0,143,16.3,.634,.614,.295,4.0,17.8,11.0,12.1,1.7,0.6,5.7,15.5,0.3,0.1,0.5,.152,2.1,1.0,3.0,0.2,,2026
410,JD Davison,23,HOU,PG,20,0,143,9.2,.454,.538,.231,1.6,10.1,5.8,17.6,1.7,2.6,10.4,14.0,0.1,0.2,0.2,.073,-2.9,1.3,-1.6,0.0,,2026
411,Keshad Johnson,24,MIA,SF,18,0,142,9.0,.458,.392,.255,9.4,16.1,12.7,0.9,1.6,2.5,9.6,17.9,-0.1,0.2,0.1,.019,-5.0,-1.0,-6.0,-0.1,,2026
412,Taelon Peter,23,IND,SG,22,0,139,7.3,.446,.925,.150,4.4,13.6,8.9,15.7,2.1,1.3,19.0,16.0,-0.2,0.1,-0.1,-0.022,-3.6,0.0,-3.6,-0.1,,2026
413,Jonathan Mogbo,24,TOR,PF,19,0,132,11.4,.532,.000,.192,10.0,20.7,15.3,9.8,0.7,3.0,9.6,10.1,0.1,0.2,0.3,.109,-3.0,-0.3,-3.3,0.0,,2026
414,Hunter Tyson,25,DEN,PF,17,2,132,5.7,.381,.612,.224,3.6,18.9,11.6,11.4,0.7,0.7,6.9,19.2,-0.2,0.1,-0.1,-0.048,-6.0,-2.5,-8.5,-0.2,,2026
415,Joan Beringer,19,MIN,PF,18,0,125,20.0,.735,.000,.108,15.3,18.2,16.7,5.9,1.1,4.9,11.4,14.7,0.4,0.2,0.5,.210,-0.1,0.6,0.5,0.1,,2026
416,Mason Plumlee,35,CHO,C,14,2,125,13.4,.752,.000,1.000,9.2,26.5,18.0,16.5,2.3,0.0,34.2,8.8,0.2,0.2,0.3,.123,-1.7,2.3,0.6,0.1,,2026
417,Andre Jackson Jr.,24,MIL,SG,18,0,123,7.9,.467,.625,.313,4.7,9.1,6.9,20.0,2.0,1.6,18.0,16.0,0.0,0.1,0.1,.021,-5.0,-0.9,-5.9,-0.1,,2026
418,Jamal Cain,26,ORL,SF,17,0,122,8.5,.546,.500,.500,6.3,5.4,5.9,5.5,1.6,0.7,12.0,17.1,0.1,0.1,0.2,.059,-5.0,-1.4,-6.4,-0.1,,2026
419,Marcus Sasser,25,DET,PG,12,0,121,18.3,.616,.654,.212,0.9,10.8,5.9,27.2,2.8,1.6,12.3,22.0,0.3,0.2,0.5,.197,2.1,2.1,4.2,0.2,,2026
420,Bradley Beal,32,LAC,SG,6,6,121,5.1,.476,.396,.167,2.0,2.8,2.4,12.4,1.2,0.0,14.9,22.2,-0.2,0.0,-0.2,-0.080,-6.6,-4.0,-10.6,-0.3,,2026
421,Dereck Lively II,21,DAL,C,7,4,115,15.0,.670,.000,.556,13.3,20.5,17.0,14.6,1.6,8.0,30.9,11.9,0.1,0.2,0.3,.144,-3.2,3.9,0.8,0.1,,2026
422,Xavier Tillman Sr.,27,BOS,C,13,1,110,11.7,.517,.467,.000,10.1,14.9,12.6,5.9,2.7,1.8,14.3,13.7,0.0,0.2,0.2,.080,-1.7,0.8,-1.0,0.0,,2026
423,Jordan McLaughlin,29,SAS,PG,18,0,108,12.8,.582,.545,.152,4.0,6.9,5.5,16.3,4.0,0.0,18.5,16.8,0.0,0.2,0.2,.095,-1.8,2.7,0.9,0.1,,2026
424,A.J. Lawson,25,TOR,SG,11,0,106,12.4,.545,.537,.220,7.3,16.1,11.6,3.9,1.8,2.8,8.2,19.6,0.1,0.1,0.2,.093,-2.1,-0.4,-2.5,0.0,,2026
425,Luke Travers,24,CLE,SG,12,0,103,10.1,.350,.444,.250,9.3,15.9,12.6,10.8,3.2,3.6,7.0,17.2,-0.1,0.2,0.0,.022,-4.4,1.0,-3.4,0.0,,2026
426,Myron Gardner,24,MIA,SF,16,0,101,18.4,.625,.568,.135,11.2,15.5,13.3,12.3,2.3,1.8,2.5,16.2,0.3,0.1,0.5,.217,1.6,2.2,3.8,0.1,,2026
427,Devin Carter,23,SAC,PG,12,0,101,9.9,.463,.526,.184,5.4,10.1,7.7,17.8,2.9,1.8,16.3,20.8,-0.1,0.1,-0.1,-0.028,-3.3,-0.1,-3.4,0.0,,2026
428,Blake Wesley,22,POR,SG,6,0,98,12.6,.469,.294,.294,2.2,13.5,7.8,27.8,4.9,0.9,15.4,18.8,0.0,0.2,0.1,.066,-4.5,3.9,-0.6,0.0,,2026
429,Pete Nance,25,MIL,PF,13,0,92,16.1,.732,.607,.000,3.7,15.9,9.9,8.0,2.1,2.1,15.2,15.9,0.1,0.1,0.2,.110,2.6,-0.1,2.5,0.1,,2026
430,Chris Boucher,33,BOS,PF,8,0,91,7.7,.379,.545,.182,2.4,19.3,10.9,4.0,2.8,7.7,4.0,11.7,-0.1,0.2,0.1,.053,-5.9,2.7,-3.2,0.0,,2026
431,Alijah Martin,24,TOR,SG,10,0,88,11.8,.480,.423,.462,7.5,7.7,7.6,11.7,2.8,3.3,8.8,16.6,0.0,0.1,0.2,.089,-2.5,1.4,-1.1,0.0,,2026
432,Adou Thiero,21,LAL,SF,15,0,87,8.1,.465,.056,.444,9.7,14.4,12.1,7.3,2.8,1.1,15.7,12.7,0.0,0.1,0.1,.041,-5.9,0.0,-5.9,-0.1,,2026
433,Kam Jones,23,IND,SG,12,0,87,5.7,.364,.357,.071,3.6,7.7,5.5,18.0,1.6,0.0,9.4,15.4,-0.1,0.0,-0.1,-0.052,-5.1,-1.3,-6.4,-0.1,,2026
434,Kevin McCullar Jr.,24,NYK,SF,12,0,87,11.5,.556,.609,.217,9.8,15.5,12.6,22.3,2.2,0.0,24.1,16.0,0.1,0.1,0.1,.079,-1.7,0.4,-1.2,0.0,,2026
435,Leonard Miller,22,MIN,SF,17,0,86,14.6,.597,.344,.344,7.8,21.4,14.7,8.5,2.2,0.0,16.0,21.5,0.0,0.1,0.2,.087,-4.1,-0.3,-4.4,-0.1,,2026
436,Khaman Maluach,19,PHO,C,18,0,84,5.5,.489,.250,.400,6.5,17.6,11.9,4.7,0.6,7.9,27.7,16.2,-0.2,0.1,-0.1,-0.029,-10.1,0.3,-9.7,-0.2,,2026
437,Grant Williams,27,CHO,PF,5,0,84,11.1,.470,.840,.240,5.5,18.4,12.1,9.5,2.3,2.1,6.7,14.8,0.0,0.1,0.1,.076,-2.2,1.0,-1.2,0.0,,2026
438,Obi Toppin,27,IND,PF,3,0,82,11.9,.526,.472,.250,3.8,23.1,13.1,9.6,1.7,0.0,13.1,23.6,-0.1,0.1,0.0,.012,-2.4,-0.4,-2.8,0.0,,2026
439,Miles Kelly,23,DAL,PG,8,0,76,8.9,.518,.786,.000,5.8,10.8,8.4,9.1,1.2,0.0,9.7,17.2,0.0,0.1,0.1,.038,-4.7,-1.6,-6.3,-0.1,,2026
440,Eric Gordon,37,PHI,SG,6,0,74,14.4,.754,.667,.095,1.4,1.5,1.5,5.9,2.6,1.2,12.1,14.1,0.1,0.1,0.2,.124,2.1,0.3,2.3,0.1,,2026
441,Lachlan Olbrich,22,CHI,C,10,0,73,1.4,.202,.444,.222,10.5,20.1,15.4,14.2,0.0,0.0,28.8,8.0,-0.1,0.0,-0.1,-0.034,-9.0,-0.2,-9.2,-0.1,,2026
442,Drew Timme,25,LAL,PF,9,0,73,19.4,.700,.346,.038,6.6,12.5,9.7,19.1,2.0,0.0,10.2,17.5,0.2,0.0,0.3,.170,3.6,0.0,3.7,0.1,,2026
443,Anthony Gill,33,WAS,PF,19,0,72,13.3,.773,.353,.235,7.3,14.6,11.0,0.0,0.7,2.5,21.0,13.8,0.1,0.0,0.1,.061,-1.1,-2.8,-3.9,0.0,,2026
444,Doug McDermott,34,SAC,SF,7,0,70,4.4,.522,1.000,.000,0.0,8.1,4.0,3.9,0.0,1.3,11.5,15.9,-0.1,0.0,-0.1,-0.054,-3.9,-3.2,-7.2,-0.1,,2026
445,David Jones García,24,SAS,SF,11,0,68,21.2,.579,.200,.240,6.4,14.2,10.3,38.7,4.2,1.3,15.3,20.2,0.1,0.1,0.3,.200,2.6,3.6,6.3,0.1,,2026
446,Johnny Juzang,24,MIN,SG,17,0,67,15.1,.533,.625,.125,8.4,14.5,11.5,13.1,1.4,0.0,8.2,23.1,0.1,0.1,0.1,.089,0.1,-1.5,-1.3,0.0,,2026
447,Jeff Green,39,HOU,PF,15,0,66,13.0,.640,.680,.000,1.7,11.7,6.7,4.3,0.0,1.4,3.8,16.4,0.1,0.0,0.2,.140,1.4,-1.9,-0.5,0.0,,2026
448,Elijah Harkless,25,UTA,SG,7,0,66,7.5,.568,.636,.818,3.2,6.7,5.0,9.4,2.9,0.0,16.7,11.2,0.0,0.0,0.0,.033,-4.7,1.6,-3.1,0.0,,2026
449,Bismack Biyombo,33,SAS,C,11,1,65,5.2,.654,.000,.333,3.3,8.2,5.8,5.7,2.2,1.4,30.4,6.4,0.0,0.1,0.1,.061,-5.4,1.7,-3.7,0.0,,2026
450,Monte Morris,30,IND,PG,6,0,65,7.1,.414,.400,.200,1.6,10.3,5.8,19.5,0.7,1.3,8.4,15.4,-0.1,0.0,0.0,-0.017,-4.6,-1.4,-6.0,-0.1,,2026
451,Drew Peterson,26,CHO,PF,6,0,64,0.6,.148,.750,.125,5.4,10.4,7.9,3.8,2.3,1.4,0.0,11.1,-0.2,0.1,-0.1,-0.095,-8.5,-1.8,-10.3,-0.1,,2026
452,James Wiseman,24,IND,C,4,1,58,4.2,.597,.000,.200,8.9,5.8,7.4,7.2,0.0,1.5,31.5,11.5,0.0,0.0,0.0,-0.020,-8.0,-1.0,-9.0,-0.1,,2026
453,Pacome Dadiet,20,NYK,SG,18,0,57,8.7,.372,.556,.444,1.9,19.7,10.6,16.5,1.7,0.0,0.0,7.9,0.0,0.1,0.1,.087,-3.6,2.2,-1.4,0.0,,2026
454,Tolu Smith,25,DET,PF,5,0,55,23.3,.602,.000,1.000,20.3,35.6,28.0,9.5,1.7,9.0,15.6,19.1,0.1,0.2,0.3,.249,1.7,3.4,5.1,0.1,,2026
455,Cody Martin,30,IND,SF,4,0,55,3.1,.277,.500,.600,1.9,26.4,13.6,4.6,3.5,3.2,24.0,12.8,-0.2,0.1,-0.1,-0.092,-10.1,2.3,-7.8,-0.1,,2026
456,Joe Ingles,38,MIN,SF,13,0,54,9.0,.595,.800,.400,0.0,10.0,5.1,23.8,5.3,0.0,46.0,8.5,0.0,0.1,0.1,.078,-4.6,4.6,0.1,0.0,,2026
457,Bobi Klintman,22,DET,SF,6,0,53,4.1,.381,.524,.143,10.5,22.5,16.6,10.0,1.8,0.0,18.3,21.2,-0.2,0.1,-0.1,-0.059,-8.6,-1.8,-10.3,-0.1,,2026
458,Antonio Reeves,25,CHO,SG,6,0,53,12.1,.656,.625,.000,2.2,8.3,5.3,5.4,0.9,0.0,0.0,12.7,0.1,0.0,0.1,.117,0.0,0.3,0.3,0.0,,2026
459,Javonte Cooke,26,POR,SG,8,0,52,2.4,.286,.524,.000,2.1,14.8,8.4,18.1,3.7,0.0,19.2,20.3,-0.2,0.1,-0.2,-0.146,-8.4,0.0,-8.4,-0.1,,2026
460,Jalen Green,23,PHO,SG,3,2,50,21.4,.580,.529,.206,4.4,9.1,6.7,24.9,1.9,0.0,9.7,34.5,0.1,0.0,0.1,.129,6.4,0.0,6.4,0.1,,2026
461,Caleb Houstan,23,ATL,SF,10,0,49,11.4,.705,.800,.200,8.8,2.3,5.6,5.4,1.0,1.9,19.7,17.3,0.0,0.0,0.1,.065,-1.1,-2.8,-3.9,0.0,,2026
462,Matisse Thybulle,28,POR,SG,4,0,49,21.6,.850,.600,.400,0.0,9.0,4.4,8.5,9.7,0.0,7.8,10.6,0.2,0.1,0.3,.280,0.4,10.8,11.2,0.2,,2026
463,Amari Williams,24,BOS,PF,8,0,47,8.8,.647,.000,3.000,7.1,18.7,12.9,4.9,1.1,8.6,30.1,6.1,0.0,0.1,0.1,.103,-4.9,2.3,-2.6,0.0,,2026
464,Kyle Lowry,39,PHI,PG,6,0,45,3.5,.375,1.000,.000,0.0,7.5,3.7,19.4,1.1,0.0,20.0,9.3,0.0,0.0,0.0,-0.006,-6.5,-1.8,-8.2,-0.1,,2026
465,Kobe Bufkin,22,LAL,SG,4,0,45,9.1,.505,.636,.182,2.7,10.2,6.5,5.7,1.1,6.3,7.8,12.4,0.0,0.0,0.0,.046,-2.8,-1.5,-4.3,0.0,,2026
466,Thanasis Antetokounmpo,33,MIL,SF,14,0,43,19.6,.612,.071,.643,8.0,7.8,7.9,3.5,6.8,6.8,14.3,21.6,0.0,0.1,0.1,.140,-2.6,4.5,1.9,0.0,,2026
467,Wendell Moore Jr.,24,DET,SG,3,0,43,7.7,.500,.167,.000,2.6,7.6,5.1,8.5,2.2,2.3,14.3,6.7,0.0,0.1,0.1,.078,-3.8,1.6,-2.2,0.0,,2026
468,Trey Alexander,22,NOP,SG,5,0,42,13.6,.778,.333,.000,0.0,10.7,5.2,16.4,1.1,2.3,10.0,9.9,0.1,0.0,0.1,.124,0.3,0.2,0.5,0.0,,2026
469,Dario Šarić,31,SAC,C,5,0,41,0.7,.363,.500,.333,2.7,13.9,8.2,5.9,0.0,0.0,22.5,9.3,-0.1,0.0,-0.1,-0.077,-6.9,-2.1,-9.0,-0.1,,2026
470,Johni Broome,23,PHI,C,7,0,40,2.4,.230,.150,.200,16.1,19.6,17.8,13.4,2.4,0.0,8.4,24.9,-0.2,0.1,-0.1,-0.169,-10.4,-5.0,-15.3,-0.1,,2026
471,Trey Jemison,26,NYK,C,6,0,38,9.5,1.017,.000,.333,14.0,14.7,14.4,3.3,0.0,5.3,46.6,7.1,0.0,0.0,0.1,.082,-5.7,-0.8,-6.5,0.0,,2026
472,E.J. Liddell,25,BRK,PF,8,0,35,10.7,.526,.667,.250,9.4,20.9,14.9,0.0,0.0,0.0,0.0,16.6,0.0,0.0,0.0,.064,-2.2,-4.6,-6.8,0.0,,2026
473,Tyson Etienne,26,BRK,PG,8,0,34,-1.2,.400,.867,.000,0.0,0.0,0.0,4.4,0.0,0.0,6.3,20.5,-0.1,0.0,-0.1,-0.138,-8.9,-5.6,-14.5,-0.1,,2026
474,Mac McClung,27,IND,SG,3,0,34,13.1,.481,.556,.222,0.0,13.1,6.3,4.8,7.0,2.6,9.2,27.0,-0.1,0.1,0.0,.002,-5.8,6.2,0.4,0.0,,2026
475,Garrett Temple,39,TOR,SG,12,0,33,2.7,.254,.714,.286,0.0,13.8,6.8,14.3,4.4,3.0,27.6,14.0,-0.1,0.1,-0.1,-0.094,-8.7,2.3,-6.4,0.0,,2026
476,Emanuel Miller,25,CHI,PF,5,0,33,15.2,.540,.462,.154,3.3,6.3,4.9,16.9,2.9,0.0,0.0,17.7,0.1,0.0,0.1,.114,1.7,0.9,2.6,0.0,,2026
477,Jahmyl Telfort,24,LAC,PF,8,0,32,-5.4,.087,1.000,1.000,0.0,10.6,5.5,3.8,1.6,0.0,14.8,9.4,-0.1,0.0,-0.1,-0.172,-12.1,-1.9,-14.0,-0.1,,2026
478,Seth Curry,35,GSW,SG,2,0,32,18.8,.778,.444,.000,3.4,10.4,6.9,14.1,3.0,0.0,0.0,11.9,0.1,0.0,0.2,.226,1.6,3.8,5.4,0.1,,2026
479,Charles Bassey,25,MEM,C,2,0,31,12.6,.376,.000,.375,24.2,27.1,25.6,8.4,1.5,3.1,9.7,13.7,0.0,0.1,0.1,.090,-3.0,-1.0,-4.0,0.0,,2026
480,Ron Harper Jr.,25,BOS,SF,6,0,28,17.3,.464,.714,.000,11.9,11.7,11.8,20.0,1.8,7.2,6.7,23.1,0.0,0.0,0.1,.121,2.2,0.7,2.9,0.0,,2026
481,Hunter Sallis,22,PHI,SG,7,0,26,2.1,.595,.000,.400,0.0,4.3,2.1,21.1,0.0,3.5,46.0,17.6,-0.1,0.0,-0.1,-0.141,-7.7,-2.9,-10.7,-0.1,,2026
482,Mark Sears,23,MIL,PG,7,0,26,15.1,.666,.615,.615,4.4,4.3,4.4,12.3,0.0,0.0,19.5,34.9,0.0,0.0,0.0,.021,2.3,-4.5,-2.3,0.0,,2026
483,Jahmai Mashack,23,MEM,SG,7,0,25,0.7,.375,.750,.000,0.0,21.0,10.6,10.3,1.9,0.0,27.3,18.1,-0.1,0.0,-0.1,-0.141,-9.4,-0.8,-10.3,-0.1,,2026
484,Orlando Robinson,25,ORL,C,4,1,25,14.7,.700,.400,.000,8.7,8.9,8.8,16.2,1.9,0.0,0.0,8.4,0.1,0.0,0.1,.195,0.6,0.6,1.1,0.0,,2026
485,Jahmir Young,25,MIA,PG,5,0,24,6.4,.455,.455,.000,0.0,8.7,4.3,22.6,1.9,0.0,15.4,22.0,0.0,0.0,0.0,-0.042,-6.5,-1.0,-7.5,0.0,,2026
486,Moritz Wagner,28,ORL,C,2,0,24,17.0,.638,.400,.400,0.0,27.7,13.7,12.8,0.0,0.0,7.8,22.3,0.1,0.0,0.1,.161,-1.5,-0.5,-2.0,0.0,,2026
487,DeAndre Jordan,37,NOP,C,2,1,23,18.3,.765,.000,.400,18.6,29.2,23.8,0.0,0.0,0.0,14.5,12.4,0.1,0.0,0.1,.140,1.9,-2.7,-0.8,0.0,,2026
488,Curtis Jones,24,DEN,SG,5,0,22,-5.7,.200,.600,.000,5.4,14.8,10.3,5.6,0.0,0.0,9.1,21.9,-0.1,0.0,-0.1,-0.288,-15.2,-8.8,-24.1,-0.1,,2026
489,TyTy Washington Jr.,24,LAC,PG,2,0,22,29.9,.778,.444,.000,0.0,5.2,2.7,25.2,4.6,4.3,0.0,18.2,0.1,0.0,0.1,.302,9.0,4.5,13.5,0.1,,2026
490,Brandon Clarke,29,MEM,PF,2,2,20,12.3,.372,.000,.444,21.4,10.5,15.9,7.0,4.7,0.0,0.0,22.2,0.0,0.0,0.0,.065,-4.7,0.4,-4.3,0.0,,2026
491,Isaac Jones,25,2TM,PF,4,1,18,7.2,.512,.500,.500,12.2,0.0,6.2,7.0,0.0,0.0,0.0,11.4,0.0,0.0,0.0,.074,-6.3,-2.2,-8.5,0.0,,2026
491,Isaac Jones,25,SAC,PF,3,1,17,5.7,.521,.500,1.000,12.9,0.0,6.6,7.4,0.0,0.0,0.0,7.2,0.0,0.0,0.0,.065,-6.5,-1.8,-8.3,0.0,,2026
491,Isaac Jones,25,DET,PF,1,0,1,34.0,.500,.500,.000,0.0,0.0,0.0,0.0,0.0,0.0,0.0,82.1,0.0,0.0,0.0,.223,-2.5,-9.9,-12.4,0.0,,2026
492,Jacob Toppin,25,ATL,SF,5,0,17,15.0,.667,.000,.000,0.0,6.5,3.2,8.9,0.0,5.4,0.0,14.7,0.0,0.0,0.0,.112,-0.3,0.2,-0.1,0.0,,2026
493,Chris Livingston,22,CLE,SF,3,0,17,15.3,.605,.429,.143,0.0,19.2,9.5,8.9,2.8,0.0,0.0,18.1,0.0,0.0,0.1,.161,-4.9,2.0,-2.9,0.0,,2026
494,N'Faly Dante,24,ATL,C,4,0,15,12.3,.338,.000,.250,21.5,29.5,25.4,0.0,6.2,0.0,18.4,15.2,0.0,0.0,0.0,.037,-3.9,-1.1,-5.0,0.0,,2026
495,Oscar Tshiebwe,26,UTA,C,1,0,15,7.3,.225,.000,.250,14.3,29.7,21.8,8.3,3.1,0.0,0.0,12.2,0.0,0.0,0.0,-0.028,-4.1,-1.6,-5.7,0.0,,2026
496,Chris Mañon,24,LAL,SG,4,0,14,7.3,.000,1.000,.000,8.6,16.3,12.6,0.0,3.5,13.5,0.0,3.1,0.0,0.0,0.0,.068,-5.6,5.1,-0.5,0.0,,2026
497,Daeqwon Plowden,27,SAC,SG,1,0,14,-0.1,.200,.600,.000,15.6,0.0,8.0,0.0,0.0,0.0,0.0,15.3,0.0,0.0,-0.1,-0.173,-7.1,-5.9,-13.0,0.0,,2026
498,Chucky Hepburn,22,TOR,PG,2,0,13,-13.6,.000,.833,.000,0.0,8.7,4.3,17.5,3.8,0.0,14.3,22.9,-0.1,0.0,-0.1,-0.438,-21.1,-3.1,-24.2,-0.1,,2026
499,Harrison Ingram,23,SAS,SF,3,0,11,20.5,.833,.333,.000,29.7,0.0,14.7,0.0,0.0,0.0,0.0,11.5,0.1,0.0,0.1,.278,7.6,-2.5,5.1,0.0,,2026
500,Sharife Cooper,24,WAS,PG,4,0,10,-9.8,.000,1.000,.000,0.0,0.0,0.0,0.0,0.0,0.0,50.0,8.4,0.0,0.0,-0.1,-0.267,-14.1,-5.5,-19.6,0.0,,2026
501,Tosan Evbuomwan,24,NYK,SF,5,0,8,-0.3,.000,.000,.000,13.3,14.0,13.7,0.0,0.0,0.0,0.0,5.2,0.0,0.0,0.0,-0.038,-8.4,-3.3,-11.7,0.0,,2026
502,Riley Minix,25,SAS,SF,3,0,8,45.4,.750,.500,.000,13.6,13.4,13.5,33.3,6.0,0.0,0.0,31.6,0.1,0.0,0.1,.422,18.0,7.3,25.3,0.1,,2026
503,Koby Brea,23,PHO,SG,2,0,8,18.4,.515,.667,.667,0.0,14.2,7.0,33.9,0.0,0.0,0.0,20.3,0.0,0.0,0.0,.204,-0.6,-2.3,-2.9,0.0,,2026
504,Colby Jones,23,DET,SG,1,0,7,13.0,.333,.667,.000,0.0,62.1,31.5,38.3,0.0,0.0,0.0,17.6,0.0,0.0,0.0,.128,-3.3,5.5,2.2,0.0,,2026
505,Mo Bamba,27,TOR,C,2,0,6,-2.8,.000,.000,.000,18.4,18.9,18.7,0.0,0.0,16.4,0.0,14.2,0.0,0.0,0.0,-0.159,-18.9,-2.7,-21.6,0.0,,2026
506,Noa Essengue,19,CHI,PF,2,0,6,-12.1,.000,.667,.000,0.0,0.0,0.0,0.0,7.9,0.0,0.0,21.1,-0.1,0.0,-0.1,-0.416,-20.6,-3.2,-23.8,0.0,,2026
507,Trentyn Flowers,20,CHI,SF,2,0,6,16.8,.667,.333,.000,18.2,0.0,8.9,29.5,0.0,0.0,25.0,28.1,0.0,0.0,0.0,.025,1.9,-2.8,-1.0,0.0,,2026
508,Isaiah Crawford,24,HOU,SF,2,0,5,-7.4,.000,1.000,.000,0.0,0.0,0.0,0.0,0.0,0.0,0.0,8.3,0.0,0.0,0.0,-0.165,-10.6,-6.3,-16.9,0.0,,2026
509,LJ Cryer,24,GSW,PG,2,0,5,5.0,.500,.667,.000,0.0,0.0,0.0,0.0,0.0,0.0,0.0,25.3,0.0,0.0,0.0,-0.031,-7.2,-5.7,-12.9,0.0,,2026
510,Malevy Leons,26,GSW,SF,2,0,5,-7.6,.000,.000,.000,21.9,44.5,33.1,0.0,0.0,0.0,50.0,16.9,0.0,0.0,0.0,-0.297,-17.5,-6.1,-23.6,0.0,,2026
511,Patrick Baldwin Jr.,23,LAC,SF,1,0,5,5.6,.532,1.000,2.000,0.0,0.0,0.0,0.0,0.0,0.0,0.0,16.7,0.0,0.0,0.0,.061,-8.0,-4.9,-13.0,0.0,,2026
512,Hunter Dickinson,25,NOP,C,1,0,5,-10.9,.500,.000,.000,0.0,0.0,0.0,0.0,0.0,19.2,50.0,33.3,-0.1,0.0,-0.1,-0.523,-26.7,0.7,-26.0,0.0,,2026
513,Vladislav Goldin,24,MIA,C,1,0,1,27.5,,,,0.0,0.0,0.0,100.0,0.0,0.0,,0.0,0.0,0.0,0.0,.395,17.6,26.4,44.0,0.0,,2026
,League Average,,,,,,,,.581,.414,.268,5.2,14.8,10.0,16.2,1.7,1.9,12.2,19.9,,,,,,,,,,2026
