0,1,2,3,4,5,6,7,8,9,10,11,12,13,14,15,16,17,18,19,20,21,22,23,24,25,26,27,28,Year
1,Amen Thompson,23,HOU,PG,72,72,2684,18.5,.585,.116,.370,9.1,14.2,11.7,20.2,2.0,1.5,13.7,20.0,5.5,3.4,8.8,.158,1.4,0.9,2.3,2.9,,2026
2,Kevin Durant,37,HOU,SF,71,71,2586,20.9,.637,.327,.336,1.6,14.7,8.2,20.1,1.2,2.2,13.6,27.1,6.5,2.9,9.3,.174,4.1,0.1,4.2,4.0,AS,2026
3,Desmond Bane,27,ORL,SG,74,74,2525,17.0,.609,.351,.277,3.9,9.7,6.8,19.4,1.4,1.1,10.7,23.3,4.7,2.1,6.8,.129,1.7,-0.4,1.2,2.0,,2026
4,Toumani Camara,25,POR,PF,76,76,2518,11.0,.574,.663,.166,5.0,12.1,8.5,10.6,1.6,1.1,13.9,16.2,1.6,2.4,4.0,.077,-1.3,-0.1,-1.3,0.4,,2026
5,Mikal Bridges,29,NYK,SF,75,75,2503,15.3,.583,.435,.097,3.3,10.0,6.6,16.2,2.0,2.4,7.6,17.4,4.3,3.2,7.5,.143,1.3,1.5,2.7,3.0,,2026
6,Jamal Murray,28,DEN,PG,71,71,2496,22.0,.621,.406,.294,1.4,12.2,7.1,31.9,1.3,0.9,10.1,28.2,7.4,1.6,9.0,.173,5.5,-1.4,4.1,3.8,AS,2026
7,Jabari Smith Jr.,22,HOU,PF,70,70,2465,13.6,.569,.494,.217,4.8,16.9,10.9,7.5,1.1,2.4,9.0,18.0,3.1,2.9,6.1,.118,-0.5,-0.1,-0.6,0.9,,2026
8,Julius Randle,31,MIN,PF,74,74,2448,18.4,.580,.285,.404,5.7,16.8,11.3,23.3,1.6,0.6,13.3,26.5,3.9,3.0,6.9,.136,1.3,0.0,1.3,2.0,,2026
9,Scottie Barnes,24,TOR,PF,72,72,2441,19.4,.580,.203,.261,6.5,19.4,12.9,25.5,2.0,4.3,14.1,23.6,3.2,4.0,7.2,.142,1.8,2.3,4.1,3.8,AS,2026
10,Jalen Brunson,29,NYK,PG,69,69,2416,20.1,.581,.360,.290,1.4,9.4,5.4,30.8,1.1,0.3,9.5,30.4,6.2,2.1,8.2,.164,4.0,-1.0,3.1,3.1,AS,2026
11,Derrick White,31,BOS,SG,70,70,2398,16.5,.526,.572,.190,3.6,10.6,7.1,23.1,1.8,4.0,10.0,22.9,3.2,3.3,6.5,.130,2.3,1.0,3.4,3.3,,2026
12,Nickeil Alexander-Walker,27,ATL,SG,72,65,2390,16.2,.603,.525,.265,2.1,9.3,5.7,16.3,1.9,1.4,10.8,23.9,3.1,2.4,5.5,.110,1.3,-0.6,0.7,1.6,,2026
13,Brandon Ingram,28,TOR,SF,70,70,2380,15.8,.566,.277,.268,2.6,16.2,9.3,16.7,1.1,2.1,11.7,27.0,0.9,2.8,3.7,.074,0.7,-0.6,0.1,1.3,AS,2026
14,Tyrese Maxey,25,PHI,PG,62,62,2377,22.5,.590,.405,.278,0.8,11.2,6.0,29.3,2.5,2.0,9.1,29.7,5.6,2.5,8.0,.162,5.3,0.6,5.9,4.7,AS,2026
15,Payton Pritchard,28,BOS,PG,72,50,2347,17.0,.578,.515,.132,2.9,10.6,6.8,23.8,1.2,0.4,8.7,21.5,5.4,2.3,7.6,.156,2.3,-0.3,2.0,2.4,,2026
16,DeMar DeRozan,36,SAC,PF,74,74,2337,17.7,.592,.146,.432,1.6,9.3,5.3,20.1,1.6,0.9,7.5,22.8,4.9,0.4,5.3,.108,0.8,-1.1,-0.3,1.0,,2026
17,VJ Edgecombe,20,PHI,SG,67,67,2337,13.9,.541,.415,.180,5.1,12.9,8.9,16.8,1.9,1.5,10.8,20.2,1.7,2.1,3.8,.079,-0.3,-0.2,-0.6,0.8,,2026
18,Kon Knueppel,20,CHO,SF,74,73,2336,17.8,.646,.599,.219,4.4,14.7,9.6,16.9,1.1,0.7,11.9,22.3,5.7,2.1,7.8,.160,3.7,-0.4,3.3,3.1,,2026
19,Jalen Johnson,24,ATL,SF,66,66,2335,21.0,.584,.281,.312,4.3,27.3,15.6,34.6,1.7,1.2,14.7,27.1,3.7,3.5,7.1,.147,3.3,1.3,4.6,3.9,AS,2026
20,Dyson Daniels,22,ATL,SG,70,70,2321,15.3,.538,.144,.152,7.6,14.4,11.0,24.0,2.7,1.2,14.2,16.0,2.6,3.1,5.7,.118,-0.7,1.6,0.9,1.7,,2026
21,Donte DiVincenzo,29,MIN,SG,74,74,2290,12.9,.573,.764,.126,3.2,12.0,7.7,17.3,2.1,1.1,12.1,16.8,2.4,2.8,5.2,.108,0.2,0.9,1.1,1.8,,2026
22,Ryan Rollins,23,MIL,PG,71,64,2275,16.0,.579,.439,.150,2.6,13.5,8.1,27.0,2.3,1.3,15.6,24.1,1.4,1.7,3.0,.064,0.5,-0.5,0.0,1.2,,2026
23,Trey Murphy III,25,NOP,SF,64,64,2272,18.6,.614,.541,.234,3.0,14.5,8.7,16.3,2.1,0.9,9.3,22.9,4.5,1.5,6.0,.127,3.1,-0.6,2.5,2.6,,2026
24,Jaden McDaniels,25,MIN,PF,71,71,2262,14.0,.617,.313,.225,3.7,10.8,7.3,12.3,1.7,2.7,13.2,18.3,2.6,2.7,5.3,.113,-0.8,0.7,-0.2,1.0,,2026
25,James Harden,36,2TM,PG,64,64,2242,21.1,.612,.511,.474,2.0,14.0,8.1,35.4,1.6,1.1,15.4,28.9,5.4,1.9,7.3,.157,4.9,-0.7,4.1,3.5,,2026
25,James Harden,36,LAC,PG,44,44,1559,21.8,.598,.505,.485,2.1,13.4,7.9,36.4,1.8,1.0,14.8,31.3,3.5,1.3,4.9,.149,4.8,-1.0,3.8,2.3,,2026
25,James Harden,36,CLE,PG,20,20,683,19.7,.654,.530,.444,1.9,15.3,8.6,33.2,1.1,1.4,17.2,23.6,1.9,0.6,2.5,.175,5.0,-0.1,4.9,1.2,,2026
26,Paolo Banchero,23,ORL,PF,64,64,2237,18.0,.567,.244,.500,3.8,23.0,13.3,23.0,0.9,1.6,13.1,27.9,2.0,2.5,4.4,.095,1.6,-0.2,1.4,1.9,,2026
27,Rudy Gobert,33,MIN,C,71,71,2232,17.9,.671,.009,.638,14.2,25.7,20.1,7.3,1.2,4.6,14.2,12.9,4.7,3.8,8.5,.182,0.2,0.9,1.1,1.8,,2026
28,Luka Dončić,26,LAL,PG,62,62,2229,28.0,.615,.474,.443,2.2,22.7,12.8,40.2,2.2,1.4,12.8,38.1,6.5,2.8,9.3,.201,7.9,1.2,9.1,6.3,AS,2026
29,Jaylen Brown,29,BOS,SF,65,65,2228,22.3,.573,.260,.345,3.8,18.5,11.2,26.6,1.5,1.2,12.6,36.1,3.4,3.1,6.5,.141,3.8,0.0,3.8,3.3,AS,2026
30,Miles Bridges,27,CHO,PF,70,70,2198,15.4,.562,.430,.243,3.4,17.2,10.4,15.7,0.9,1.3,8.7,22.4,3.3,2.2,5.4,.119,0.8,-0.3,0.5,1.4,,2026
31,Alperen Şengün,23,HOU,C,65,65,2184,21.6,.566,.114,.340,10.1,19.4,14.8,29.0,1.9,3.1,14.9,26.8,3.9,3.3,7.2,.158,2.8,1.5,4.3,3.4,AS,2026
32,Donovan Mitchell,29,CLE,SG,65,65,2180,22.9,.609,.446,.303,2.4,12.3,7.3,28.2,2.2,0.8,11.0,32.3,5.3,2.3,7.6,.168,5.2,-0.2,5.0,3.9,AS,2026
33,Immanuel Quickley,26,TOR,PG,67,67,2174,16.7,.579,.525,.234,1.8,12.5,7.1,26.4,1.9,0.2,9.4,21.2,3.8,2.5,6.3,.140,1.9,0.4,2.3,2.4,,2026
34,Karl-Anthony Towns,30,NYK,C,70,70,2166,21.7,.615,.302,.407,11.2,31.8,21.4,13.7,1.4,1.8,13.2,25.9,5.0,3.7,8.7,.193,2.4,0.4,2.8,2.6,AS,2026
35,Saddiq Bey,26,NOP,SF,69,61,2143,17.2,.581,.430,.303,5.8,13.8,9.8,12.2,1.4,0.3,6.0,21.5,4.3,0.9,5.3,.118,2.4,-1.8,0.6,1.4,,2026
36,Matas Buzelis,21,CHI,PF,73,73,2142,15.0,.591,.512,.247,3.9,16.7,10.4,10.1,1.1,4.5,12.7,22.7,0.7,2.0,2.7,.061,-0.5,-0.4,-0.9,0.6,,2026
37,Brandin Podziemski,22,GSW,SG,75,36,2137,14.6,.572,.476,.268,3.6,17.3,10.3,19.5,1.9,0.6,12.3,19.7,2.2,2.3,4.5,.102,0.0,0.1,0.1,1.1,,2026
38,Bam Adebayo,28,MIA,C,66,66,2119,18.4,.545,.344,.364,6.5,25.6,16.0,13.4,1.7,1.9,8.3,25.4,2.1,3.3,5.4,.122,1.2,0.4,1.6,1.9,,2026
39,Naji Marshall,28,DAL,SF,71,44,2108,15.7,.599,.262,.370,3.3,13.5,8.5,16.4,1.7,0.2,11.2,20.6,2.6,1.8,4.5,.102,-0.5,0.1,-0.4,0.9,,2026
40,Collin Gillespie,26,PHO,PG,73,54,2107,15.8,.586,.683,.108,3.9,12.2,7.9,23.8,2.2,0.7,12.4,18.8,3.7,2.3,6.0,.137,2.3,0.6,2.9,2.6,,2026
41,Onyeka Okongwu,25,ATL,C,68,57,2107,16.1,.594,.442,.229,6.4,20.6,13.4,14.4,1.7,3.1,11.9,19.7,2.4,3.0,5.4,.124,-0.1,0.8,0.7,1.4,,2026
42,Shai Gilgeous-Alexander,27,OKC,PG,63,63,2107,31.0,.664,.227,.467,1.8,11.9,7.0,34.8,2.0,2.4,8.4,33.4,10.4,3.9,14.3,.325,8.8,3.0,11.8,7.3,AS,2026
43,Cooper Flagg,19,DAL,SF,62,62,2101,17.5,.550,.205,.284,3.9,16.6,10.3,21.4,1.7,2.3,11.4,26.0,1.1,2.3,3.4,.078,0.7,0.5,1.2,1.7,,2026
44,Cade Cunningham,24,DET,PG,61,61,2096,21.9,.567,.308,.330,2.9,15.0,9.0,44.7,2.1,2.5,14.6,30.6,4.3,3.5,7.8,.179,5.0,1.6,6.5,4.5,AS,2026
45,Nikola Jokić,30,DEN,C,60,60,2095,32.5,.674,.269,.422,9.9,30.7,20.8,51.4,2.0,2.1,15.6,30.5,10.7,3.1,13.8,.317,10.1,4.1,14.3,8.6,AS,2026
46,CJ McCollum,34,2TM,PG,70,54,2083,15.9,.567,.447,.215,3.0,9.4,6.1,19.4,1.2,1.2,9.7,25.8,1.8,0.8,2.6,.061,1.3,-2.0,-0.7,0.7,,2026
46,CJ McCollum,34,WAS,SG,35,35,1082,15.3,.573,.461,.193,2.2,10.1,6.1,18.1,1.1,0.7,9.2,24.4,1.1,-0.1,1.0,.046,1.2,-2.7,-1.5,0.1,,2026
46,CJ McCollum,34,ATL,PG,35,19,1001,16.5,.562,.432,.237,3.7,8.6,6.1,20.8,1.4,1.7,10.2,27.3,0.7,0.9,1.6,.076,1.5,-1.3,0.2,0.6,,2026
47,Wendell Carter Jr.,26,ORL,C,70,70,2073,14.3,.614,.369,.362,7.8,20.6,14.1,9.9,1.3,1.9,11.4,15.5,3.2,2.4,5.6,.130,-0.9,0.4,-0.4,0.8,,2026
48,Anthony Edwards,24,MIN,SG,58,58,2061,22.3,.621,.418,.359,1.9,13.6,7.9,17.6,1.9,2.0,10.7,31.5,4.1,2.6,6.7,.157,5.0,-0.1,4.9,3.6,AS,2026
49,Kris Dunn,31,LAC,PG,75,63,2060,11.6,.587,.444,.173,3.2,10.6,7.0,18.0,2.9,0.6,17.2,12.5,1.8,2.1,3.9,.090,-2.2,1.4,-0.7,0.6,,2026
50,Royce O'Neale,32,PHO,SF,71,66,2057,11.5,.591,.831,.055,2.8,16.0,9.2,13.1,1.9,1.3,13.9,14.4,1.7,2.5,4.1,.097,-0.4,0.9,0.6,1.3,,2026
51,Julian Champagnie,24,SAS,SF,74,60,2046,13.0,.612,.756,.208,3.6,18.4,11.2,6.9,1.4,1.4,9.0,15.2,2.5,3.1,5.6,.131,0.5,0.9,1.3,1.7,,2026
52,Bub Carrington,20,WAS,PG,74,40,2040,9.7,.550,.566,.160,1.7,12.1,6.8,22.5,1.1,0.6,19.5,17.6,-0.3,0.0,-0.3,-0.006,-2.3,-2.3,-4.6,-1.3,,2026
53,Max Christie,22,DAL,SG,69,60,2031,11.1,.606,.606,.178,0.8,10.9,6.0,9.5,1.0,1.0,11.3,16.5,1.2,1.3,2.6,.061,-0.9,-0.5,-1.4,0.3,,2026
54,OG Anunoby,28,NYK,PF,61,61,2027,15.6,.617,.491,.276,4.3,12.8,8.5,9.4,2.4,2.1,12.4,19.8,2.6,2.9,5.5,.131,0.7,1.2,1.9,2.0,,2026
55,Tim Hardaway Jr.,33,DEN,SG,75,5,2021,13.8,.628,.704,.257,0.9,9.5,5.4,7.0,0.9,0.4,4.8,18.7,3.4,0.9,4.3,.101,1.4,-2.0,-0.5,0.7,,2026
56,Quentin Grimes,25,PHI,SG,67,19,2015,13.2,.590,.516,.329,2.3,11.3,6.7,16.3,1.5,1.2,13.8,19.0,1.9,1.4,3.4,.080,-0.7,-0.6,-1.3,0.3,,2026
57,Pascal Siakam,31,IND,PF,60,60,2001,18.4,.559,.256,.335,4.6,17.5,10.9,19.8,1.6,1.1,9.6,30.1,1.0,1.4,2.4,.058,1.6,-1.1,0.6,1.3,AS,2026
58,A.J. Green,26,MIL,SG,70,61,1992,8.8,.613,.897,.099,1.1,8.9,5.0,9.1,0.8,0.4,9.8,13.4,1.5,0.3,1.8,.044,-2.0,-1.7,-3.7,-0.9,,2026
59,De'Aaron Fox,28,SAS,PG,64,64,1992,17.9,.582,.376,.243,2.1,10.6,6.5,30.0,1.8,0.8,12.4,25.0,3.2,2.7,5.9,.142,1.8,0.6,2.4,2.2,AS,2026
60,Deni Avdija,25,POR,SF,60,60,1983,20.1,.597,.375,.577,3.7,19.1,11.3,32.1,1.1,1.7,16.2,29.2,3.8,2.2,6.0,.146,3.6,0.4,4.0,3.0,AS,2026
61,Duncan Robinson,31,DET,SF,71,71,1960,12.0,.617,.776,.154,1.6,9.2,5.5,9.9,1.0,1.1,6.5,15.5,3.3,2.2,5.5,.135,0.6,-0.1,0.5,1.3,,2026
62,Reed Sheppard,21,HOU,SG,74,16,1944,15.2,.556,.601,.097,1.6,10.6,6.1,18.8,2.9,2.4,11.7,21.8,2.1,2.8,4.9,.121,0.8,1.4,2.2,2.1,,2026
63,Devin Booker,29,PHO,SG,58,58,1938,19.9,.579,.309,.434,2.4,10.8,6.5,29.9,1.2,0.9,12.6,32.0,3.9,1.6,5.5,.136,2.9,-1.1,1.8,1.9,AS,2026
64,Cason Wallace,22,OKC,SG,72,57,1933,12.2,.536,.485,.120,3.5,8.8,6.3,13.0,3.6,1.4,10.8,14.5,0.9,4.0,4.9,.123,-2.1,3.3,1.2,1.6,,2026
65,Donovan Clingan,21,POR,C,71,71,1932,21.0,.602,.351,.310,17.8,28.8,23.3,11.6,1.0,5.6,11.1,17.0,4.7,3.2,7.9,.195,2.4,0.6,3.0,2.4,,2026
66,Jaime Jaquez Jr.,24,MIA,SF,68,1,1916,15.3,.561,.189,.250,4.6,14.0,9.2,24.3,1.2,0.9,13.3,22.2,1.7,2.0,3.6,.091,-0.1,0.2,0.1,1.0,,2026
67,Evan Mobley,24,CLE,PF,59,57,1908,19.7,.593,.256,.344,8.0,22.1,15.1,16.6,1.2,5.2,10.9,22.4,3.2,2.7,5.9,.148,1.8,1.3,3.0,2.4,,2026
68,Kawhi Leonard,34,LAC,SF,59,59,1890,28.3,.629,.352,.334,4.0,18.6,11.5,21.1,3.0,1.3,8.5,33.9,6.0,2.5,8.5,.216,7.4,0.7,8.1,4.8,AS,2026
69,Jeremiah Fears,19,NOP,PG,76,45,1889,12.6,.513,.299,.225,3.0,12.5,7.7,19.6,2.2,1.3,14.8,25.0,-1.4,1.2,-0.1,-0.004,-2.1,-1.4,-3.5,-0.7,,2026
70,Nic Claxton,26,BRK,C,67,66,1874,17.8,.590,.032,.395,9.9,19.7,14.5,21.8,1.2,3.8,12.0,17.6,3.4,1.6,4.9,.126,0.5,0.7,1.2,1.5,,2026
71,Chet Holmgren,23,OKC,PF,64,64,1874,21.2,.648,.308,.370,7.3,25.0,16.5,8.6,0.9,6.2,10.4,21.8,4.1,4.3,8.4,.215,2.2,1.6,3.9,2.8,AS,2026
72,Jarace Walker,22,IND,PF,73,38,1866,11.6,.547,.488,.251,2.6,19.6,10.9,13.8,1.5,1.1,14.5,20.5,-0.8,1.4,0.5,.014,-1.8,-0.8,-2.6,-0.3,,2026
73,Andrew Wiggins,30,MIA,SF,61,61,1866,15.4,.582,.397,.189,5.8,11.0,8.4,12.6,1.7,3.0,10.1,19.8,2.0,2.3,4.3,.110,0.8,0.6,1.4,1.6,,2026
74,Bruce Brown,29,DEN,SG,76,2,1855,10.5,.560,.285,.237,5.1,12.1,8.8,11.0,2.0,0.9,13.5,14.3,1.1,1.6,2.6,.068,-2.5,0.0,-2.5,-0.3,,2026
75,Russell Westbrook,37,SAC,SF,64,58,1853,15.1,.528,.452,.218,4.7,16.6,10.5,34.4,2.2,0.6,18.5,25.9,-0.6,0.9,0.3,.007,0.6,-1.1,-0.5,0.7,,2026
76,Naz Reid,26,MIN,C,71,2,1851,15.7,.573,.521,.145,5.1,20.9,13.2,12.8,1.8,3.3,12.2,21.9,1.1,3.0,4.1,.105,0.2,1.0,1.2,1.5,,2026
77,Anthony Black,22,ORL,PG,60,40,1841,13.9,.552,.385,.292,2.6,11.5,7.0,18.7,2.3,2.0,13.1,22.0,0.4,2.1,2.5,.066,-1.1,0.5,-0.6,0.7,,2026
78,Stephon Castle,21,SAS,PG,62,61,1837,17.3,.573,.297,.478,5.0,13.3,9.3,34.2,1.9,0.9,17.9,25.1,2.4,2.7,5.1,.134,0.8,0.9,1.7,1.7,,2026
79,Derik Queen,21,NOP,C,75,45,1832,15.8,.547,.119,.363,7.1,23.2,15.1,21.5,1.9,3.4,18.0,21.7,0.4,2.0,2.4,.063,-1.5,0.6,-0.8,0.5,,2026
80,Jake LaRavia,24,LAL,PF,74,36,1821,12.1,.571,.471,.294,7.0,11.0,9.1,9.5,2.4,1.6,12.5,14.7,1.6,1.8,3.4,.090,-1.5,0.3,-1.3,0.3,,2026
81,Jaylen Wells,22,MEM,SG,69,69,1821,11.5,.559,.523,.245,3.6,9.6,6.5,8.7,1.6,0.5,8.7,19.3,0.9,0.9,1.9,.049,-1.8,-1.3,-3.1,-0.5,,2026
82,Davion Mitchell,27,MIA,PG,64,64,1818,12.0,.575,.422,.129,1.6,8.1,4.8,29.5,1.7,0.5,16.5,13.4,2.3,1.7,4.0,.105,-1.5,0.7,-0.8,0.6,,2026
83,Myles Turner,29,MIL,C,67,67,1817,14.0,.586,.600,.270,4.4,17.5,11.0,7.7,1.3,5.6,10.6,18.6,1.1,1.6,2.7,.072,-0.9,-0.1,-1.0,0.5,,2026
84,Josh Hart,30,NYK,SF,60,46,1817,16.3,.612,.407,.209,5.3,22.6,13.9,22.3,1.9,0.9,15.9,16.8,3.1,2.8,5.9,.155,1.3,2.1,3.4,2.5,,2026
85,Harrison Barnes,33,SAS,PF,69,52,1808,11.8,.605,.628,.209,3.5,8.2,5.9,10.0,1.2,0.5,9.0,14.8,2.4,2.0,4.4,.116,-0.1,0.1,0.0,0.9,,2026
86,LaMelo Ball,24,CHO,PG,65,62,1805,19.3,.539,.582,.140,3.7,15.6,9.8,42.3,2.1,0.8,13.1,32.0,3.0,2.2,5.2,.137,4.3,-0.2,4.1,2.8,,2026
87,Devin Vassell,25,SAS,SG,59,57,1796,13.4,.581,.573,.175,2.0,11.3,6.8,11.2,1.4,1.1,6.8,18.2,2.2,2.3,4.5,.120,0.4,0.4,0.8,1.3,,2026
88,Ace Bailey,19,UTA,SF,66,55,1795,11.9,.538,.447,.103,5.9,10.9,8.3,9.7,1.5,2.4,10.1,21.1,0.0,0.3,0.3,.008,-1.6,-2.5,-4.1,-0.9,,2026
89,Jalen Duren,22,DET,C,64,64,1794,26.2,.681,.000,.526,15.5,26.5,21.1,10.3,1.5,3.0,11.1,23.6,6.5,3.5,10.0,.267,4.4,0.5,4.9,3.1,AS,2026
90,Andrew Nembhard,26,IND,PG,57,57,1786,15.8,.564,.393,.311,1.5,8.5,4.9,37.2,1.4,0.4,13.8,23.6,2.2,0.6,2.8,.076,1.2,-2.0,-0.9,0.5,,2026
91,Keyonte George,22,UTA,PG,54,54,1786,18.7,.609,.410,.429,1.4,10.9,6.1,28.8,1.5,0.8,13.7,28.0,3.2,0.1,3.3,.090,3.0,-2.1,0.9,1.3,,2026
92,LeBron James,41,LAL,SF,53,53,1780,20.2,.591,.265,.329,2.9,17.5,10.4,32.3,1.6,1.6,14.3,26.8,2.9,1.7,4.6,.124,3.0,0.0,2.9,2.2,AS,2026
93,Maxime Raynaud,22,SAC,C,68,50,1776,15.6,.610,.102,.240,8.0,23.8,15.7,7.3,1.0,1.9,10.9,18.0,2.2,0.9,3.0,.082,-1.2,-1.6,-2.9,-0.4,,2026
94,Neemias Queta,26,BOS,C,70,69,1768,19.5,.660,.015,.354,12.9,23.0,18.0,8.8,1.7,5.1,12.3,14.7,4.4,3.3,7.7,.210,0.3,1.9,2.2,1.9,,2026
95,Deandre Ayton,27,LAL,C,64,64,1760,17.9,.677,.000,.230,11.4,23.6,17.7,4.6,1.1,3.1,12.1,16.4,3.4,2.0,5.4,.147,-0.1,-0.9,-1.0,0.5,,2026
96,Sam Hauser,28,BOS,PF,71,43,1756,11.5,.573,.850,.029,3.4,13.5,8.5,7.7,1.1,1.3,5.6,14.5,2.3,1.9,4.2,.115,0.2,0.0,0.2,1.0,,2026
97,Zion Williamson,25,NOP,PF,59,52,1755,23.2,.646,.005,.571,7.5,13.4,10.4,18.1,1.6,1.7,10.9,26.0,5.0,1.0,6.0,.165,3.8,-0.6,3.2,2.3,,2026
98,Brandon Miller,23,CHO,SF,58,58,1753,16.8,.574,.508,.219,4.1,14.8,9.5,18.5,1.7,2.1,13.3,28.5,1.7,2.1,3.7,.102,1.7,-0.1,1.5,1.6,,2026
99,Nikola Vučević,35,2TM,C,60,49,1740,18.0,.577,.331,.118,7.5,24.0,15.9,17.8,1.0,2.1,9.0,21.5,2.6,1.8,4.4,.120,1.6,0.1,1.6,1.6,,2026
99,Nikola Vučević,35,CHI,C,48,48,1480,18.2,.585,.330,.112,7.3,23.4,15.5,18.7,1.0,1.8,9.1,21.5,2.3,1.3,3.6,.117,1.9,-0.1,1.8,1.4,,2026
99,Nikola Vučević,35,BOS,C,12,1,260,17.0,.532,.336,.155,8.6,27.4,18.1,12.4,1.0,3.5,8.6,21.5,0.3,0.5,0.8,.139,-0.4,1.0,0.6,0.2,,2026
100,Moussa Diabaté,24,CHO,C,67,41,1739,17.5,.650,.006,.493,16.7,21.2,19.0,9.9,1.5,3.5,13.7,11.7,4.3,2.5,6.8,.188,0.5,1.1,1.6,1.6,,2026
101,Noah Clowney,21,BRK,PF,64,58,1739,11.4,.555,.625,.353,3.3,15.1,8.9,9.6,1.4,2.3,12.1,20.3,0.1,1.2,1.3,.035,-2.0,-1.1,-3.1,-0.5,,2026
102,Jaylon Tyson,23,CLE,SG,64,40,1727,14.8,.614,.448,.158,7.4,13.5,10.4,11.4,1.4,1.4,12.1,18.9,2.4,1.6,4.0,.112,0.7,-0.5,0.2,0.9,,2026
103,Marcus Smart,31,LAL,SG,60,53,1725,9.8,.547,.616,.269,2.5,8.5,5.6,12.7,2.4,1.2,14.4,15.3,0.4,1.5,1.9,.054,-2.8,0.5,-2.4,-0.2,,2026
104,Victor Wembanyama,22,SAS,C,59,50,1725,28.5,.616,.329,.414,7.6,33.2,20.7,16.9,1.8,9.4,11.3,31.9,3.9,4.6,8.5,.238,5.5,4.0,9.6,5.1,AS,2026
105,Keldon Johnson,26,SAS,SF,74,0,1715,17.5,.625,.337,.230,7.7,17.0,12.5,8.8,1.1,0.5,7.6,20.5,3.7,2.3,6.0,.168,1.4,-0.1,1.3,1.4,,2026
106,Kyle Kuzma,30,MIL,PF,65,40,1715,14.1,.581,.349,.280,3.6,15.8,9.7,14.7,1.2,1.5,12.7,21.6,1.0,0.9,1.9,.053,-1.0,-1.3,-2.4,-0.2,,2026
107,Rui Hachimura,27,LAL,PF,60,35,1710,11.0,.615,.456,.113,2.5,10.5,6.6,4.0,0.9,1.0,6.6,14.7,1.7,0.9,2.6,.074,-1.0,-1.5,-2.5,-0.2,,2026
108,Tristan Da Silva,24,ORL,SF,69,32,1707,12.3,.580,.529,.138,3.3,13.6,8.4,8.7,1.8,1.2,8.8,16.2,1.3,1.7,3.1,.086,-0.5,0.1,-0.4,0.7,,2026
109,Draymond Green,35,GSW,PF,62,62,1706,10.2,.536,.626,.165,3.1,19.5,11.2,26.7,1.6,2.0,25.3,16.5,-0.6,2.0,1.4,.040,-2.5,0.9,-1.6,0.2,,2026
110,P.J. Washington,27,DAL,PF,55,52,1706,13.2,.534,.352,.281,5.3,18.6,12.1,8.2,1.5,3.0,11.2,20.2,-0.3,2.0,1.7,.048,-1.7,0.2,-1.6,0.2,,2026
111,John Collins,28,LAC,PF,62,52,1702,16.0,.646,.340,.237,6.5,15.4,11.1,5.7,1.6,2.7,11.4,19.0,2.5,1.6,4.2,.118,-0.1,-0.4,-0.5,0.7,,2026
112,Luguentz Dort,26,OKC,SF,62,62,1701,7.8,.514,.707,.120,3.6,10.8,7.3,5.7,1.4,1.5,9.0,14.2,-0.2,2.7,2.6,.072,-3.0,0.6,-2.4,-0.2,,2026
113,Sion James,23,CHO,SG,75,19,1695,8.2,.546,.628,.290,3.0,13.7,8.4,11.3,1.3,1.1,14.2,10.7,1.2,1.6,2.8,.079,-2.9,0.9,-2.0,0.0,,2026
114,Jerami Grant,31,POR,PF,57,38,1695,15.4,.608,.479,.441,3.5,9.2,6.3,11.0,1.2,1.9,12.0,23.7,2.6,1.4,4.0,.113,1.0,-0.9,0.0,0.9,,2026
115,Michael Porter Jr.,27,BRK,SF,52,52,1689,19.9,.595,.506,.237,4.5,21.6,12.6,18.1,1.6,0.7,10.3,30.4,1.8,1.3,3.1,.088,4.3,-1.2,3.1,2.1,,2026
116,Ausar Thompson,23,DET,SF,65,64,1686,16.0,.539,.044,.331,9.0,15.5,12.3,15.1,3.7,3.4,13.6,17.2,1.2,3.7,4.9,.140,-0.8,3.4,2.6,2.0,,2026
117,Ayo Dosunmu,26,2TM,SG,63,14,1685,16.4,.632,.384,.193,2.7,10.1,6.5,19.7,1.4,0.8,10.3,20.1,3.3,1.1,4.4,.124,1.3,-0.4,0.8,1.2,,2026
117,Ayo Dosunmu,26,CHI,SG,45,10,1187,17.1,.636,.397,.216,3.0,9.1,6.1,20.7,1.3,0.9,10.3,20.9,2.4,0.6,3.0,.122,1.6,-0.9,0.8,0.8,,2026
117,Ayo Dosunmu,26,MIN,SG,18,4,498,14.8,.621,.348,.133,2.0,12.5,7.4,17.2,1.4,0.7,10.3,18.1,0.8,0.5,1.4,.131,0.4,0.6,1.0,0.4,,2026
118,Josh Giddey,23,CHI,PG,52,49,1673,18.4,.566,.394,.320,4.2,23.2,13.9,41.5,1.5,1.2,19.2,24.7,1.8,1.6,3.4,.098,2.4,0.5,2.9,2.0,,2026
119,Austin Reaves,27,LAL,SG,48,42,1671,20.7,.644,.430,.483,2.2,13.4,8.0,24.1,1.5,1.1,13.5,26.5,4.3,1.3,5.6,.162,3.7,-0.7,3.0,2.1,,2026
120,Pelle Larsson,24,MIA,SG,64,49,1666,13.0,.608,.347,.418,3.8,9.7,6.7,17.0,1.2,0.8,13.4,16.4,2.3,1.5,3.8,.110,-1.1,0.1,-1.0,0.4,,2026
121,Nique Clifford,23,SAC,SG,69,22,1661,8.6,.492,.397,.152,4.0,13.1,8.4,12.5,1.8,1.2,14.9,16.5,-1.2,0.6,-0.6,-0.018,-4.0,-1.0,-5.0,-1.3,,2026
122,Kyle Filipowski,22,UTA,C,72,36,1660,15.8,.589,.345,.347,8.5,24.7,16.5,15.3,2.0,2.1,15.1,19.6,1.6,1.2,2.8,.080,-0.8,-0.5,-1.3,0.3,,2026
123,Cam Spencer,25,MEM,SG,69,17,1654,17.0,.642,.586,.238,2.5,9.3,5.8,32.2,1.5,0.6,12.9,17.1,4.4,0.8,5.2,.150,2.8,-0.7,2.1,1.7,,2026
124,Norman Powell,32,MIA,SG,55,52,1654,17.7,.611,.456,.352,1.2,11.2,6.2,13.0,1.8,0.8,9.7,27.1,2.3,1.8,4.0,.117,1.9,-0.1,1.8,1.6,AS,2026
125,Jamal Shead,23,TOR,PG,74,10,1644,10.6,.484,.526,.225,1.7,7.8,4.7,30.7,2.1,0.8,16.4,15.5,0.6,1.8,2.4,.069,-2.4,0.1,-2.3,-0.1,,2026
126,Oso Ighodaro,23,PHO,PF,74,20,1631,13.6,.638,.003,.324,8.2,17.1,12.5,13.8,2.1,2.8,20.0,12.3,1.8,2.3,4.1,.120,-2.3,2.2,-0.1,0.8,,2026
127,Bobby Portis,30,MIL,PF,67,9,1619,17.2,.587,.395,.091,6.3,23.5,15.0,10.4,1.2,0.7,7.8,23.1,1.6,1.2,2.8,.083,1.5,-1.6,-0.1,0.8,,2026
128,Tobias Harris,33,DET,PF,57,57,1610,14.6,.565,.342,.232,3.5,17.0,10.3,12.4,1.5,1.5,7.9,18.8,2.2,2.5,4.7,.139,0.3,0.7,1.1,1.3,,2026
129,Peyton Watson,23,DEN,SF,53,40,1588,14.4,.594,.339,.328,3.6,14.4,9.2,9.8,1.5,3.6,12.2,20.6,1.0,1.6,2.6,.078,-0.7,-0.5,-1.2,0.3,,2026
130,Brice Sensabaugh,22,UTA,SF,69,17,1587,14.2,.584,.518,.227,3.7,10.7,7.2,11.5,1.5,0.6,11.0,24.6,0.9,0.1,1.0,.029,0.1,-3.0,-3.0,-0.4,,2026
131,Precious Achiuwa,26,SAC,C,67,51,1568,16.2,.565,.162,.218,10.6,20.9,15.6,8.0,1.9,2.7,8.7,16.9,1.7,1.1,2.8,.085,-0.5,-0.9,-1.4,0.2,,2026
132,Sandro Mamukelashvili,26,TOR,C,72,13,1567,18.0,.632,.463,.246,7.0,18.4,12.6,12.2,1.8,2.4,8.7,18.9,3.1,2.3,5.4,.165,1.8,0.7,2.5,1.8,,2026
133,Isaac Okoro,25,CHI,SG,58,57,1564,9.5,.569,.479,.242,4.6,6.3,5.4,7.5,1.1,1.6,8.4,13.8,1.2,0.7,1.9,.057,-3.0,-1.0,-4.0,-0.8,,2026
134,Kel'el Ware,21,MIA,C,70,32,1563,19.9,.610,.350,.151,13.3,29.0,21.1,4.1,1.7,4.3,8.4,18.0,2.8,2.9,5.7,.174,1.9,0.2,2.0,1.6,,2026
135,Jay Huff,27,IND,C,75,44,1562,15.1,.596,.620,.172,4.4,16.0,10.1,9.5,1.2,7.5,9.8,17.7,1.2,1.6,2.9,.088,-0.9,1.2,0.3,0.9,,2026
136,Dennis Schröder,32,2TM,PG,63,16,1557,12.7,.522,.372,.322,1.8,10.6,6.1,27.5,1.5,0.6,14.6,21.1,0.5,0.6,1.1,.035,-1.0,-1.4,-2.4,-0.1,,2026
136,Dennis Schröder,32,SAC,PG,40,14,1056,13.7,.531,.393,.315,2.3,10.9,6.4,28.6,1.5,0.5,14.1,22.5,0.5,0.1,0.6,.028,0.0,-1.9,-1.9,0.0,,2026
136,Dennis Schröder,32,CLE,PG,23,2,501,10.6,.498,.314,.340,0.9,9.9,5.4,25.0,1.7,0.8,15.7,18.2,0.1,0.4,0.5,.049,-2.9,-0.3,-3.3,-0.2,,2026
137,Tre Jones,26,CHI,PG,57,33,1542,18.0,.628,.215,.370,2.3,9.9,6.2,29.3,2.2,0.6,11.9,18.5,3.8,1.1,4.9,.152,0.7,0.4,1.1,1.2,,2026
138,Herbert Jones,27,NOP,SF,53,53,1541,9.2,.490,.539,.130,3.2,9.6,6.4,12.9,2.7,1.7,12.2,15.1,-0.3,1.1,0.8,.025,-3.7,0.6,-3.1,-0.4,,2026
139,Moses Moody,23,GSW,SG,60,49,1540,13.5,.600,.677,.203,3.6,10.9,7.2,9.2,1.8,2.0,8.6,18.2,1.7,1.5,3.2,.099,0.2,-0.3,-0.1,0.7,,2026
140,Dillon Brooks,30,PHO,SF,50,50,1530,14.7,.547,.392,.216,2.7,10.8,6.6,9.6,1.7,0.5,8.5,29.0,0.7,1.4,2.1,.066,-0.7,-1.3,-2.0,0.0,,2026
141,Isaiah Collier,21,UTA,PG,59,19,1517,14.9,.567,.194,.406,1.5,9.4,5.4,39.7,2.1,1.3,19.6,20.5,1.4,0.3,1.7,.054,-0.6,-1.9,-2.5,-0.2,,2026
142,Dominick Barlow,22,PHI,PF,63,56,1513,13.3,.597,.215,.329,8.6,13.1,10.8,7.3,1.8,2.7,11.0,13.2,2.0,1.4,3.4,.109,-1.4,0.2,-1.2,0.3,,2026
143,Terance Mann,29,BRK,SG,62,50,1507,10.3,.561,.416,.220,5.1,10.5,7.6,18.7,1.3,0.9,14.8,13.5,1.2,0.7,1.9,.060,-2.7,-0.6,-3.3,-0.5,,2026
144,Cameron Johnson,29,DEN,SF,50,50,1506,12.1,.619,.544,.242,2.8,10.4,6.8,10.2,1.1,1.2,8.1,15.0,2.2,0.9,3.1,.099,-0.1,-1.0,-1.1,0.4,,2026
145,RJ Barrett,25,TOR,SF,50,50,1499,17.2,.587,.356,.335,3.5,16.5,9.9,17.1,1.3,1.0,9.4,25.5,1.9,1.7,3.6,.115,1.2,-0.6,0.6,1.0,,2026
146,Jock Landale,30,2TM,C,67,27,1491,16.6,.593,.351,.228,13.1,14.9,14.0,11.1,1.1,2.2,9.0,18.3,2.7,1.2,3.9,.126,0.9,-1.0,-0.1,0.7,,2026
146,Jock Landale,30,MEM,C,45,25,1060,16.9,.594,.332,.229,14.2,15.6,14.9,10.5,1.1,1.9,9.7,18.6,1.9,0.7,2.7,.121,1.0,-1.2,-0.2,0.5,,2026
146,Jock Landale,30,ATL,C,22,2,431,16.1,.590,.400,.226,10.4,13.3,11.8,12.6,1.1,3.0,7.1,17.8,0.8,0.4,1.2,.139,0.5,-0.5,-0.1,0.2,,2026
147,Cedric Coward,22,MEM,SG,57,42,1479,15.1,.580,.423,.247,5.8,19.8,12.7,16.2,1.2,1.4,13.1,21.4,1.2,1.2,2.4,.078,0.2,-0.5,-0.2,0.7,,2026
148,Luke Kennard,29,2TM,SG,70,1,1467,13.1,.707,.595,.141,2.1,9.6,5.9,12.3,1.5,0.5,11.4,13.0,2.8,1.1,3.9,.126,0.1,0.0,0.1,0.8,,2026
148,Luke Kennard,29,ATL,SG,46,0,944,13.5,.713,.621,.146,2.2,9.3,5.7,13.3,1.7,0.5,11.1,12.7,1.8,0.8,2.7,.136,0.2,0.3,0.5,0.6,,2026
148,Luke Kennard,29,LAL,SG,24,1,523,12.4,.696,.548,.133,2.1,10.0,6.2,10.4,1.1,0.5,11.7,13.5,0.9,0.3,1.2,.109,-0.1,-0.5,-0.6,0.2,,2026
149,Bennedict Mathurin,23,2TM,SF,47,25,1455,15.2,.583,.359,.499,3.7,16.7,10.2,11.3,1.2,0.8,12.1,25.6,1.1,0.9,2.0,.067,-0.8,-1.6,-2.4,-0.2,,2026
149,Bennedict Mathurin,23,IND,SF,28,24,891,12.7,.589,.436,.408,2.6,16.2,9.2,10.5,0.9,0.4,13.2,23.2,0.3,0.4,0.7,.037,-1.1,-1.8,-2.9,-0.2,,2026
149,Bennedict Mathurin,23,LAC,SF,19,1,564,19.0,.576,.255,.624,5.3,17.5,11.6,12.6,1.7,1.3,10.7,29.5,0.8,0.5,1.3,.115,-0.4,-1.2,-1.6,0.1,,2026
150,Jaren Jackson Jr.,26,2TM,C,48,48,1454,15.8,.576,.327,.282,3.1,17.3,10.1,10.4,1.7,4.4,11.7,26.1,0.2,1.5,1.7,.055,-1.0,0.5,-0.5,0.5,,2026
150,Jaren Jackson Jr.,26,MEM,C,45,45,1382,15.4,.574,.328,.279,3.2,17.3,10.1,9.8,1.6,4.6,11.7,25.6,0.1,1.4,1.5,.054,-1.2,0.4,-0.8,0.4,,2026
150,Jaren Jackson Jr.,26,UTA,C,3,3,72,23.4,.598,.306,.327,1.5,18.4,9.8,20.7,3.9,1.4,11.1,36.1,0.1,0.1,0.1,.084,2.4,2.1,4.5,0.1,,2026
151,Ivica Zubac,28,2TM,C,48,47,1446,18.7,.622,.000,.295,13.4,27.2,20.5,11.3,0.6,2.6,13.6,19.3,2.7,1.6,4.2,.140,0.7,-1.0,-0.3,0.6,,2026
151,Ivica Zubac,28,LAC,C,43,42,1328,18.9,.635,.000,.308,13.4,27.7,20.8,11.3,0.6,2.6,14.4,19.0,2.6,1.5,4.1,.147,0.9,-0.8,0.1,0.7,,2026
151,Ivica Zubac,28,IND,C,5,5,118,16.4,.505,.000,.189,12.6,20.9,16.6,12.1,0.8,2.9,6.5,22.1,0.1,0.1,0.2,.064,-1.8,-2.9,-4.8,-0.1,,2026
152,Lauri Markkanen,28,UTA,PF,42,42,1443,21.3,.608,.402,.333,6.2,15.7,10.9,10.2,1.4,1.4,6.4,28.2,3.3,0.3,3.6,.120,4.7,-2.1,2.6,1.6,,2026
153,Brook Lopez,37,LAC,C,68,33,1442,12.2,.554,.599,.137,2.8,15.2,9.2,8.4,1.6,5.2,9.9,16.9,0.5,1.6,2.1,.069,-1.4,0.6,-0.8,0.5,,2026
154,Jordan Goodwin,27,PHO,PG,64,7,1440,14.4,.515,.534,.099,9.6,15.0,12.2,13.5,3.3,0.8,10.3,17.7,1.2,2.1,3.3,.111,0.0,1.3,1.3,1.2,,2026
155,Shaedon Sharpe,22,POR,SG,48,42,1439,15.4,.550,.351,.229,3.5,12.5,7.9,15.1,2.2,0.4,13.4,30.3,-0.3,1.5,1.3,.042,-0.3,-1.0,-1.3,0.3,,2026
156,Isaiah Joe,26,OKC,SG,66,9,1425,14.7,.638,.781,.231,2.5,10.4,6.6,8.8,1.6,0.8,6.9,18.2,2.7,2.2,5.0,.167,1.3,0.5,1.8,1.4,,2026
157,Jarrett Allen,27,CLE,C,52,52,1423,22.1,.672,.020,.470,10.4,23.7,17.0,10.1,1.7,3.0,10.4,19.5,4.0,2.1,6.1,.206,2.2,0.5,2.7,1.7,,2026
158,Spencer Jones,24,DEN,SF,64,37,1417,9.3,.619,.550,.195,6.2,10.2,8.3,4.5,1.8,1.9,9.8,9.7,1.5,1.2,2.6,.089,-2.5,0.0,-2.5,-0.2,,2026
159,Zaccharie Risacher,20,ATL,SF,61,45,1412,11.8,.557,.482,.169,4.8,13.4,9.1,6.8,1.8,2.1,9.0,17.7,0.4,1.6,2.0,.069,-2.2,-0.4,-2.7,-0.2,,2026
160,Klay Thompson,35,DAL,SF,64,8,1398,11.5,.545,.723,.064,1.3,9.0,5.2,9.2,1.1,1.2,7.9,22.5,-0.2,0.9,0.7,.022,0.2,-1.4,-1.2,0.3,,2026
161,Ron Holland,20,DET,SF,70,5,1396,11.9,.527,.361,.293,6.4,16.7,11.6,8.5,2.8,1.6,14.3,19.0,-0.1,2.6,2.6,.088,-3.2,1.3,-1.9,0.0,,2026
162,Sidy Cissoko,21,POR,SF,69,26,1396,7.2,.518,.592,.264,4.6,8.1,6.3,10.2,1.7,1.6,15.9,12.6,0.1,1.3,1.3,.045,-4.5,0.5,-4.0,-0.7,,2026
163,Kyshawn George,22,WAS,SF,48,48,1391,13.9,.559,.451,.227,3.3,15.7,9.4,22.6,1.6,2.7,16.5,22.8,0.2,0.6,0.8,.026,-0.6,-0.7,-1.2,0.3,,2026
164,Vít Krejčí,25,2TM,PG,64,8,1387,11.2,.611,.768,.120,2.4,9.3,5.8,9.7,1.6,1.2,8.4,14.6,1.5,1.3,2.8,.097,-1.5,-0.1,-1.6,0.1,,2026
164,Vít Krejčí,25,ATL,PG,46,8,1028,11.3,.639,.776,.117,2.0,8.4,5.1,8.7,1.7,1.2,8.5,14.4,1.2,0.9,2.1,.100,-1.3,-0.1,-1.4,0.2,,2026
164,Vít Krejčí,25,POR,PG,18,0,359,10.7,.538,.746,.127,3.6,11.9,7.7,12.5,1.3,1.2,8.1,15.3,0.3,0.3,0.7,.088,-2.0,-0.2,-2.2,0.0,,2026
165,Collin Sexton,27,2TM,SG,60,16,1381,17.6,.623,.389,.373,2.3,7.3,4.8,22.8,2.1,0.6,14.5,25.8,2.5,1.2,3.6,.126,1.4,-0.5,0.9,1.0,,2026
165,Collin Sexton,27,CHO,SG,42,12,938,17.7,.619,.350,.372,2.2,7.3,4.8,26.5,1.9,0.7,15.6,25.7,1.9,0.9,2.7,.139,1.6,-0.5,1.1,0.7,,2026
165,Collin Sexton,27,CHI,SG,18,4,443,17.4,.631,.466,.375,2.4,7.3,4.9,14.9,2.4,0.4,12.3,26.1,0.6,0.3,0.9,.098,0.9,-0.5,0.4,0.3,,2026
166,Bilal Coulibaly,21,WAS,SG,52,52,1377,12.9,.524,.394,.325,3.3,14.7,8.9,13.9,2.4,3.1,12.0,19.4,0.0,0.8,0.8,.028,-2.2,-0.2,-2.4,-0.2,,2026
167,Cody Williams,21,UTA,SG,60,34,1375,9.4,.534,.271,.221,4.1,9.0,6.5,9.8,1.5,1.9,11.8,15.0,0.1,0.1,0.2,.007,-3.6,-1.9,-5.4,-1.2,,2026
168,Kevin Huerter,27,2TM,SG,62,12,1374,13.1,.550,.540,.121,2.6,14.1,8.4,15.4,1.8,2.1,9.9,18.8,0.7,1.4,2.1,.073,-1.3,0.4,-0.9,0.4,,2026
168,Kevin Huerter,27,CHI,SF,44,11,1037,13.2,.559,.552,.139,2.4,14.8,8.7,16.0,1.6,2.2,10.3,19.3,0.5,0.9,1.3,.062,-1.1,0.1,-1.0,0.3,,2026
168,Kevin Huerter,27,DET,SG,18,1,337,12.8,.521,.500,.063,3.0,12.0,7.6,13.8,2.6,1.8,8.5,17.4,0.2,0.6,0.8,.107,-1.9,1.3,-0.5,0.1,,2026
169,Anfernee Simons,26,2TM,SG,55,5,1372,14.5,.576,.585,.119,2.5,8.1,5.4,14.7,1.0,0.6,9.1,23.6,1.8,1.1,2.9,.101,1.2,-1.4,-0.2,0.7,,2026
169,Anfernee Simons,26,BOS,SG,49,0,1202,15.1,.579,.579,.127,2.4,8.2,5.4,14.6,1.1,0.5,8.4,23.6,1.9,1.1,2.9,.118,1.5,-1.0,0.5,0.8,,2026
169,Anfernee Simons,26,CHI,SG,6,5,170,10.2,.554,.625,.063,3.2,7.4,5.3,15.8,0.0,1.0,13.7,23.4,-0.1,0.0,0.0,-0.014,-1.2,-3.7,-4.9,-0.1,,2026
170,Tre Johnson,19,WAS,SG,57,39,1370,10.9,.541,.499,.142,2.2,10.2,6.1,12.1,1.1,1.2,11.8,22.5,-0.4,0.0,-0.4,-0.015,-1.8,-2.8,-4.6,-0.9,,2026
171,Will Riley,19,WAS,SF,66,13,1362,12.0,.555,.403,.305,4.0,9.9,6.9,12.4,1.5,0.4,12.0,19.4,0.6,0.0,0.6,.020,-1.7,-2.5,-4.2,-0.8,,2026
172,Dylan Harper,19,SAS,SG,61,2,1361,16.0,.567,.281,.192,3.5,12.5,8.1,25.1,1.7,1.3,12.0,21.9,1.7,1.9,3.6,.127,0.2,1.1,1.3,1.1,,2026
173,Brandon Williams,26,DAL,PG,62,15,1359,16.6,.569,.254,.477,2.3,11.5,7.0,26.1,1.9,1.2,14.2,25.0,1.0,1.3,2.3,.082,0.1,0.3,0.4,0.8,,2026
174,Jrue Holiday,35,POR,PG,47,45,1357,16.5,.576,.498,.150,4.9,11.8,8.3,32.9,1.8,0.3,16.6,23.2,1.9,1.2,3.1,.110,2.5,-0.6,1.9,1.3,,2026
175,Kelly Oubre Jr.,30,PHI,SF,42,36,1357,13.0,.582,.449,.302,3.3,13.3,8.2,7.5,2.0,1.5,10.3,18.2,1.0,1.3,2.3,.081,-1.1,-0.4,-1.5,0.2,,2026
176,Ajay Mitchell,23,OKC,SG,52,14,1356,17.1,.590,.297,.277,3.0,11.1,7.2,20.3,2.4,1.2,11.2,22.1,2.0,2.5,4.5,.159,0.5,1.6,2.0,1.4,,2026
177,Grayson Allen,30,PHO,SG,46,26,1356,16.8,.572,.683,.238,2.5,9.0,5.6,21.0,2.3,0.8,9.6,24.1,2.4,1.4,3.8,.134,2.4,0.1,2.5,1.5,,2026
178,Tari Eason,24,HOU,PF,52,32,1348,12.7,.509,.445,.111,9.1,18.0,13.6,8.2,2.3,1.8,12.2,18.8,0.3,2.0,2.4,.084,-1.9,0.2,-1.7,0.1,,2026
179,Ben Sheppard,24,IND,SG,63,19,1344,9.7,.562,.607,.133,3.4,12.2,7.7,11.0,1.3,0.3,9.1,13.6,0.8,0.6,1.4,.048,-2.4,-0.6,-3.0,-0.4,,2026
180,Ryan Kalkbrenner,24,CHO,C,62,30,1338,18.0,.757,.019,.401,13.0,15.8,14.4,5.1,1.1,6.2,15.5,11.8,3.2,1.8,5.0,.181,0.5,1.2,1.7,1.3,,2026
181,Aaron Nesmith,26,IND,SF,45,42,1335,10.9,.554,.541,.217,3.8,11.7,7.6,9.4,0.9,1.5,10.1,19.9,0.2,0.5,0.7,.025,-1.7,-1.7,-3.5,-0.5,,2026
182,Gary Trent Jr.,27,MIL,SG,62,19,1328,8.3,.542,.723,.109,0.7,4.7,2.7,8.1,1.2,0.2,7.5,16.9,0.0,0.1,0.1,.004,-2.9,-2.2,-5.1,-1.1,,2026
183,Jalen Suggs,24,ORL,PG,49,48,1328,15.9,.560,.543,.196,2.6,13.2,7.8,29.0,3.2,2.5,17.5,23.2,0.3,2.0,2.2,.080,0.6,1.8,2.4,1.5,,2026
184,Mark Williams,24,PHO,C,56,52,1322,21.7,.670,.002,.396,14.1,24.1,19.0,6.5,1.9,3.6,10.9,17.4,3.7,2.1,5.8,.212,1.4,0.4,1.8,1.3,,2026
185,Egor Dёmin,19,BRK,PG,52,45,1308,11.3,.561,.717,.145,1.8,13.5,7.3,20.6,1.6,1.2,15.3,18.8,0.2,0.8,1.0,.035,-0.8,-0.7,-1.5,0.1,,2026
186,Javonte Green,32,DET,SG,74,5,1307,13.6,.597,.583,.301,4.8,12.2,8.6,5.1,3.4,1.7,9.3,14.7,1.6,2.4,4.0,.148,-0.7,2.3,1.6,1.2,,2026
187,Will Richard,23,GSW,SG,64,20,1306,11.5,.610,.607,.161,5.4,8.5,6.9,9.3,2.9,0.6,12.8,13.4,1.2,1.4,2.6,.096,-2.3,0.9,-1.4,0.2,,2026
188,Luke Kornet,30,SAS,C,62,23,1306,17.9,.683,.000,.426,14.5,16.9,15.8,11.0,1.0,4.4,8.4,10.4,4.1,2.1,6.3,.230,1.5,2.0,3.5,1.8,,2026
189,Alex Sarr,20,WAS,C,48,48,1305,19.4,.544,.229,.223,8.5,20.7,14.5,16.0,1.4,6.4,10.2,25.7,0.7,1.0,1.7,.064,0.9,-0.1,0.7,0.9,,2026
190,Keon Ellis,26,2TM,SG,65,8,1304,10.7,.578,.673,.189,2.8,7.1,4.9,6.0,2.8,3.1,9.3,12.9,0.7,1.1,1.9,.068,-1.7,1.5,-0.2,0.6,,2026
190,Keon Ellis,26,SAC,SG,43,5,758,9.1,.536,.689,.153,2.1,6.1,4.0,4.6,2.9,2.7,8.6,13.7,0.0,0.4,0.4,.023,-2.8,0.8,-2.0,0.0,,2026
190,Keon Ellis,26,CLE,SG,22,3,546,12.9,.647,.645,.250,3.6,8.6,6.1,8.0,2.7,3.8,10.4,11.8,0.8,0.7,1.5,.130,-0.2,2.5,2.2,0.6,,2026
191,Malik Monk,27,SAC,SG,58,3,1300,14.0,.561,.493,.170,1.3,8.6,4.8,20.8,1.3,1.5,11.2,24.0,0.7,0.1,0.9,.032,0.6,-2.2,-1.6,0.1,,2026
192,Aaron Wiggins,27,OKC,SG,58,19,1300,11.9,.540,.499,.142,3.4,12.0,7.9,10.5,2.0,2.0,12.7,20.0,-0.4,2.4,2.0,.073,-1.5,0.7,-0.8,0.4,,2026
193,Khris Middleton,34,2TM,SF,55,44,1296,11.7,.539,.339,.258,4.0,13.1,8.6,17.9,1.5,0.6,14.7,20.6,0.1,0.5,0.6,.022,-2.4,-1.4,-3.8,-0.6,,2026
193,Khris Middleton,34,WAS,SF,34,34,827,11.5,.531,.330,.230,3.8,13.6,8.7,19.0,1.5,1.0,14.7,19.6,0.1,0.2,0.2,.013,-2.6,-1.4,-4.0,-0.4,,2026
193,Khris Middleton,34,DAL,SF,21,10,469,12.1,.551,.354,.302,4.4,12.3,8.4,15.9,1.4,0.0,14.7,22.5,0.0,0.4,0.4,.038,-2.1,-1.3,-3.4,-0.2,,2026
194,Gui Santos,23,GSW,PF,64,27,1289,14.3,.617,.494,.260,5.9,15.6,10.7,16.5,2.1,1.6,17.0,18.3,1.2,1.5,2.6,.099,-0.8,0.4,-0.3,0.6,,2026
195,Walter Clayton,22,2TM,PG,64,4,1286,9.7,.507,.535,.264,1.6,9.4,5.4,25.9,1.6,1.3,18.1,18.3,-0.3,0.3,0.1,.002,-2.7,-1.8,-4.5,-0.8,,2026
195,Walter Clayton,22,UTA,PG,45,0,811,10.5,.540,.559,.242,2.0,10.0,5.9,23.7,1.4,1.5,16.8,17.3,0.3,0.0,0.3,.020,-1.8,-1.4,-3.2,-0.2,,2026
195,Walter Clayton,22,MEM,PG,19,4,475,8.4,.456,.497,.298,0.9,8.5,4.7,29.7,1.9,1.2,20.2,19.9,-0.6,0.3,-0.3,-0.028,-4.3,-2.4,-6.8,-0.6,,2026
196,Dean Wade,29,CLE,PF,57,36,1279,10.8,.571,.703,.139,4.4,16.2,10.3,8.4,1.6,1.6,5.2,10.0,1.6,1.4,3.0,.112,-0.9,1.0,0.1,0.7,,2026
197,Isaiah Stewart,24,DET,C,55,13,1273,15.1,.626,.303,.324,8.2,16.3,12.3,7.1,0.6,7.0,12.5,16.4,1.9,2.1,3.9,.149,-1.1,1.1,0.1,0.7,,2026
198,Sam Merrill,29,CLE,SG,48,36,1266,13.9,.659,.780,.144,2.3,8.5,5.4,12.1,1.0,0.5,7.8,17.0,2.7,0.8,3.5,.133,1.5,-1.0,0.5,0.8,,2026
199,Christian Braun,24,DEN,SG,40,40,1263,12.2,.601,.359,.275,5.2,11.3,8.4,11.6,1.0,0.8,9.8,14.8,1.8,0.7,2.5,.096,-0.6,-0.9,-1.5,0.2,,2026
200,Jose Alvarado,27,2TM,PG,64,1,1262,11.5,.536,.655,.094,2.0,11.5,6.7,22.9,2.3,0.5,14.4,16.5,0.8,1.0,1.8,.068,-1.7,0.1,-1.6,0.1,,2026
200,Jose Alvarado,27,NOP,PG,41,0,896,11.2,.558,.689,.086,1.9,11.9,6.9,19.3,2.0,0.4,13.9,15.8,0.6,0.5,1.0,.056,-1.5,-0.5,-2.0,0.0,,2026
200,Jose Alvarado,27,NYK,PG,23,1,366,12.4,.488,.579,.111,2.1,10.4,6.2,31.5,3.0,0.6,15.4,18.2,0.2,0.5,0.7,.098,-2.1,1.6,-0.5,0.1,,2026
201,Patrick Williams,24,CHI,PF,64,4,1261,8.2,.501,.565,.150,4.0,11.3,7.7,8.7,1.5,1.4,12.5,16.5,-0.8,0.8,0.0,.000,-3.2,-1.2,-4.4,-0.8,,2026
202,Kevin Porter Jr.,25,MIL,PG,38,36,1261,18.8,.567,.278,.304,3.1,14.6,8.9,33.8,3.2,1.5,15.9,24.3,1.5,1.3,2.8,.105,0.8,1.2,2.0,1.3,,2026
203,Ryan Dunn,23,PHO,SF,64,14,1252,11.7,.530,.471,.124,7.9,16.3,12.0,10.1,2.2,2.1,12.5,13.9,0.7,1.7,2.4,.091,-2.0,1.1,-1.0,0.3,,2026
204,Nicolas Batum,37,LAC,PF,69,6,1251,8.3,.596,.957,.048,2.1,14.2,8.4,6.4,1.9,1.7,13.2,9.6,0.5,1.2,1.7,.064,-1.7,0.6,-1.1,0.3,,2026
205,Ja'Kobe Walter,21,TOR,SG,64,14,1250,11.7,.607,.653,.223,4.4,9.7,7.0,7.4,2.3,0.9,7.9,14.3,1.5,1.5,3.0,.117,-1.5,0.9,-0.7,0.4,,2026
206,Baylor Scheierman,25,BOS,SG,69,18,1243,11.1,.603,.727,.079,4.7,16.6,10.7,10.1,1.5,0.4,11.9,11.4,1.6,1.6,3.2,.123,-1.1,1.3,0.3,0.7,,2026
207,Ziaire Williams,24,BRK,SF,54,12,1236,12.7,.588,.596,.324,2.7,10.0,6.2,7.3,3.0,1.5,10.8,18.6,0.7,1.1,1.7,.068,-1.9,0.5,-1.4,0.2,,2026
208,Kobe Sanders,23,LAC,SG,61,16,1234,9.2,.586,.501,.155,2.6,10.6,6.7,11.4,1.7,0.6,17.3,15.8,0.1,0.8,1.0,.038,-3.0,-0.5,-3.5,-0.5,,2026
209,Justin Champagnie,24,WAS,SF,63,17,1230,17.1,.595,.358,.234,11.1,18.6,14.8,8.5,2.0,2.8,8.6,16.3,2.2,0.8,2.9,.114,0.6,-0.9,-0.2,0.6,,2026
210,Josh Okogie,27,HOU,SG,70,29,1229,9.9,.551,.554,.227,6.4,9.6,8.0,6.1,2.4,1.0,11.1,11.4,1.0,1.4,2.4,.095,-2.5,1.2,-1.3,0.2,,2026
211,Zach LaVine,30,SAC,SG,39,37,1224,14.7,.614,.464,.260,0.7,9.4,4.9,11.2,1.1,0.7,10.8,23.8,1.2,0.0,1.2,.049,0.6,-2.2,-1.6,0.1,,2026
212,Daniss Jenkins,24,DET,PG,64,14,1223,13.2,.522,.353,.261,3.8,8.4,6.1,25.0,2.3,1.0,15.0,21.3,0.6,1.7,2.3,.092,-1.1,0.2,-0.9,0.3,,2026
213,Stephen Curry,37,GSW,PG,39,39,1222,22.7,.636,.602,.274,1.4,11.3,6.3,27.4,1.7,1.2,11.7,32.7,2.8,1.1,3.9,.152,6.3,-1.0,5.4,2.3,AS,2026
214,Yves Missi,21,NOP,C,63,12,1217,15.0,.549,.004,.347,15.1,16.7,15.9,8.7,0.8,7.5,13.7,12.6,1.4,1.0,2.5,.097,-1.5,-0.3,-1.8,0.1,,2026
215,Santi Aldama,25,MEM,PF,43,11,1198,16.4,.572,.420,.239,6.0,20.1,13.0,15.6,1.5,2.4,9.5,20.1,1.3,1.1,2.5,.099,1.3,0.5,1.7,1.1,,2026
216,Kris Murray,25,POR,SF,51,15,1197,9.5,.543,.441,.189,7.2,9.4,8.3,7.5,1.8,1.4,13.0,10.7,0.7,1.1,1.9,.075,-2.4,0.7,-1.7,0.1,,2026
217,Jaylin Williams,23,OKC,PF,60,11,1192,14.1,.602,.728,.260,3.0,25.8,14.8,16.1,1.3,3.2,14.7,15.8,1.3,2.6,3.9,.158,0.1,2.6,2.7,1.4,,2026
218,Danny Wolf,21,BRK,PF,57,15,1187,12.3,.521,.480,.248,5.3,23.1,13.7,17.0,1.3,2.5,13.0,20.6,-0.1,1.0,0.9,.036,-2.2,-0.3,-2.4,-0.1,,2026
219,Jordan Clarkson,33,NYK,SG,65,1,1183,11.4,.548,.428,.178,5.0,5.5,5.3,10.5,1.1,0.8,10.1,21.1,0.8,1.0,1.7,.069,-1.9,-1.5,-3.4,-0.4,,2026
220,Jimmy Butler,36,GSW,SF,38,38,1182,23.5,.646,.184,.621,8.1,11.8,9.9,24.2,2.2,0.6,9.3,23.2,4.7,1.2,5.8,.236,5.0,0.5,5.5,2.3,,2026
221,Derrick Jones Jr.,28,LAC,SF,43,38,1179,13.9,.612,.407,.251,4.9,9.0,7.0,7.5,1.8,3.5,8.5,15.5,1.6,1.0,2.7,.108,-0.2,0.0,-0.2,0.5,,2026
222,De'Andre Hunter,28,2TM,SF,45,25,1176,11.5,.545,.491,.285,2.8,14.5,8.6,10.7,1.2,0.5,11.7,22.9,0.1,1.0,1.1,.045,-2.5,-1.5,-3.9,-0.6,,2026
222,De'Andre Hunter,28,CLE,SF,43,23,1125,12.1,.553,.492,.284,2.8,14.9,8.9,11.1,1.3,0.5,11.6,22.9,0.3,1.0,1.3,.057,-2.1,-1.3,-3.4,-0.4,,2026
222,De'Andre Hunter,28,SAC,SF,2,2,51,-3.4,.347,.474,.316,2.1,4.5,3.3,2.5,0.0,0.0,15.6,21.4,-0.2,0.0,-0.2,-0.227,-11.0,-5.6,-16.6,-0.2,,2026
223,Day'Ron Sharpe,24,BRK,C,62,7,1160,20.6,.638,.110,.427,16.3,25.6,20.7,21.0,2.9,2.1,20.0,19.8,2.0,1.5,3.5,.147,0.5,1.0,1.5,1.0,,2026
224,Quinten Post,25,GSW,PF,67,35,1159,13.0,.560,.631,.098,6.4,19.6,12.9,11.9,1.1,2.8,10.9,18.8,0.7,1.3,1.9,.081,-1.0,-0.1,-1.1,0.3,,2026
225,Darius Garland,26,2TM,PG,39,37,1158,18.1,.599,.464,.188,1.7,7.2,4.4,36.7,1.5,0.4,15.7,27.3,2.0,0.7,2.7,.111,2.9,-2.5,0.4,0.7,,2026
225,Darius Garland,26,CLE,PG,26,26,792,15.6,.567,.435,.210,1.7,7.1,4.4,33.3,1.3,0.4,15.1,25.7,0.9,0.5,1.4,.085,0.9,-2.5,-1.6,0.1,,2026
225,Darius Garland,26,LAC,PG,13,11,366,23.4,.663,.520,.148,1.6,7.4,4.6,44.0,1.9,0.5,17.1,30.5,1.1,0.2,1.3,.168,7.1,-2.4,4.7,0.6,,2026
226,Drake Powell,20,BRK,SG,57,19,1147,7.7,.546,.525,.217,1.8,8.1,4.8,10.8,1.2,0.8,14.2,14.5,-0.1,0.4,0.2,.010,-4.2,-1.4,-5.6,-1.0,,2026
227,Jordan Miller,26,LAC,SF,53,1,1143,15.6,.610,.265,.452,5.3,11.3,8.4,14.6,1.8,0.7,11.9,18.3,1.9,0.8,2.8,.117,0.3,-0.6,-0.3,0.5,,2026
228,Coby White,25,2TM,SG,44,26,1142,15.9,.591,.513,.375,1.6,13.2,7.5,24.8,1.0,0.4,14.8,28.3,1.0,0.7,1.7,.073,0.3,-1.9,-1.5,0.1,,2026
228,Coby White,25,CHI,SG,29,26,843,14.3,.586,.529,.392,0.9,12.6,6.8,23.9,1.1,0.2,16.0,27.2,0.3,0.4,0.7,.040,-1.0,-2.3,-3.3,-0.3,,2026
228,Coby White,25,CHO,SG,15,0,299,20.7,.602,.476,.335,3.5,15.2,9.4,27.3,0.8,0.9,11.8,31.2,0.8,0.3,1.0,.164,4.1,-0.7,3.5,0.4,,2026
229,Nolan Traoré,19,BRK,PG,51,28,1137,7.2,.469,.383,.195,1.3,7.8,4.3,26.9,1.7,1.6,20.2,22.2,-2.1,0.6,-1.6,-0.067,-5.1,-2.1,-7.2,-1.5,,2026
230,Svi Mykhailiuk,28,UTA,SF,49,41,1132,11.5,.631,.653,.081,3.3,8.3,5.8,11.2,1.0,0.3,9.8,14.5,1.4,-0.2,1.2,.052,0.3,-1.9,-1.6,0.1,,2026
231,Dru Smith,28,MIA,SG,67,1,1122,14.6,.534,.395,.317,5.6,10.3,7.9,20.2,4.0,1.7,13.1,15.2,1.1,1.9,3.0,.130,-1.4,3.7,2.3,1.2,,2026
232,Jaxson Hayes,25,LAL,C,62,9,1120,17.9,.745,.008,.553,10.1,16.5,13.4,6.9,1.2,4.2,8.4,12.5,3.4,1.1,4.5,.193,0.5,0.4,0.9,0.8,,2026
233,Daniel Gafford,27,DAL,C,51,40,1119,18.6,.684,.000,.469,12.2,21.5,16.9,7.1,1.6,4.8,15.0,15.6,2.3,1.6,3.9,.166,-0.6,1.2,0.6,0.7,,2026
234,Marvin Bagley III,26,2TM,PF,56,10,1119,19.9,.655,.111,.365,13.3,19.4,16.4,11.0,1.1,3.0,11.9,18.6,2.7,0.7,3.4,.147,1.5,-1.0,0.5,0.7,,2026
234,Marvin Bagley III,26,WAS,PF,38,8,731,20.6,.667,.077,.394,14.0,17.6,15.8,11.7,1.3,3.2,13.2,19.0,1.9,0.3,2.2,.144,1.8,-1.1,0.8,0.5,,2026
234,Marvin Bagley III,26,DAL,PF,18,2,388,18.6,.633,.174,.311,12.0,22.9,17.6,9.7,0.7,2.6,9.1,17.9,0.8,0.4,1.2,.152,0.9,-0.8,0.1,0.2,,2026
235,Adem Bona,22,PHI,C,64,14,1118,12.9,.627,.030,.520,11.4,16.6,14.0,3.3,1.2,6.7,17.2,11.2,1.2,1.3,2.5,.108,-3.2,0.3,-2.9,-0.3,,2026
236,Simone Fontecchio,30,MIA,SF,66,7,1116,13.2,.565,.693,.218,4.9,13.7,9.3,11.5,1.5,0.7,8.7,19.7,1.1,1.2,2.3,.099,0.3,-0.2,0.1,0.6,,2026
237,Mouhamed Gueye,23,ATL,PF,71,8,1103,12.2,.545,.440,.223,8.1,17.2,12.6,7.2,2.5,3.0,9.9,12.6,0.8,1.7,2.5,.107,-2.6,1.1,-1.5,0.1,,2026
238,Collin Murray-Boyles,20,TOR,PF,50,22,1099,15.4,.609,.167,.281,12.0,13.1,12.5,11.7,2.0,4.2,14.5,14.7,1.6,1.6,3.2,.139,-0.9,1.5,0.6,0.7,,2026
239,Mitchell Robinson,27,NYK,C,56,15,1097,20.4,.668,.000,.514,24.0,25.6,24.8,6.1,2.2,6.0,15.3,10.4,2.9,2.2,5.2,.226,1.7,1.3,3.0,1.4,,2026
240,Jalen Smith,25,CHI,C,53,21,1095,16.7,.608,.545,.230,9.7,24.6,17.3,8.5,1.0,3.3,10.6,19.0,1.5,1.2,2.6,.116,0.3,-0.9,-0.6,0.4,,2026
241,Joel Embiid,31,PHI,C,35,35,1093,25.2,.612,.222,.478,6.6,19.7,13.1,22.4,0.9,3.3,11.6,33.6,2.7,1.1,3.8,.168,5.3,-0.3,5.0,1.9,,2026
242,Andre Drummond,32,PHI,C,56,24,1090,15.9,.536,.270,.250,17.5,29.8,23.5,8.1,1.4,4.0,14.4,15.1,1.2,1.6,2.8,.123,-0.8,-0.4,-1.1,0.2,,2026
243,Kentavious Caldwell-Pope,32,MEM,SG,51,14,1088,11.0,.533,.475,.219,2.0,10.6,6.2,17.6,1.9,0.7,13.2,17.6,0.2,0.7,0.9,.039,-2.3,-0.2,-2.5,-0.1,,2026
244,GG Jackson II,21,MEM,PF,51,24,1087,14.9,.578,.381,.285,4.5,17.3,10.8,10.0,1.3,3.3,12.6,23.1,0.2,1.0,1.1,.050,-0.8,-1.2,-1.9,0.0,,2026
245,Jusuf Nurkić,31,UTA,C,41,36,1083,16.5,.548,.198,.316,10.4,32.6,21.3,25.7,2.3,2.0,19.9,19.4,0.5,1.1,1.6,.070,-0.4,1.6,1.2,0.9,,2026
246,Jericho Sims,27,MIL,C,59,14,1074,12.0,.811,.000,.309,11.8,19.5,15.6,8.8,0.6,1.2,28.2,9.1,1.8,0.5,2.3,.105,-2.6,-1.0,-3.6,-0.4,,2026
247,Isaiah Hartenstein,27,OKC,C,43,42,1068,19.5,.624,.025,.352,14.8,27.0,21.1,20.5,2.0,3.0,19.8,16.4,2.2,2.6,4.8,.217,0.9,3.1,4.0,1.6,,2026
248,Jordan Walsh,21,BOS,PF,60,21,1059,13.2,.626,.446,.212,8.5,16.9,12.8,5.7,2.0,2.6,11.2,11.7,1.7,1.7,3.3,.151,-1.4,1.5,0.0,0.5,,2026
249,Landry Shamet,28,NYK,SG,46,12,1059,11.4,.602,.731,.218,2.0,7.0,4.5,8.5,1.3,0.9,7.1,15.9,1.5,0.9,2.4,.110,-0.3,0.2,-0.1,0.5,,2026
250,Pat Spencer,29,GSW,PG,59,12,1051,12.5,.519,.373,.143,4.7,10.0,7.3,27.8,2.0,0.3,15.5,18.7,0.6,0.9,1.5,.067,-1.6,-0.3,-1.8,0.0,,2026
251,Jared McCain,21,2TM,SG,60,1,1049,11.5,.548,.540,.126,2.3,10.7,6.5,11.0,1.5,0.5,9.6,20.4,0.2,1.1,1.3,.059,-1.4,-0.8,-2.2,0.0,,2026
251,Jared McCain,21,PHI,SG,37,1,620,9.4,.506,.515,.108,1.0,12.4,6.6,14.0,1.7,0.3,11.0,18.5,-0.2,0.5,0.3,.022,-2.9,-0.8,-3.7,-0.3,,2026
251,Jared McCain,21,OKC,SG,23,0,429,14.5,.595,.568,.146,4.2,8.3,6.3,6.6,1.1,0.7,7.8,23.2,0.4,0.6,1.0,.112,0.7,-0.8,-0.1,0.2,,2026
252,Taylor Hendricks,22,2TM,PF,55,13,1040,11.8,.555,.515,.207,6.4,15.2,10.7,7.1,2.0,2.6,11.8,16.2,0.2,0.7,1.0,.044,-1.7,-1.0,-2.7,-0.2,,2026
252,Taylor Hendricks,22,UTA,PF,33,6,492,10.2,.574,.547,.250,6.3,15.7,10.9,6.5,1.2,1.6,12.3,13.6,0.3,0.1,0.4,.035,-1.7,-1.8,-3.5,-0.2,,2026
252,Taylor Hendricks,22,MEM,PF,22,7,548,13.1,.542,.495,.180,6.4,14.8,10.6,7.6,2.7,3.6,11.5,18.5,0.0,0.6,0.6,.053,-1.7,-0.3,-2.1,0.0,,2026
253,Giannis Antetokounmpo,31,MIL,PF,36,36,1039,32.8,.658,.075,.597,10.7,27.5,19.2,38.6,1.6,2.3,13.2,37.1,3.9,1.1,5.0,.232,7.7,1.8,9.4,3.0,AS,2026
254,Hugo González,19,BOS,SF,69,3,1038,10.1,.554,.470,.111,6.4,18.3,12.4,4.9,1.9,2.1,12.5,11.7,0.5,1.6,2.1,.098,-3.2,1.6,-1.6,0.1,,2026
255,Bones Hyland,25,MIN,PG,65,3,1032,14.8,.598,.629,.168,2.3,8.6,5.5,23.1,1.7,1.3,12.3,20.2,1.6,1.1,2.7,.125,0.9,0.3,1.2,0.8,,2026
256,Gradey Dick,22,TOR,SG,69,1,1031,10.5,.538,.499,.226,4.1,11.5,7.8,6.6,2.0,0.7,9.4,18.5,0.1,1.2,1.3,.062,-3.3,-0.4,-3.7,-0.4,,2026
257,Caris LeVert,31,DET,SG,53,0,1026,10.7,.513,.474,.211,2.1,9.0,5.6,18.6,2.2,3.3,16.6,18.3,-0.3,1.6,1.3,.062,-2.1,1.5,-0.6,0.4,,2026
258,Gary Payton II,33,GSW,SG,67,1,1024,18.1,.628,.319,.090,9.6,16.6,13.0,17.6,2.7,1.8,12.9,18.6,1.7,1.4,3.1,.147,0.6,1.3,1.9,1.0,,2026
259,Craig Porter Jr.,25,CLE,PG,58,2,1024,13.7,.516,.355,.154,8.1,12.5,10.3,23.0,2.6,3.0,17.8,12.5,1.1,1.3,2.5,.115,0.0,2.2,2.1,1.1,,2026
260,Corey Kispert,26,2TM,SF,54,9,1020,12.6,.597,.591,.234,2.6,10.9,6.7,12.0,0.7,0.6,9.5,18.6,1.1,0.4,1.5,.072,-0.4,-2.0,-2.4,-0.1,,2026
260,Corey Kispert,26,WAS,SF,19,2,370,14.1,.649,.639,.286,1.7,11.1,6.3,12.3,1.0,0.7,9.5,16.7,0.7,0.0,0.6,.084,1.0,-2.1,-1.0,0.1,,2026
260,Corey Kispert,26,ATL,SF,35,7,650,11.8,.572,.569,.209,3.1,10.8,6.9,11.8,0.6,0.6,9.5,19.6,0.5,0.4,0.9,.066,-1.2,-2.0,-3.2,-0.2,,2026
261,Jarred Vanderbilt,26,LAL,PF,58,3,1016,11.0,.546,.413,.221,8.9,20.6,15.0,8.9,2.3,1.6,17.3,12.1,0.4,1.2,1.7,.078,-2.5,0.7,-1.8,0.0,,2026
262,Luka Garza,27,BOS,C,64,4,1008,19.4,.684,.364,.354,15.7,11.3,13.5,8.7,1.3,2.4,10.9,17.0,3.4,1.2,4.6,.221,2.0,0.3,2.3,1.1,,2026
263,Caleb Love,24,POR,SG,46,1,1008,10.8,.497,.596,.100,2.6,9.7,6.1,18.5,1.3,0.4,10.7,23.0,-0.1,0.7,0.6,.031,-1.4,-1.6,-3.1,-0.3,,2026
264,Miles McBride,25,NYK,SG,36,14,991,13.3,.587,.674,.118,2.4,7.9,5.2,13.6,1.5,0.7,7.0,17.8,1.6,0.9,2.6,.126,1.1,0.1,1.2,0.8,,2026
265,De'Anthony Melton,27,GSW,PG,43,19,986,13.5,.518,.454,.229,3.8,11.8,7.7,16.5,3.4,1.6,13.4,26.2,-0.7,1.3,0.6,.030,-2.9,0.2,-2.7,-0.2,,2026
266,Ryan Nembhard,22,DAL,PG,53,21,980,10.5,.497,.351,.062,1.0,9.9,5.5,36.1,0.9,0.1,18.1,17.3,0.0,0.5,0.6,.028,-2.5,-1.8,-4.3,-0.6,,2026
267,Jakob Poeltl,30,TOR,C,38,36,973,18.1,.697,.000,.316,11.8,21.8,16.8,11.7,1.6,2.8,14.0,14.7,2.2,1.5,3.7,.183,0.3,1.4,1.6,0.9,,2026
268,T.J. McConnell,33,IND,PG,56,4,963,20.7,.567,.111,.064,2.4,11.9,7.0,50.3,2.8,0.9,12.1,23.2,1.8,0.8,2.6,.131,2.1,0.3,2.5,1.1,,2026
269,Alex Caruso,31,OKC,SG,52,0,956,13.1,.535,.594,.177,3.3,12.7,8.2,14.4,3.5,1.8,12.4,16.0,0.3,2.1,2.4,.123,-1.4,3.4,2.0,1.0,,2026
270,Ochai Agbaji,25,2TM,SG,60,13,946,8.7,.526,.457,.154,5.3,11.2,8.2,6.6,1.2,1.7,9.8,14.4,0.1,0.8,0.9,.045,-3.6,-0.5,-4.1,-0.5,,2026
270,Ochai Agbaji,25,TOR,SG,42,13,650,7.5,.495,.382,.171,5.7,10.9,8.2,6.0,1.3,1.6,9.4,13.3,0.0,0.7,0.6,.047,-4.8,0.0,-4.8,-0.5,,2026
270,Ochai Agbaji,25,BRK,SG,18,0,296,11.4,.582,.588,.124,4.5,12.0,8.0,8.1,1.0,1.9,10.5,16.8,0.1,0.1,0.3,.042,-0.9,-1.6,-2.4,0.0,,2026
271,Al Horford,39,GSW,C,43,12,933,14.8,.554,.633,.084,5.1,20.7,12.8,17.0,1.6,4.9,11.3,16.5,0.8,1.3,2.1,.109,0.3,1.4,1.8,0.9,,2026
272,Tyus Jones,29,3TM,PG,64,10,933,8.3,.443,.634,.044,1.2,6.8,4.0,21.0,1.9,0.3,9.5,10.5,0.2,0.7,1.0,.049,-3.0,0.5,-2.4,-0.1,,2026
272,Tyus Jones,29,ORL,PG,48,8,754,8.5,.448,.646,.038,1.3,6.6,3.9,19.9,2.1,0.4,8.0,9.8,0.3,0.6,1.0,.061,-2.8,1.0,-1.7,0.0,,2026
272,Tyus Jones,29,DAL,PG,8,2,133,8.7,.444,.559,.059,0.8,6.3,3.6,29.3,1.1,0.0,12.5,12.6,0.0,0.1,0.1,.032,-3.0,-1.3,-4.2,-0.1,,2026
272,Tyus Jones,29,DEN,PG,8,0,46,3.5,.372,.692,.077,0.0,11.7,6.1,16.3,1.1,0.0,18.2,15.5,-0.1,0.0,-0.1,-0.090,-5.7,-2.2,-7.9,-0.1,,2026
273,Rayan Rupert,21,2TM,SG,60,5,927,7.2,.492,.462,.138,4.1,13.5,8.7,6.9,2.4,0.6,13.5,13.4,-0.4,1.0,0.6,.029,-5.4,0.1,-5.4,-0.8,,2026
273,Rayan Rupert,21,POR,SG,48,0,577,5.8,.447,.483,.095,4.2,12.0,8.0,7.8,2.4,0.3,15.5,12.7,-0.5,0.6,0.2,.013,-5.9,0.8,-5.1,-0.5,,2026
273,Rayan Rupert,21,MEM,SG,12,5,350,9.6,.556,.430,.200,4.0,16.0,9.9,5.4,2.3,1.1,10.7,14.4,0.1,0.3,0.4,.055,-4.6,-1.1,-5.7,-0.3,,2026
274,Olivier-Maxence Prosper,23,MEM,PF,50,21,925,16.2,.655,.423,.331,6.5,14.3,10.3,7.7,1.9,1.2,10.8,18.3,1.6,0.7,2.3,.120,0.7,-1.1,-0.4,0.4,,2026
275,Karlo Matković,24,NOP,PF,62,2,912,16.6,.696,.383,.174,8.4,18.8,13.6,7.7,1.3,5.6,11.8,13.2,1.8,0.9,2.7,.142,0.2,0.4,0.6,0.6,,2026
276,Isaiah Jackson,24,2TM,C,55,14,908,17.3,.653,.013,.443,13.7,21.9,17.8,8.6,1.9,4.8,17.0,16.2,1.5,1.2,2.6,.138,-1.9,0.7,-1.1,0.2,,2026
276,Isaiah Jackson,24,IND,C,38,14,638,15.3,.615,.006,.448,14.4,21.9,18.0,7.0,1.9,3.9,17.9,16.0,0.7,0.7,1.4,.106,-3.0,0.3,-2.8,-0.1,,2026
276,Isaiah Jackson,24,LAC,C,17,0,270,22.3,.741,.028,.431,12.0,21.8,17.1,12.2,1.8,7.0,14.9,16.5,0.8,0.4,1.2,.214,0.9,1.8,2.7,0.3,,2026
277,Justin Edwards,22,PHI,SF,57,12,900,12.3,.581,.569,.128,2.9,8.0,5.4,11.9,2.6,1.2,10.0,16.0,0.8,0.8,1.6,.088,-1.6,0.5,-1.1,0.2,,2026
278,John Konchar,29,2TM,SG,49,7,899,12.6,.570,.526,.201,5.9,16.4,11.1,11.6,3.4,3.3,13.9,9.0,0.8,1.0,1.8,.097,-1.8,2.4,0.6,0.6,,2026
278,John Konchar,29,MEM,SG,30,1,435,12.9,.619,.549,.183,4.9,18.1,11.4,11.8,3.4,2.8,15.4,8.7,0.4,0.6,1.0,.115,-1.2,3.6,2.4,0.5,,2026
278,John Konchar,29,UTA,SG,19,6,464,12.3,.528,.506,.217,6.9,14.8,10.8,11.4,3.4,3.8,12.5,9.2,0.4,0.4,0.8,.079,-2.4,1.3,-1.1,0.1,,2026
279,Robert Williams,28,POR,C,53,1,891,22.5,.727,.094,.210,15.0,29.5,22.2,8.9,1.7,8.1,15.2,13.1,2.2,1.8,4.0,.215,2.2,2.5,4.7,1.5,,2026
280,Franz Wagner,24,ORL,SF,28,26,891,19.6,.591,.269,.407,5.1,15.2,10.1,18.4,1.6,0.9,8.7,26.3,1.7,0.9,2.6,.142,2.9,0.0,2.8,1.1,,2026
281,Mike Conley,38,MIN,PG,49,11,888,8.9,.485,.767,.243,2.0,8.5,5.3,20.2,1.5,1.3,11.8,11.3,0.7,0.9,1.6,.085,-2.7,0.9,-1.7,0.1,,2026
282,Paul George,35,PHI,PF,29,29,887,16.6,.563,.499,.205,2.1,17.7,9.8,17.9,2.6,1.6,9.8,22.7,0.9,1.1,2.0,.107,1.0,0.6,1.6,0.8,,2026
283,Nae'Qwan Tomlin,25,CLE,PF,58,2,882,12.3,.534,.359,.205,8.8,10.3,9.6,6.6,2.1,3.2,7.2,15.3,0.8,1.0,1.9,.101,-2.6,0.4,-2.2,0.0,,2026
284,Aaron Gordon,30,DEN,PF,32,29,882,19.3,.624,.384,.426,6.3,17.4,12.1,13.3,1.1,0.9,7.4,22.7,2.2,0.7,2.9,.158,3.3,-1.2,2.0,0.9,,2026
285,Cam Thomas,24,2TM,SG,42,8,881,12.6,.530,.364,.367,1.4,8.0,4.6,20.9,0.5,0.4,12.1,30.3,-0.5,0.1,-0.4,-0.021,-1.2,-4.0,-5.2,-0.7,,2026
285,Cam Thomas,24,BRK,SG,24,8,582,12.3,.527,.380,.351,1.7,7.2,4.3,22.4,0.3,0.3,11.9,30.2,-0.2,0.0,-0.2,-0.017,-0.8,-4.2,-5.0,-0.4,,2026
285,Cam Thomas,24,MIL,SG,18,0,299,13.2,.534,.333,.399,0.8,9.8,5.3,18.2,0.8,0.7,12.6,30.5,-0.2,0.1,-0.2,-0.029,-2.0,-3.4,-5.4,-0.3,,2026
286,Bryce McGowens,23,NOP,SG,42,13,880,11.8,.610,.392,.401,1.5,9.4,5.4,9.5,1.5,1.0,5.7,14.1,1.4,0.3,1.7,.095,-2.0,-0.9,-2.9,-0.2,,2026
287,Jordan Poole,26,NOP,PG,37,6,873,11.2,.524,.650,.255,1.0,8.0,4.5,18.4,1.1,1.5,11.9,24.9,-0.1,0.2,0.2,.009,-1.0,-2.5,-3.5,-0.3,,2026
288,Tyler Herro,26,MIA,SG,28,23,870,18.0,.609,.418,.213,1.6,14.1,7.8,19.0,1.1,0.9,9.8,25.3,1.4,0.9,2.2,.123,3.0,-0.4,2.6,1.0,,2026
289,Caleb Martin,30,DAL,SF,58,12,856,9.4,.526,.302,.323,3.5,14.1,8.9,12.3,2.2,1.5,15.6,12.6,0.0,1.0,0.9,.051,-3.9,1.7,-2.2,0.0,,2026
290,Jalen Williams,24,OKC,SG,30,30,855,18.8,.556,.176,.287,3.0,13.6,8.5,28.8,2.0,1.0,10.9,26.5,1.1,1.5,2.7,.149,1.1,0.9,2.0,0.9,,2026
291,Guerschon Yabusele,30,2TM,C,61,13,853,11.3,.550,.629,.208,6.1,19.1,12.7,8.4,1.3,1.5,11.0,15.7,0.5,0.9,1.3,.075,-1.5,-0.2,-1.7,0.1,,2026
291,Guerschon Yabusele,30,NYK,C,41,0,366,8.6,.499,.636,.112,7.2,19.3,13.2,6.4,0.8,1.4,11.8,14.8,0.0,0.4,0.4,.056,-3.2,-0.6,-3.8,-0.2,,2026
291,Guerschon Yabusele,30,CHI,C,20,13,487,13.3,.584,.625,.276,5.3,18.9,12.2,9.9,1.7,1.6,10.5,16.4,0.5,0.5,0.9,.090,-0.2,0.0,-0.1,0.2,,2026
292,Trendon Watford,25,PHI,PF,50,7,849,13.0,.567,.189,.283,4.8,17.7,11.2,21.7,0.9,2.3,17.2,17.9,0.6,0.7,1.3,.074,-2.2,0.2,-2.0,0.0,,2026
293,Kasparas Jakučionis,19,MIA,PG,48,11,846,11.6,.607,.656,.251,4.8,10.6,7.7,17.2,1.7,0.5,15.6,13.6,1.1,0.9,2.0,.113,-1.2,0.9,-0.3,0.4,,2026
294,Clint Capela,31,HOU,C,67,2,835,17.6,.536,.000,.332,19.3,22.1,20.7,7.2,1.9,6.3,14.1,13.6,1.1,1.5,2.6,.150,-0.7,0.9,0.2,0.5,,2026
295,Goga Bitadze,26,ORL,C,56,3,835,20.1,.701,.058,.432,15.0,20.4,17.7,12.3,1.9,5.6,12.7,13.2,2.5,1.3,3.8,.218,0.8,2.0,2.8,1.0,,2026
296,Ousmane Dieng,22,2TM,C,49,13,834,10.3,.536,.518,.076,2.9,13.8,8.4,14.6,1.2,1.8,13.8,17.6,-0.1,0.8,0.6,.036,-2.1,-0.6,-2.7,-0.1,,2026
296,Ousmane Dieng,22,OKC,C,27,0,295,10.0,.534,.538,.066,3.1,12.0,7.7,12.6,0.3,2.3,7.9,14.9,0.2,0.4,0.6,.098,-1.6,0.1,-1.4,0.1,,2026
296,Ousmane Dieng,22,MIL,C,22,13,539,10.4,.537,.508,.080,2.7,14.8,8.8,15.7,1.7,1.5,16.4,19.0,-0.3,0.3,0.0,.002,-2.3,-1.0,-3.3,-0.2,,2026
297,Josh Green,25,CHO,SG,51,0,833,10.1,.645,.751,.166,5.9,7.0,6.5,7.2,2.0,0.6,15.0,10.8,1.0,0.8,1.8,.102,-1.5,0.9,-0.6,0.3,,2026
298,Vince Williams Jr.,25,2TM,SG,40,12,820,10.7,.478,.606,.171,5.1,15.5,10.2,27.4,1.7,1.8,18.2,19.4,-0.4,0.6,0.2,.015,-1.5,0.5,-1.0,0.2,,2026
298,Vince Williams Jr.,25,MEM,PG,34,12,736,10.8,.478,.602,.174,4.9,15.2,10.0,27.7,1.7,1.8,18.1,19.6,-0.3,0.6,0.3,.018,-1.5,0.6,-0.9,0.2,,2026
298,Vince Williams Jr.,25,UTA,SG,6,0,84,9.8,.470,.643,.143,6.3,18.4,12.3,25.3,1.1,2.3,19.0,18.1,0.0,0.0,0.0,-0.012,-1.8,-0.3,-2.1,0.0,,2026
299,Jamir Watkins,24,WAS,SG,42,5,808,11.4,.549,.528,.252,5.2,14.8,10.0,8.2,2.7,2.3,10.7,14.0,0.4,0.5,0.9,.053,-3.2,0.1,-3.1,-0.2,,2026
300,Gabe Vincent,29,2TM,PG,47,7,804,6.2,.498,.791,.090,2.0,4.6,3.3,10.3,1.4,0.2,9.5,12.3,0.1,0.4,0.5,.028,-4.0,-0.8,-4.8,-0.6,,2026
300,Gabe Vincent,29,LAL,PG,29,7,559,5.5,.512,.792,.085,1.5,4.1,2.8,8.3,1.2,0.2,8.2,11.5,0.1,0.2,0.3,.027,-4.0,-1.0,-4.9,-0.4,,2026
300,Gabe Vincent,29,ATL,PG,18,0,245,7.6,.472,.789,.099,3.1,5.8,4.4,14.7,1.9,0.4,11.9,14.3,0.0,0.2,0.2,.031,-4.2,-0.4,-4.7,-0.2,,2026
301,Jaden Hardy,23,2TM,SG,52,4,796,11.2,.576,.608,.176,2.0,8.4,5.2,8.5,0.8,0.5,12.2,24.6,-0.2,0.2,-0.1,-0.003,-1.3,-3.1,-4.3,-0.5,,2026
301,Jaden Hardy,23,DAL,SG,34,4,428,10.7,.551,.639,.206,2.8,8.8,5.8,9.9,1.0,0.4,11.3,23.4,-0.1,0.2,0.1,.015,-1.9,-1.9,-3.8,-0.2,,2026
301,Jaden Hardy,23,WAS,SG,18,0,368,11.8,.604,.575,.145,1.1,7.9,4.5,6.9,0.6,0.7,13.2,25.9,-0.1,-0.1,-0.2,-0.024,-0.5,-4.4,-4.9,-0.3,,2026
302,Nikola Jović,22,MIA,PF,46,1,795,9.6,.481,.529,.328,3.2,16.8,9.9,16.5,1.5,1.9,15.6,21.3,-0.9,1.0,0.1,.004,-3.5,0.1,-3.4,-0.3,,2026
303,Buddy Hield,33,2TM,SG,49,3,794,12.0,.555,.655,.121,3.7,12.2,7.9,12.5,2.3,1.0,12.7,19.7,0.0,0.8,0.9,.052,-1.5,-0.1,-1.6,0.1,,2026
303,Buddy Hield,33,GSW,SG,44,3,768,12.6,.562,.650,.113,3.7,12.1,7.8,12.6,2.3,1.1,11.8,19.7,0.2,0.8,1.0,.063,-1.1,0.0,-1.0,0.2,,2026
303,Buddy Hield,33,ATL,SG,5,0,26,-3.7,.300,.857,.429,4.1,16.9,10.4,8.9,1.8,0.0,37.5,21.4,-0.2,0.0,-0.1,-0.267,-13.7,-4.2,-17.9,-0.1,,2026
304,Keegan Murray,25,SAC,PF,23,22,793,11.7,.499,.373,.163,4.5,14.3,9.3,6.8,1.5,4.2,7.7,18.7,-0.2,0.4,0.1,.009,-2.1,-1.1,-3.2,-0.2,,2026
305,Kobe Brown,26,2TM,PF,55,4,789,11.6,.587,.525,.237,7.6,13.1,10.4,10.4,1.2,1.3,15.1,15.6,0.5,0.4,1.0,.060,-1.5,-1.4,-2.9,-0.2,,2026
305,Kobe Brown,26,LAC,PF,34,0,295,11.2,.524,.583,.310,7.4,13.4,10.5,12.6,1.5,0.6,13.6,16.6,0.1,0.2,0.4,.057,-1.2,-1.1,-2.3,0.0,,2026
305,Kobe Brown,26,IND,PF,21,4,494,11.8,.628,.489,.193,7.8,12.9,10.3,9.1,1.0,1.7,16.1,15.0,0.4,0.2,0.6,.063,-1.7,-1.6,-3.3,-0.2,,2026
306,Jaylen Clark,24,MIN,SG,62,0,779,10.1,.530,.426,.340,7.3,8.3,7.8,5.7,2.4,0.9,8.5,13.4,0.5,0.9,1.4,.087,-3.3,0.6,-2.7,-0.1,,2026
307,Jonas Valančiūnas,33,DEN,C,59,5,779,20.5,.621,.060,.349,13.0,27.5,20.6,13.8,0.9,3.7,14.4,25.2,1.4,1.0,2.4,.145,-0.2,-0.4,-0.7,0.3,,2026
308,Tyrese Martin,26,2TM,SG,45,6,775,10.3,.501,.596,.101,4.8,12.9,8.7,15.6,1.6,0.7,12.1,18.4,-0.3,0.4,0.1,.009,-1.9,-1.4,-3.3,-0.2,,2026
308,Tyrese Martin,26,BRK,SG,37,6,696,10.8,.507,.596,.102,5.1,13.0,8.8,15.6,1.6,0.5,11.0,18.7,-0.1,0.4,0.2,.016,-1.5,-1.5,-3.0,-0.2,,2026
308,Tyrese Martin,26,PHI,SG,8,0,79,6.1,.437,.591,.091,2.7,11.3,6.9,15.3,1.8,2.4,23.4,16.0,-0.2,0.1,-0.1,-0.061,-5.5,-0.2,-5.7,-0.1,,2026
309,Josh Minott,23,2TM,PF,46,11,772,15.8,.662,.613,.239,6.8,15.2,10.9,8.4,2.6,2.5,14.6,16.2,1.2,1.1,2.3,.142,1.3,1.2,2.5,0.9,,2026
309,Josh Minott,23,BOS,PF,33,10,526,15.7,.651,.566,.191,8.5,16.0,12.3,8.5,2.3,2.3,11.9,13.8,1.1,0.8,1.9,.173,0.8,1.4,2.2,0.6,,2026
309,Josh Minott,23,BRK,SF,13,1,246,16.1,.679,.686,.314,3.1,13.5,8.0,8.1,3.2,3.0,18.4,21.2,0.1,0.3,0.4,.075,2.2,1.0,3.2,0.3,,2026
310,Rob Dillingham,21,2TM,PG,57,0,772,7.5,.454,.303,.119,2.3,11.4,6.9,22.3,2.5,0.5,18.2,22.4,-1.5,0.8,-0.7,-0.045,-6.6,-0.5,-7.0,-1.0,,2026
310,Rob Dillingham,21,MIN,PG,35,0,326,6.1,.404,.234,.142,1.7,11.9,6.9,24.2,2.8,0.8,19.4,24.0,-1.0,0.4,-0.5,-0.077,-7.9,-0.3,-8.2,-0.5,,2026
310,Rob Dillingham,21,CHI,PG,22,0,446,8.6,.495,.358,.101,2.7,11.0,6.9,20.9,2.2,0.2,17.3,21.2,-0.5,0.3,-0.2,-0.023,-5.6,-0.6,-6.2,-0.5,,2026
311,Dylan Cardwell,24,SAC,C,38,1,771,15.3,.572,.007,.331,17.3,24.3,20.7,9.1,1.6,6.1,15.5,11.1,1.1,0.7,1.9,.116,-2.6,0.4,-2.2,0.0,,2026
312,Paul Reed,26,DET,C,57,8,760,23.3,.631,.119,.319,16.9,19.5,18.2,12.9,3.1,6.3,13.3,20.5,1.8,1.8,3.6,.225,1.8,2.7,4.5,1.2,,2026
313,Javon Small,23,MEM,PG,38,10,753,16.3,.616,.478,.289,4.4,12.8,8.5,26.7,2.0,1.1,14.9,18.5,1.4,0.6,2.0,.125,1.5,-0.3,1.2,0.6,,2026
314,Dwight Powell,34,DAL,C,55,10,751,12.4,.698,.035,1.116,11.1,17.8,14.5,8.8,1.7,2.0,21.0,9.1,1.2,0.9,2.1,.136,-2.9,1.5,-1.4,0.1,,2026
315,Kenrich Williams,31,OKC,PF,49,2,751,14.5,.593,.443,.203,7.0,14.8,11.1,12.1,1.9,0.7,12.1,17.6,0.9,1.4,2.2,.141,0.3,0.6,0.9,0.6,,2026
316,Micah Potter,27,IND,C,40,3,744,16.9,.686,.582,.353,6.3,20.0,13.0,10.8,1.1,1.6,11.3,17.3,1.7,0.5,2.2,.141,1.5,-0.7,0.8,0.5,,2026
317,Jabari Walker,23,PHI,PF,60,6,742,12.3,.561,.448,.305,10.2,17.4,13.7,6.1,1.5,1.6,9.8,15.0,0.8,0.7,1.6,.101,-2.2,-0.6,-2.8,-0.2,,2026
318,Ben Saraf,19,BRK,SG,38,7,742,7.1,.473,.297,.289,2.4,9.3,5.6,25.3,2.2,0.6,23.8,20.7,-1.5,0.4,-1.0,-0.066,-6.1,-1.6,-7.7,-1.1,,2026
319,Julian Strawther,23,DEN,SG,51,12,740,11.9,.576,.472,.232,1.9,12.9,7.7,9.7,1.4,0.5,9.3,19.1,0.5,0.5,1.0,.063,-1.7,-1.1,-2.8,-0.2,,2026
320,Jalen Pickett,26,DEN,SG,46,18,739,10.4,.546,.556,.073,2.9,13.0,8.1,18.3,0.9,0.5,12.4,14.2,0.6,0.4,1.0,.064,-1.1,-1.0,-2.0,0.0,,2026
321,Noah Penda,21,ORL,SF,54,2,734,11.8,.518,.449,.242,10.1,18.0,14.0,12.1,2.0,2.2,16.1,15.1,0.2,0.9,1.1,.072,-1.8,0.5,-1.3,0.1,,2026
322,Steven Adams,32,HOU,C,32,11,730,15.8,.535,.000,.583,22.2,19.6,20.9,8.4,1.5,2.5,16.7,12.1,1.1,1.0,2.1,.139,-0.2,-0.4,-0.6,0.3,,2026
323,Micah Peavy,24,NOP,SG,55,1,728,8.0,.434,.394,.082,5.9,8.5,7.2,8.8,2.2,0.8,5.9,14.6,-0.2,0.4,0.1,.009,-4.6,-0.9,-5.5,-0.7,,2026
324,Lonzo Ball,28,CLE,PG,35,3,728,9.5,.432,.835,.119,3.9,17.2,10.6,22.7,3.0,1.2,21.9,13.7,-0.4,1.1,0.7,.043,-2.9,1.8,-1.1,0.2,,2026
325,Quenton Jackson,27,IND,PG,42,12,719,13.8,.600,.377,.365,3.4,10.7,7.0,20.5,1.5,0.7,14.8,20.3,0.7,0.3,1.0,.068,-1.1,-0.9,-2.1,0.0,,2026
326,Jevon Carter,30,2TM,PG,45,1,719,11.0,.537,.719,.070,1.8,9.8,5.8,14.2,2.1,1.1,10.0,18.2,0.1,0.7,0.7,.048,-1.3,0.0,-1.3,0.1,,2026
326,Jevon Carter,30,CHI,PG,23,0,254,12.4,.577,.757,.097,2.1,8.7,5.4,10.4,2.4,0.7,9.3,19.5,0.1,0.2,0.3,.059,-0.7,-0.3,-0.9,0.1,,2026
326,Jevon Carter,30,ORL,PG,22,1,465,10.3,.512,.695,.054,1.7,10.5,6.0,16.2,2.0,1.4,10.5,17.4,-0.1,0.5,0.4,.042,-1.6,0.2,-1.4,0.1,,2026
327,Jalen Wilson,25,BRK,PF,48,1,707,8.3,.534,.597,.307,1.9,13.0,7.1,6.9,1.3,0.3,9.6,17.9,-0.1,0.3,0.2,.011,-3.4,-2.0,-5.4,-0.6,,2026
328,Kyle Anderson,32,3TM,SF,36,3,705,13.1,.580,.054,.365,5.1,13.8,9.4,18.3,2.4,2.5,15.3,13.5,0.7,0.6,1.3,.092,-1.6,1.3,-0.3,0.3,,2026
328,Kyle Anderson,32,UTA,SF,20,0,401,14.3,.565,.046,.349,5.1,13.0,8.9,20.9,2.7,2.4,11.9,14.7,0.5,0.2,0.7,.088,-1.0,0.7,-0.2,0.2,,2026
328,Kyle Anderson,32,MEM,SF,4,3,89,15.1,.821,.053,.421,3.6,13.5,8.5,4.9,3.2,4.2,23.7,13.8,0.1,0.1,0.2,.111,-2.6,1.4,-1.1,0.0,,2026
328,Kyle Anderson,32,MIN,SF,12,0,215,10.1,.504,.077,.385,5.7,15.5,10.7,19.2,1.6,2.0,19.4,11.1,0.1,0.3,0.4,.090,-2.5,2.3,-0.2,0.1,,2026
329,Nick Richards,28,2TM,C,48,6,701,12.0,.562,.090,.502,11.8,25.6,18.7,3.2,0.7,4.1,19.4,18.3,-0.2,0.8,0.6,.041,-4.9,-1.2,-6.1,-0.7,,2026
329,Nick Richards,28,PHO,C,28,2,254,11.5,.534,.000,.394,14.8,25.3,19.9,4.4,0.8,5.3,23.1,18.1,-0.2,0.4,0.2,.038,-6.0,-0.8,-6.8,-0.3,,2026
329,Nick Richards,28,CHI,C,20,4,447,12.3,.577,.138,.562,10.2,25.8,18.1,2.5,0.6,3.5,17.3,18.4,-0.1,0.5,0.4,.042,-4.2,-1.5,-5.7,-0.4,,2026
330,Anthony Gill,33,WAS,PF,47,2,698,12.5,.645,.231,.150,7.1,11.9,9.5,10.3,1.8,2.1,16.6,12.3,0.8,0.2,1.0,.066,-2.0,-1.0,-3.0,-0.2,,2026
331,Tyler Kolek,24,NYK,PG,59,1,694,12.1,.527,.462,.076,2.4,12.7,7.5,31.2,1.5,0.6,17.8,18.2,0.5,0.8,1.2,.086,-1.1,0.2,-0.8,0.2,,2026
332,Jonathan Kuminga,23,2TM,PF,30,14,692,13.9,.556,.289,.383,7.0,21.5,14.2,15.7,1.2,1.1,16.3,23.5,0.0,0.8,0.8,.052,-1.8,-0.8,-2.5,-0.1,,2026
332,Jonathan Kuminga,23,GSW,PF,20,13,476,12.5,.543,.273,.340,6.7,20.9,13.7,15.8,0.8,1.2,17.1,23.9,-0.2,0.5,0.2,.024,-2.5,-1.1,-3.6,-0.2,,2026
332,Jonathan Kuminga,23,ATL,PF,10,1,216,17.1,.586,.325,.482,7.9,22.9,15.3,15.4,2.0,0.8,14.5,22.7,0.2,0.3,0.5,.113,-0.2,0.0,-0.2,0.1,,2026
333,Carter Bryant,20,SAS,PF,63,0,686,9.3,.507,.576,.166,4.7,19.4,12.2,6.5,0.9,2.2,9.6,16.7,-0.1,1.0,0.9,.064,-3.6,0.0,-3.7,-0.3,,2026
334,Jalen Green,23,PHO,SG,26,21,678,15.2,.515,.460,.173,1.9,14.4,7.9,19.1,2.0,0.4,10.7,32.3,-0.4,0.7,0.3,.024,0.1,-1.1,-1.0,0.2,,2026
335,Daeqwon Plowden,27,SAC,SG,26,4,670,10.0,.561,.656,.161,4.2,9.1,6.6,6.0,1.3,0.5,7.2,16.0,0.5,0.0,0.5,.035,-2.7,-2.3,-5.1,-0.5,,2026
336,Jaden Ivey,23,2TM,SG,37,5,670,13.1,.571,.523,.184,4.0,10.9,7.5,14.0,1.6,2.0,12.9,19.7,0.5,0.9,1.4,.097,-0.2,0.2,0.0,0.3,,2026
336,Jaden Ivey,23,DET,SG,33,2,555,12.7,.570,.514,.173,3.9,10.5,7.2,13.0,1.3,2.1,12.9,20.3,0.4,0.7,1.1,.094,-0.1,0.1,0.0,0.3,,2026
336,Jaden Ivey,23,CHI,SG,4,3,115,14.9,.576,.583,.250,4.7,12.8,8.8,18.6,3.3,1.5,13.1,16.7,0.1,0.1,0.3,.112,-0.7,0.7,0.0,0.1,,2026
337,Kristaps Porziņģis,30,2TM,C,28,19,668,21.0,.594,.419,.410,5.3,17.3,11.2,17.2,1.2,4.9,7.9,27.9,1.4,0.9,2.3,.164,2.8,0.7,3.5,0.9,,2026
337,Kristaps Porziņģis,30,ATL,C,17,12,413,20.6,.592,.410,.386,5.4,17.6,11.4,16.6,1.0,4.8,6.1,26.4,1.0,0.5,1.5,.176,2.7,0.9,3.6,0.6,,2026
337,Kristaps Porziņģis,30,GSW,C,11,7,255,21.5,.596,.434,.449,5.1,16.9,10.9,18.0,1.5,5.0,10.4,30.2,0.4,0.3,0.8,.145,3.1,0.3,3.3,0.3,,2026
338,Jett Howard,22,ORL,SF,52,0,664,11.1,.555,.586,.151,3.5,10.7,7.1,9.5,0.7,1.4,5.2,17.2,0.7,0.5,1.1,.081,-1.0,-1.2,-2.1,0.0,,2026
339,Aaron Holiday,29,HOU,PG,49,1,660,9.6,.564,.656,.165,1.5,6.1,3.9,10.2,1.7,0.6,12.4,17.5,0.5,0.6,1.1,.077,-2.6,-0.4,-3.1,-0.2,,2026
340,Tre Mann,24,CHO,PG,48,1,649,8.3,.464,.522,.093,3.5,11.8,7.7,18.8,1.8,0.7,14.9,23.2,-0.7,0.7,0.0,-0.004,-4.3,-0.9,-5.2,-0.5,,2026
341,Thomas Bryant,28,CLE,C,56,0,648,17.4,.615,.488,.260,8.8,21.5,15.2,6.8,1.3,3.5,8.4,19.4,1.2,0.9,2.1,.153,0.7,-0.6,0.0,0.3,,2026
342,Johnny Furphy,21,IND,SG,35,21,643,9.2,.547,.477,.235,5.3,21.1,13.0,8.7,1.5,0.9,15.0,12.8,0.0,0.5,0.5,.035,-3.9,0.1,-3.8,-0.3,,2026
343,Tristan Vukcevic,22,WAS,C,47,10,640,17.1,.597,.453,.346,5.1,18.7,11.8,12.7,1.3,4.4,14.9,26.4,0.3,0.4,0.6,.046,0.3,-1.0,-0.8,0.2,,2026
344,Anthony Davis,32,DAL,PF,20,20,626,21.6,.551,.111,.243,10.7,26.6,18.8,15.0,1.7,4.5,10.0,27.6,0.4,1.0,1.4,.106,1.5,0.9,2.4,0.7,,2026
345,Gary Harris,31,MIL,SG,45,2,617,7.8,.611,.681,.099,2.4,7.8,5.1,9.5,2.0,1.1,15.9,8.1,0.4,0.3,0.7,.053,-3.4,0.7,-2.7,-0.1,,2026
346,Kevin Love,37,UTA,PF,37,5,613,14.8,.568,.714,.221,9.6,28.9,19.0,14.7,1.1,1.4,12.1,16.7,0.8,0.3,1.1,.090,1.1,-0.9,0.2,0.3,,2026
347,Dorian Finney-Smith,32,HOU,PF,35,1,590,5.0,.435,.775,.058,6.1,10.6,8.3,7.1,1.3,0.9,15.2,10.3,-0.2,0.5,0.4,.031,-4.7,-0.1,-4.7,-0.4,,2026
348,Zeke Nnaji,25,DEN,PF,49,3,585,10.5,.562,.350,.314,6.2,17.8,12.3,5.3,1.4,3.3,13.6,13.7,0.2,0.6,0.8,.067,-3.5,-0.1,-3.5,-0.2,,2026
349,Grant Williams,27,CHO,PF,30,3,583,12.2,.610,.733,.342,7.1,15.4,11.3,11.3,0.9,2.0,14.7,14.3,0.9,0.6,1.5,.119,0.1,0.7,0.8,0.4,,2026
350,Pete Nance,25,MIL,PF,41,3,580,11.3,.645,.599,.041,4.3,14.7,9.6,8.2,0.9,1.7,11.8,12.9,0.6,0.3,0.8,.069,-1.2,-1.3,-2.6,-0.1,,2026
351,Tidjane Salaün,20,CHO,PF,36,0,571,13.1,.632,.525,.253,5.2,23.9,14.7,6.7,1.4,1.1,12.5,14.8,0.7,0.7,1.4,.119,-1.0,0.4,-0.6,0.2,,2026
352,Mohamed Diawara,20,NYK,SF,64,6,570,10.5,.563,.615,.087,2.9,14.3,8.6,10.5,1.2,1.1,12.1,17.2,0.2,0.6,0.9,.073,-1.4,0.0,-1.5,0.1,,2026
353,Ja Morant,26,MEM,PG,20,20,569,16.7,.521,.264,.363,1.5,11.0,6.2,44.8,1.7,1.0,16.0,32.4,0.0,0.3,0.4,.032,0.5,-2.0,-1.5,0.1,,2026
354,Scoot Henderson,21,POR,PG,24,4,567,13.1,.554,.473,.337,2.4,10.4,6.4,25.7,1.5,1.1,17.0,26.1,0.2,0.5,0.7,.061,-1.7,-0.8,-2.5,-0.1,,2026
355,Jordan Hawkins,23,NOP,SG,46,0,566,5.6,.441,.572,.103,2.8,10.4,6.6,7.0,0.8,1.3,10.6,16.8,-0.7,0.1,-0.6,-0.049,-4.2,-3.0,-7.1,-0.7,,2026
356,Jamaree Bouyea,26,PHO,PG,40,0,564,13.7,.527,.337,.156,3.0,11.6,7.2,17.5,2.4,2.4,9.4,17.7,0.4,0.7,1.1,.097,-1.1,1.3,0.2,0.3,,2026
357,Domantas Sabonis,29,SAC,C,19,15,564,19.2,.590,.122,.348,12.3,31.0,21.4,21.3,1.5,0.6,16.7,23.1,0.7,0.4,1.1,.094,0.7,-0.2,0.5,0.4,,2026
358,Jase Richardson,20,ORL,SG,49,0,561,11.4,.576,.441,.226,3.9,8.1,6.0,14.6,1.4,0.3,11.0,16.5,0.5,0.4,0.9,.079,-1.8,-0.9,-2.7,-0.1,,2026
359,Drew Eubanks,28,SAC,C,42,11,552,13.6,.605,.045,.365,7.7,18.3,12.8,5.0,1.3,4.3,14.2,16.3,0.3,0.3,0.6,.052,-3.0,-0.8,-3.8,-0.3,,2026
360,Rasheer Fleming,21,PHO,PF,48,0,549,10.8,.515,.613,.162,10.2,12.1,11.1,2.8,1.4,3.3,8.9,15.7,0.2,0.6,0.8,.071,-2.6,-1.0,-3.6,-0.2,,2026
361,Dalen Terry,23,2TM,SG,47,0,546,11.6,.522,.429,.188,5.0,11.5,8.2,16.2,2.5,2.4,13.5,14.8,0.2,0.6,0.7,.063,-2.4,0.7,-1.7,0.0,,2026
361,Dalen Terry,23,CHI,SG,34,0,377,11.6,.539,.451,.167,5.5,12.5,9.0,15.0,2.7,2.5,16.1,14.5,0.1,0.4,0.5,.060,-2.4,1.1,-1.3,0.1,,2026
361,Dalen Terry,23,PHI,SG,13,0,169,11.4,.489,.385,.231,3.8,9.2,6.5,18.7,2.0,2.2,8.0,15.5,0.1,0.1,0.2,.068,-2.4,-0.1,-2.6,0.0,,2026
362,Elijah Harkless,25,UTA,SG,26,9,545,9.1,.471,.547,.398,2.0,8.7,5.3,17.8,2.7,1.1,12.1,16.3,-0.1,0.2,0.1,.006,-5.0,-0.8,-5.8,-0.5,,2026
363,Sharife Cooper,24,WAS,PG,33,1,538,12.0,.577,.302,.228,2.7,11.6,7.1,23.4,1.0,0.7,18.1,19.7,0.2,0.0,0.2,.017,-2.2,-2.7,-4.9,-0.4,,2026
364,Cole Anthony,25,MIL,PG,35,0,527,10.8,.483,.312,.113,3.5,15.1,9.3,34.7,1.9,2.1,21.1,25.8,-0.9,0.4,-0.5,-0.043,-3.9,-0.9,-4.8,-0.4,,2026
365,Jonathan Isaac,28,ORL,PF,52,0,521,11.7,.498,.349,.532,9.1,19.3,14.2,5.6,1.9,5.3,11.8,12.4,0.1,0.8,0.9,.082,-2.9,1.2,-1.6,0.1,,2026
366,Devin Carter,23,SAC,PG,32,6,519,13.6,.509,.388,.306,5.2,14.6,9.8,20.4,2.4,0.9,14.5,23.8,-0.2,0.3,0.1,.006,-1.9,-1.2,-3.1,-0.1,,2026
367,Dalton Knecht,24,LAL,SF,48,1,509,9.4,.550,.580,.115,3.1,12.3,7.8,4.4,1.0,1.8,9.9,17.4,-0.1,0.3,0.3,.026,-2.6,-1.7,-4.3,-0.3,,2026
368,D'Angelo Russell,29,DAL,PG,26,3,495,12.4,.511,.483,.259,1.8,11.2,6.6,31.1,1.1,0.3,15.9,26.1,-0.3,0.3,0.0,-0.001,-0.7,-1.6,-2.3,0.0,,2026
369,Jamison Battle,24,TOR,SF,55,2,494,10.3,.633,.610,.088,4.3,15.7,9.9,6.0,0.7,0.6,11.9,13.9,0.4,0.5,0.8,.082,-1.8,-1.0,-2.8,-0.1,,2026
370,Keaton Wallace,26,ATL,PG,49,2,489,11.0,.547,.601,.092,0.7,10.8,5.7,22.5,2.0,0.9,13.6,15.7,0.3,0.5,0.8,.077,-2.3,0.3,-2.0,0.0,,2026
371,Trayce Jackson-Davis,25,2TM,C,49,1,481,16.3,.574,.008,.583,14.4,17.9,16.1,11.4,1.7,4.4,12.7,15.2,0.7,0.6,1.4,.135,-0.9,0.5,-0.4,0.2,,2026
371,Trayce Jackson-Davis,25,GSW,C,36,1,411,16.0,.601,.010,.510,12.5,17.9,15.1,11.1,1.5,4.2,12.6,14.7,0.7,0.5,1.2,.139,-1.0,0.6,-0.3,0.2,,2026
371,Trayce Jackson-Davis,25,TOR,C,13,0,70,18.3,.444,.000,1.000,25.5,18.0,21.8,13.0,2.8,5.5,13.4,18.3,0.0,0.1,0.2,.115,-0.2,-0.4,-0.6,0.0,,2026
372,Jahmai Mashack,23,MEM,SG,25,3,479,7.7,.466,.370,.130,4.2,8.0,6.1,9.5,3.0,2.3,14.6,14.8,-0.5,0.4,0.0,-0.004,-5.6,-0.2,-5.7,-0.5,,2026
373,Leonard Miller,22,2TM,SF,38,7,473,14.9,.612,.376,.206,7.4,19.6,13.6,7.4,1.2,1.5,11.0,18.5,0.5,0.4,0.9,.094,-1.1,-0.7,-1.8,0.0,,2026
373,Leonard Miller,22,MIN,SF,19,0,95,12.2,.581,.364,.333,8.3,20.3,14.4,7.6,2.0,0.0,19.2,20.8,0.0,0.1,0.1,.050,-5.3,-0.6,-5.9,-0.1,,2026
373,Leonard Miller,22,CHI,SF,19,7,378,15.5,.620,.380,.175,7.2,19.4,13.4,7.3,1.0,1.8,8.7,17.9,0.5,0.3,0.8,.105,-0.1,-0.7,-0.8,0.1,,2026
374,Kam Jones,23,IND,SG,30,7,463,7.9,.486,.447,.065,2.1,8.2,5.1,23.5,1.4,0.0,17.6,14.1,-0.2,0.1,0.0,-0.001,-4.4,-1.9,-6.3,-0.5,,2026
375,Cam Christie,20,LAC,SG,49,0,454,10.0,.500,.377,.385,4.8,14.0,9.5,9.1,1.8,0.6,11.6,16.8,-0.1,0.4,0.3,.031,-3.0,-0.9,-3.9,-0.2,,2026
376,Tyrese Proctor,21,CLE,PG,44,1,448,10.5,.532,.600,.183,1.7,9.3,5.5,16.6,2.0,0.0,12.6,20.9,0.1,0.4,0.5,.049,-3.2,-0.4,-3.6,-0.2,,2026
377,Asa Newell,20,ATL,PF,40,1,445,13.6,.628,.463,.168,8.9,10.9,9.9,6.2,1.6,2.7,11.6,17.0,0.5,0.5,1.0,.104,-1.3,-0.5,-1.8,0.0,,2026
378,Amir Coffey,28,2TM,SG,43,2,437,10.2,.593,.441,.301,4.5,8.8,6.7,7.4,0.9,1.1,5.4,11.1,0.6,0.2,0.8,.087,-2.1,-1.0,-3.1,-0.1,,2026
378,Amir Coffey,28,MIL,SG,30,2,265,8.4,.584,.455,.273,2.6,8.5,5.5,5.5,0.6,1.1,6.1,11.0,0.2,0.0,0.3,.048,-3.3,-2.1,-5.3,-0.2,,2026
378,Amir Coffey,28,PHO,SG,13,0,172,13.0,.606,.421,.342,7.5,9.3,8.4,10.2,1.4,1.1,4.4,11.3,0.4,0.1,0.5,.147,-0.4,0.7,0.4,0.1,,2026
379,Ariel Hukporti,23,NYK,C,49,4,434,10.6,.608,.067,.467,11.7,23.0,17.3,6.8,0.9,5.4,27.9,9.9,0.2,0.7,0.9,.101,-4.2,1.7,-2.5,-0.1,,2026
380,Bogdan Bogdanović,33,LAC,SG,21,3,429,8.2,.507,.603,.177,1.7,13.2,7.6,16.6,1.2,0.2,14.6,18.4,-0.2,0.3,0.1,.010,-2.9,-0.9,-3.9,-0.2,,2026
381,Ethan Thompson,26,IND,SG,25,7,427,7.0,.483,.626,.138,3.0,8.6,5.8,11.1,1.7,1.4,10.9,14.6,-0.2,0.2,0.0,.000,-4.5,-0.2,-4.7,-0.3,,2026
382,Moussa Cisse,23,DAL,C,34,1,425,14.7,.567,.000,.795,17.1,24.4,20.8,2.5,1.3,7.4,18.2,13.5,0.2,0.7,0.9,.106,-4.0,1.0,-3.0,-0.1,,2026
383,Yanic Konan Niederhäuser,22,LAC,C,41,0,424,16.4,.691,.050,.620,10.5,21.4,16.1,4.1,0.6,6.7,15.3,15.7,0.8,0.5,1.3,.152,-2.5,0.4,-2.2,0.0,,2026
384,Jeremy Sochan,22,2TM,PF,40,0,424,11.1,.549,.328,.172,8.1,15.3,11.7,10.5,1.7,1.3,13.8,14.4,0.3,0.6,0.9,.102,-3.0,0.9,-2.2,0.0,,2026
384,Jeremy Sochan,22,SAS,PF,28,0,358,9.7,.538,.354,.162,8.0,13.8,11.0,10.2,1.3,1.2,14.5,14.6,0.1,0.5,0.6,.084,-3.5,0.4,-3.0,-0.1,,2026
384,Jeremy Sochan,22,NYK,PF,12,0,66,18.2,.613,.176,.235,8.4,23.7,16.0,12.4,3.7,1.5,9.6,13.4,0.1,0.1,0.3,.195,-0.6,3.2,2.6,0.1,,2026
385,Tony Bradley,28,IND,C,38,3,416,13.1,.604,.019,.406,14.3,13.7,14.0,6.8,0.7,1.4,12.0,14.5,0.7,0.2,0.9,.101,-2.4,-1.7,-4.1,-0.2,,2026
386,Taurean Prince,31,MIL,SF,19,3,409,8.2,.577,.708,.044,0.8,12.4,6.6,8.7,1.4,0.7,12.9,14.3,0.0,0.2,0.2,.021,-3.2,-1.6,-4.8,-0.3,,2026
387,Moritz Wagner,28,ORL,C,32,0,405,15.5,.548,.372,.388,6.8,22.9,14.8,9.0,1.7,0.2,7.4,24.2,0.4,0.5,0.9,.106,-1.3,-1.0,-2.3,0.0,,2026
388,Terrence Shannon Jr.,25,MIN,SG,35,1,403,7.8,.548,.464,.375,2.5,7.5,5.0,7.8,1.3,0.2,12.1,15.5,0.1,0.3,0.4,.050,-4.2,-0.7,-5.0,-0.3,,2026
389,Myron Gardner,24,MIA,SF,41,7,395,15.6,.609,.538,.218,9.8,20.8,15.3,13.3,2.3,1.8,10.3,15.0,0.8,0.6,1.4,.171,-0.8,2.0,1.1,0.3,,2026
390,Maxi Kleber,34,LAL,PF,37,1,395,8.5,.537,.355,.387,8.6,12.4,10.5,7.3,1.9,2.4,16.2,9.6,0.2,0.4,0.6,.071,-3.9,0.5,-3.4,-0.1,,2026
391,Trae Young,27,2TM,PG,15,15,384,21.2,.612,.452,.548,1.1,7.4,4.2,46.0,1.6,0.5,15.1,28.1,1.2,0.2,1.4,.173,4.3,-1.5,2.8,0.5,,2026
391,Trae Young,27,ATL,PG,10,10,280,19.9,.577,.437,.541,0.0,5.9,2.9,45.3,1.7,0.3,13.5,28.8,0.7,0.2,0.9,.160,3.5,-1.8,1.7,0.3,,2026
391,Trae Young,27,WAS,PG,5,5,104,24.6,.723,.500,.571,4.1,11.4,7.7,47.8,1.4,0.8,19.8,26.4,0.4,0.0,0.4,.207,6.2,-0.7,5.6,0.2,,2026
392,Branden Carlson,26,OKC,C,37,2,381,15.6,.597,.459,.126,7.1,19.1,13.3,7.9,0.8,4.7,8.4,17.7,0.5,0.7,1.2,.151,-0.4,0.3,-0.2,0.2,,2026
393,Marcus Sasser,25,DET,PG,30,5,379,11.9,.547,.613,.099,1.8,7.8,4.8,22.2,2.5,0.5,14.9,19.1,0.2,0.5,0.8,.099,-1.7,0.3,-1.4,0.1,,2026
394,Julian Phillips,22,2TM,SF,44,2,371,10.1,.545,.545,.172,6.4,6.8,6.6,3.2,2.7,1.6,7.0,12.9,0.2,0.3,0.5,.068,-2.5,0.4,-2.1,0.0,,2026
394,Julian Phillips,22,CHI,SF,35,2,334,9.3,.533,.557,.125,7.1,6.9,7.0,2.7,2.4,1.6,7.0,12.5,0.1,0.3,0.4,.055,-2.9,0.0,-2.9,-0.1,,2026
394,Julian Phillips,22,MIN,SF,9,0,37,17.7,.623,.455,.545,0.0,5.8,3.0,7.3,5.2,2.4,6.8,16.7,0.1,0.1,0.1,.180,0.7,4.1,4.8,0.1,,2026
395,Liam McNeeley,20,CHO,SF,30,0,363,10.8,.594,.638,.415,4.1,18.0,11.2,8.5,0.7,0.8,10.5,14.4,0.5,0.3,0.8,.112,-1.2,-0.1,-1.3,0.1,,2026
396,AJ Johnson,21,2TM,SG,41,0,363,4.6,.397,.336,.176,2.6,10.9,6.8,13.6,1.2,0.5,14.5,19.1,-0.9,0.1,-0.8,-0.101,-6.6,-2.2,-8.9,-0.6,,2026
396,AJ Johnson,21,WAS,SG,25,0,214,4.4,.396,.301,.145,3.9,11.6,7.7,13.9,1.6,0.0,16.9,20.8,-0.6,0.0,-0.6,-0.133,-7.2,-3.3,-10.6,-0.5,,2026
396,AJ Johnson,21,DAL,SG,16,0,149,4.9,.397,.396,.229,0.7,9.8,5.4,13.1,0.6,1.1,10.2,16.6,-0.2,0.1,-0.2,-0.054,-5.8,-0.7,-6.5,-0.2,,2026
397,Dejounte Murray,29,NOP,PG,13,13,361,19.0,.588,.349,.256,0.9,19.4,10.0,36.6,2.8,0.8,18.0,27.0,0.3,0.4,0.7,.090,1.4,0.6,2.0,0.4,,2026
398,Jeremiah Robinson-Earl,25,2TM,PF,22,3,361,9.4,.468,.410,.180,10.6,20.5,15.5,5.6,1.2,0.2,10.0,14.1,0.0,0.2,0.2,.029,-3.4,-1.8,-5.2,-0.3,,2026
398,Jeremiah Robinson-Earl,25,IND,PF,17,3,300,8.7,.443,.398,.169,11.4,20.9,16.0,5.4,1.1,0.3,10.1,14.0,-0.1,0.2,0.1,.015,-3.5,-1.9,-5.4,-0.3,,2026
398,Jeremiah Robinson-Earl,25,DAL,PF,5,0,61,13.0,.586,.471,.235,7.1,18.9,13.1,6.7,1.5,0.0,9.6,14.3,0.1,0.1,0.1,.100,-3.0,-1.1,-4.1,0.0,,2026
399,Kelly Olynyk,34,SAS,C,41,0,357,13.6,.595,.484,.400,7.4,14.7,11.1,17.9,2.0,0.8,17.7,16.0,0.4,0.5,1.0,.133,-1.2,1.2,0.0,0.2,,2026
400,Larry Nance Jr.,33,CLE,PF,30,2,357,9.0,.490,.541,.071,7.7,15.7,11.7,9.9,2.0,1.1,12.2,13.6,0.1,0.4,0.5,.064,-4.0,0.6,-3.4,-0.1,,2026
401,Cam Whitmore,21,WAS,SF,21,0,354,13.8,.528,.331,.183,5.7,11.9,8.7,6.6,2.0,2.0,9.0,23.7,-0.1,0.1,0.0,.002,-1.1,-2.1,-3.2,-0.1,,2026
402,Blake Wesley,22,POR,SG,27,0,352,11.2,.519,.292,.375,2.4,9.0,5.7,25.5,2.2,1.3,17.7,19.6,0.0,0.4,0.3,.045,-3.3,0.1,-3.2,-0.1,,2026
403,Cameron Payne,31,PHI,PG,20,1,352,14.8,.517,.657,.140,0.9,11.1,5.9,22.6,3.3,1.6,6.8,19.5,0.4,0.4,0.8,.107,-0.3,1.0,0.7,0.2,,2026
404,Taelon Peter,23,IND,SG,31,0,348,8.9,.518,.866,.116,1.8,11.6,6.6,12.7,2.3,1.0,14.5,16.8,-0.3,0.2,0.0,-0.003,-3.3,-0.7,-4.0,-0.2,,2026
405,Isaiah Livers,27,PHO,PF,36,0,347,7.6,.469,.625,.188,5.9,13.9,9.7,7.7,1.9,2.2,14.8,10.0,0.0,0.4,0.4,.055,-3.7,1.1,-2.5,0.0,,2026
406,Matisse Thybulle,28,POR,SG,24,0,342,15.2,.605,.677,.212,4.0,11.2,7.6,8.1,6.1,3.1,16.2,15.3,0.2,0.8,1.0,.135,-1.6,6.1,4.4,0.6,,2026
407,Jayson Tatum,27,BOS,PF,11,11,341,19.1,.525,.500,.242,2.3,29.4,16.0,21.1,1.8,0.6,9.1,30.7,0.3,0.6,0.9,.125,2.5,1.2,3.7,0.5,,2026
408,Ty Jerome,28,MEM,SG,15,15,339,25.7,.616,.465,.260,3.5,10.0,6.7,44.6,2.2,1.1,10.1,32.7,1.2,0.2,1.4,.198,8.2,-0.5,7.6,0.8,,2026
409,Doug McDermott,34,SAC,SF,23,0,332,9.3,.615,.913,.019,1.3,7.6,4.4,5.8,0.6,0.8,8.7,14.7,0.2,-0.1,0.2,.026,-0.7,-3.1,-3.7,-0.1,,2026
410,Christian Koloko,25,3TM,C,25,4,331,9.0,.448,.104,.149,9.0,14.6,11.8,6.5,2.0,6.1,15.4,10.6,-0.1,0.4,0.3,.046,-5.5,1.5,-4.0,-0.2,,2026
410,Christian Koloko,25,LAL,C,2,0,6,-0.3,,,,0.0,19.0,9.8,0.0,0.0,0.0,,0.0,0.0,0.0,0.0,.024,-6.7,-1.7,-8.4,0.0,,2026
410,Christian Koloko,25,MEM,C,11,2,195,9.0,.394,.029,.114,10.4,14.0,12.2,6.5,2.4,6.2,16.0,9.3,-0.1,0.2,0.1,.036,-4.8,1.7,-3.0,0.0,,2026
410,Christian Koloko,25,ATL,C,12,2,130,9.3,.505,.188,.188,7.4,15.2,11.3,6.8,1.5,6.3,14.8,13.0,0.0,0.2,0.2,.064,-6.5,1.3,-5.2,-0.1,,2026
411,Jae'Sean Tate,30,HOU,SF,39,0,327,10.2,.572,.337,.105,8.2,9.4,8.8,7.0,1.4,0.8,11.8,13.1,0.3,0.3,0.6,.093,-3.4,-0.5,-3.8,-0.2,,2026
412,Khaman Maluach,19,PHO,C,39,0,324,12.3,.602,.182,.325,10.6,20.9,15.6,2.6,0.6,6.8,20.7,14.6,0.1,0.5,0.5,.076,-4.4,0.0,-4.4,-0.2,,2026
413,Jamal Cain,26,ORL,SF,32,1,322,10.7,.574,.477,.262,6.9,10.9,8.9,8.0,1.1,0.6,12.5,18.0,0.2,0.2,0.4,.065,-2.1,-1.8,-3.9,-0.2,,2026
414,Nick Smith Jr.,21,LAL,SG,25,1,318,9.2,.530,.519,.083,0.8,6.4,3.7,12.6,1.4,0.6,12.1,21.5,-0.2,0.2,0.0,-0.004,-2.8,-2.3,-5.2,-0.3,,2026
415,Andre Jackson Jr.,24,MIL,SG,41,1,303,7.1,.441,.553,.212,7.5,11.9,9.7,14.9,2.4,0.7,20.5,17.1,-0.4,0.2,-0.2,-0.032,-5.4,-1.4,-6.8,-0.4,,2026
416,Yang Hansen,20,POR,C,41,1,296,3.8,.413,.420,.340,7.2,16.6,11.8,10.0,0.5,3.0,21.8,20.1,-0.8,0.3,-0.5,-0.077,-8.9,-0.7,-9.6,-0.6,,2026
417,Obi Toppin,27,IND,PF,17,3,291,17.8,.623,.559,.213,3.3,23.5,13.1,20.9,1.5,0.3,12.6,23.2,0.4,0.2,0.6,.101,1.8,-0.3,1.6,0.3,,2026
418,Oscar Tshiebwe,26,UTA,C,20,1,286,19.7,.644,.000,.375,18.3,21.7,19.9,11.1,1.6,1.0,9.7,14.9,0.8,0.1,0.9,.157,1.2,-2.7,-1.4,0.0,,2026
419,Zach Edey,23,MEM,C,11,11,284,20.7,.669,.051,.327,16.2,30.5,23.2,6.6,1.2,6.9,18.8,20.2,0.4,0.4,0.8,.141,-0.6,1.2,0.6,0.2,,2026
420,Killian Hayes,24,SAC,PG,17,3,281,7.3,.399,.449,.112,0.8,15.5,7.9,28.3,1.5,1.3,16.3,18.6,-0.5,0.1,-0.4,-0.060,-5.6,-1.8,-7.4,-0.4,,2026
421,Leaky Black,26,WAS,SF,9,5,281,10.0,.566,.459,.131,4.9,15.4,10.1,7.9,1.2,2.2,8.5,10.5,0.2,0.1,0.3,.054,-2.1,-1.1,-3.2,-0.1,,2026
422,Lindy Waters III,28,SAS,SG,39,0,280,7.2,.527,.895,.035,1.2,9.4,5.4,8.7,0.9,0.3,7.4,14.2,0.1,0.3,0.3,.059,-3.0,-0.5,-3.6,-0.1,,2026
423,Brooks Barnhizer,23,OKC,SG,36,0,278,6.9,.446,.340,.120,5.7,18.4,12.3,7.9,1.0,1.4,13.2,9.4,0.0,0.5,0.4,.077,-4.0,1.2,-2.8,-0.1,,2026
424,Bez Mbeng,22,UTA,SG,9,3,277,7.1,.479,.375,.275,4.6,8.4,6.5,13.4,2.6,1.4,21.1,8.5,0.0,0.1,0.1,.014,-6.1,-0.4,-6.5,-0.3,,2026
425,Malaki Branham,22,WAS,SG,28,0,275,14.1,.604,.407,.374,4.6,12.6,8.5,11.8,1.7,1.0,12.4,18.4,0.3,0.1,0.4,.067,-0.8,-1.5,-2.3,0.0,,2026
426,Pat Connaughton,33,CHO,SG,36,0,264,13.4,.588,.615,.231,5.2,17.2,11.3,9.0,1.9,0.3,9.5,15.2,0.3,0.3,0.6,.118,0.0,0.4,0.4,0.2,,2026
427,Ron Harper Jr.,25,BOS,SF,25,2,263,11.6,.543,.778,.025,5.9,10.7,8.3,8.2,1.0,3.5,5.8,14.3,0.3,0.3,0.6,.112,-0.2,0.8,0.6,0.2,,2026
428,Jordan McLaughlin,29,SAS,PG,40,0,262,11.1,.532,.534,.068,2.1,8.8,5.5,17.5,3.3,0.7,16.6,14.5,0.0,0.4,0.5,.086,-2.4,2.2,-0.2,0.1,,2026
429,Duop Reath,29,POR,C,32,0,258,10.6,.613,.743,.081,4.1,11.9,7.9,5.4,0.9,2.8,8.4,13.1,0.3,0.2,0.5,.102,-0.9,-0.1,-1.0,0.1,,2026
430,Tyler Burton,25,MEM,SF,10,0,256,8.9,.495,.598,.272,3.3,15.0,9.1,5.8,1.9,1.5,8.0,18.2,-0.1,0.2,0.1,.023,-4.0,-1.5,-5.5,-0.2,,2026
431,Kevon Looney,29,NOP,C,19,6,254,13.5,.452,.167,.148,18.5,24.1,21.3,12.6,1.1,3.4,12.2,10.8,0.3,0.2,0.5,.102,-1.5,-0.9,-2.4,0.0,,2026
432,KJ Simpson,23,2TM,PG,17,2,246,8.6,.428,.406,.188,3.8,11.7,7.8,24.1,3.2,0.0,18.8,22.0,-0.4,0.3,-0.1,-0.019,-5.0,0.5,-4.5,-0.2,,2026
432,KJ Simpson,23,CHO,PG,14,2,223,7.8,.437,.438,.180,2.6,11.9,7.3,22.1,3.3,0.0,20.0,22.7,-0.5,0.3,-0.2,-0.035,-5.6,0.3,-5.4,-0.2,,2026
432,KJ Simpson,23,DEN,PG,3,0,23,16.5,.317,.000,.286,15.4,9.4,12.2,43.4,2.1,0.0,0.0,14.9,0.1,0.0,0.1,.140,0.7,2.8,3.6,0.0,,2026
433,Bronny James,21,LAL,SG,34,1,242,10.0,.513,.449,.072,2.0,5.6,3.9,21.2,2.6,1.2,16.4,15.3,0.0,0.2,0.2,.046,-2.4,-0.5,-2.9,-0.1,,2026
434,Chaney Johnson,23,BRK,SF,12,0,232,15.2,.625,.373,.407,10.5,14.3,12.3,18.7,2.3,2.0,16.8,15.7,0.4,0.2,0.6,.127,-0.7,1.1,0.4,0.1,,2026
435,LJ Cryer,24,GSW,PG,15,0,229,9.4,.582,.833,.133,1.9,10.4,6.1,8.2,0.4,0.0,9.5,19.5,0.1,0.1,0.2,.045,-2.0,-2.9,-5.0,-0.2,,2026
436,Chris Paul,40,LAC,PG,16,0,228,8.1,.413,.536,.036,3.2,10.9,7.2,30.6,2.4,0.0,22.0,14.2,-0.1,0.2,0.1,.017,-4.0,-0.2,-4.2,-0.1,,2026
437,Joan Beringer,19,MIN,PF,34,1,223,18.0,.645,.000,.318,16.1,15.4,15.7,5.2,1.1,5.5,9.6,15.7,0.5,0.3,0.8,.182,-1.3,0.1,-1.2,0.0,,2026
438,Chaz Lanier,24,DET,SG,28,0,217,8.7,.483,.767,.082,3.6,6.6,5.1,8.8,1.6,0.0,2.6,14.8,0.1,0.2,0.4,.085,-2.5,-0.8,-3.3,-0.1,,2026
439,Julian Reese,22,WAS,PF,7,6,217,13.4,.610,.000,.436,13.1,24.9,18.9,8.4,1.5,1.2,22.5,16.3,0.1,0.1,0.2,.052,-3.1,-1.8,-4.9,-0.2,,2026
440,Jonathan Mogbo,24,TOR,PF,34,0,214,13.2,.573,.024,.293,9.9,21.9,15.8,12.7,2.3,2.7,17.8,11.3,0.2,0.4,0.6,.125,-2.5,1.4,-1.0,0.1,,2026
441,Blake Hinson,26,UTA,SF,11,1,214,15.3,.711,.740,.156,4.0,8.3,6.1,6.1,0.2,0.9,2.4,16.3,0.6,-0.1,0.5,.112,2.6,-3.3,-0.7,0.1,,2026
442,PJ Hall,23,2TM,C,19,2,214,15.9,.599,.085,.492,17.6,21.7,19.7,6.6,0.7,4.3,18.2,17.3,0.3,0.3,0.6,.124,-1.6,-0.8,-2.3,0.0,,2026
442,PJ Hall,23,MEM,C,7,0,27,18.9,.630,.333,.333,11.9,24.3,18.0,10.9,0.0,6.9,8.8,17.4,0.1,0.0,0.1,.158,1.8,0.1,1.8,0.0,,2026
442,PJ Hall,23,CHO,C,12,2,187,15.4,.594,.040,.520,18.5,21.3,19.9,6.0,0.8,3.9,19.6,17.3,0.2,0.2,0.5,.119,-2.1,-0.9,-2.9,0.0,,2026
443,Scotty Pippen Jr.,25,MEM,PG,10,6,212,14.8,.537,.333,.240,4.0,7.2,5.6,33.6,4.2,1.8,20.3,26.1,-0.1,0.3,0.1,.033,-2.6,-0.2,-2.8,0.0,,2026
444,Keshad Johnson,24,MIA,SF,27,0,210,13.2,.543,.463,.305,9.2,15.4,12.3,2.6,2.2,3.0,11.4,20.3,0.0,0.3,0.3,.070,-2.5,-0.2,-2.7,0.0,,2026
445,Tyson Etienne,26,BRK,PG,18,0,209,13.1,.641,.833,.205,1.1,5.9,3.3,16.9,1.4,0.0,9.6,19.6,0.4,0.1,0.4,.100,0.8,-1.6,-0.8,0.1,,2026
446,DeAndre Jordan,37,NOP,C,12,7,199,15.8,.671,.000,.531,14.0,27.4,20.6,7.2,1.0,4.8,18.6,10.2,0.3,0.2,0.6,.134,-0.4,0.2,-0.3,0.1,,2026
447,DaRon Holmes,23,DEN,PF,21,6,198,12.8,.700,.724,.190,3.6,13.0,8.5,11.0,0.0,1.9,14.9,16.2,0.3,0.1,0.4,.098,0.6,-1.5,-1.0,0.1,,2026
448,Garrison Mathews,29,IND,SG,15,1,196,11.3,.628,.885,.442,1.1,8.6,4.7,6.9,1.5,1.3,4.6,14.1,0.3,0.1,0.4,.096,-1.3,-0.1,-1.3,0.0,,2026
449,Lachlan Olbrich,22,CHI,C,29,0,195,10.3,.514,.250,.611,11.1,20.4,15.8,12.4,1.4,1.3,16.5,11.7,0.1,0.2,0.3,.072,-3.8,0.1,-3.7,-0.1,,2026
450,Nigel Hayes-Davis,31,PHO,SF,27,0,195,4.2,.356,.348,.087,6.6,12.3,9.4,4.6,2.0,1.0,14.3,12.2,-0.3,0.2,-0.1,-0.025,-6.4,-0.9,-7.3,-0.3,,2026
451,E.J. Liddell,25,BRK,PF,20,0,194,7.1,.455,.582,.091,4.6,19.0,11.4,11.5,0.8,3.8,12.3,14.6,-0.2,0.1,0.0,-0.004,-5.4,-0.8,-6.2,-0.2,,2026
452,MarJon Beauchamp,25,PHI,SF,11,1,187,12.8,.553,.616,.233,3.5,14.9,9.1,10.8,2.3,2.0,13.9,21.1,0.0,0.2,0.2,.046,-1.0,-1.0,-2.0,0.0,,2026
453,JD Davison,23,HOU,PG,25,0,184,9.7,.474,.519,.167,1.2,12.5,6.9,19.9,1.4,2.0,10.8,14.8,0.1,0.2,0.3,.075,-3.0,0.8,-2.2,0.0,,2026
454,Zach Collins,28,CHI,C,10,0,184,17.9,.666,.328,.313,9.4,22.8,16.2,12.0,0.5,1.9,12.1,18.8,0.4,0.1,0.5,.139,1.0,-0.7,0.3,0.1,,2026
455,Chris Youngblood,23,2TM,SG,33,0,183,10.7,.527,.857,.159,4.3,11.9,8.3,8.7,1.1,1.6,2.9,16.4,0.2,0.3,0.5,.119,-2.0,-0.2,-2.3,0.0,,2026
455,Chris Youngblood,23,OKC,SG,32,0,174,10.1,.505,.850,.167,4.5,12.6,8.7,8.2,1.1,1.7,3.0,16.5,0.1,0.3,0.4,.110,-2.6,-0.3,-2.9,0.0,,2026
455,Chris Youngblood,23,POR,SG,1,0,9,22.3,1.000,1.000,.000,0.0,0.0,0.0,17.8,0.0,0.0,0.0,13.5,0.1,0.0,0.1,.291,8.8,1.6,10.3,0.0,,2026
456,RayJ Dennis,24,3TM,PG,16,0,180,6.5,.416,.534,.123,4.7,9.3,7.0,22.7,1.1,1.9,16.3,21.7,-0.4,0.1,-0.3,-0.079,-4.1,-1.0,-5.1,-0.1,,2026
456,RayJ Dennis,24,IND,PG,13,0,168,6.5,.421,.528,.125,5.1,8.7,6.8,21.7,0.8,2.0,15.6,22.8,-0.4,0.1,-0.3,-0.086,-3.9,-1.4,-5.3,-0.1,,2026
456,RayJ Dennis,24,LAC,PG,1,0,4,-6.0,,,,0.0,56.7,29.2,0.0,0.0,0.0,100.0,11.1,0.0,0.0,0.0,-0.274,-15.4,-0.3,-15.7,0.0,,2026
456,RayJ Dennis,24,ATL,PG,2,0,8,13.8,.000,1.000,.000,0.0,0.0,0.0,55.4,5.9,0.0,0.0,5.2,0.0,0.0,0.0,.162,-1.7,5.6,3.8,0.0,,2026
457,Drew Timme,25,LAL,PF,21,0,179,14.3,.666,.373,.137,6.1,11.5,8.8,12.6,1.4,0.0,11.5,14.9,0.3,0.1,0.5,.121,0.4,-1.2,-0.8,0.1,,2026
458,DeJon Jarreau,28,MEM,SG,9,0,178,11.1,.486,.373,.239,6.6,18.5,12.5,23.9,2.1,2.1,19.6,21.5,-0.2,0.2,0.0,.003,-3.7,-0.2,-3.9,-0.1,,2026
459,Malevy Leons,26,GSW,SF,20,1,173,11.7,.495,.283,.174,13.3,9.8,11.6,7.9,2.2,3.7,10.8,13.6,0.1,0.2,0.3,.086,-3.3,-0.2,-3.5,-0.1,,2026
460,Andersson Garcia,25,UTA,SF,5,2,169,8.4,.394,.448,.310,10.7,16.4,13.5,10.1,2.2,2.3,17.5,9.8,0.0,0.1,0.1,.015,-5.3,-0.7,-5.9,-0.2,,2026
461,Hunter Tyson,25,DEN,PF,21,2,162,6.4,.398,.635,.250,2.9,21.3,12.5,13.1,0.6,0.6,8.0,16.8,-0.2,0.1,0.0,-0.014,-5.3,-1.6,-6.9,-0.2,,2026
462,Xavier Tillman Sr.,27,2TM,C,26,1,159,9.7,.421,.439,.098,12.8,13.6,13.2,8.9,2.5,1.9,15.8,13.8,-0.1,0.2,0.2,.047,-3.5,0.4,-3.1,0.0,,2026
462,Xavier Tillman Sr.,27,BOS,C,14,1,111,11.3,.500,.484,.000,10.0,14.6,12.3,6.1,2.7,1.8,13.9,14.1,0.0,0.2,0.2,.080,-2.2,1.0,-1.2,0.0,,2026
462,Xavier Tillman Sr.,27,CHO,C,12,0,48,6.1,.213,.300,.400,19.2,11.5,15.3,15.5,2.1,1.9,20.3,13.0,-0.1,0.1,0.0,-0.029,-6.5,-0.8,-7.3,-0.1,,2026
463,Kennedy Chandler,23,UTA,PG,5,0,154,14.8,.563,.304,.357,0.0,10.8,5.3,33.6,1.8,0.0,12.2,19.8,0.2,0.0,0.2,.073,-1.9,-2.8,-4.7,-0.1,,2026
464,Walker Kessler,24,UTA,C,5,5,154,20.7,.786,.216,.541,15.9,22.3,19.0,13.9,2.1,5.7,25.9,16.6,0.3,0.1,0.5,.150,1.6,1.7,3.3,0.2,,2026
465,Malachi Smith,26,BRK,SG,8,0,151,14.2,.638,.349,.047,5.1,9.7,7.3,19.0,2.3,1.8,18.6,15.5,0.1,0.1,0.2,.076,0.4,-0.1,0.3,0.1,,2026
466,Mason Plumlee,35,2TM,C,18,2,150,13.9,.757,.000,1.077,12.1,25.0,18.6,16.1,2.9,0.0,36.5,8.5,0.2,0.3,0.5,.154,-1.7,2.9,1.2,0.1,,2026
466,Mason Plumlee,35,CHO,C,14,2,125,13.5,.752,.000,1.000,9.2,26.6,18.1,16.5,2.4,0.0,34.2,8.9,0.2,0.2,0.4,.140,-1.5,2.6,1.1,0.1,,2026
466,Mason Plumlee,35,SAS,C,4,0,25,16.0,.798,.000,2.000,26.5,16.8,21.5,14.0,5.8,0.0,51.5,6.5,0.1,0.1,0.1,.225,-2.4,4.2,1.8,0.0,,2026
467,Jalen Slawson,26,IND,SF,7,3,148,11.5,.488,.571,.257,2.9,17.4,10.0,15.1,2.9,4.6,11.4,12.6,0.0,0.2,0.2,.069,-2.7,1.6,-1.0,0.0,,2026
468,Nate Williams,26,GSW,SG,11,0,146,11.9,.610,.340,.260,9.7,5.4,7.6,9.1,1.0,0.0,13.9,18.8,0.2,0.1,0.2,.076,-2.1,-2.3,-4.4,-0.1,,2026
469,Max Strus,29,CLE,SF,6,0,144,17.7,.726,.837,.122,6.1,23.6,14.9,11.5,1.0,0.0,8.8,16.5,0.4,0.2,0.6,.196,3.4,-0.7,2.7,0.2,,2026
470,Jeff Green,39,HOU,PF,27,0,142,11.4,.542,.673,.055,3.9,10.8,7.4,5.9,0.4,0.6,1.7,17.0,0.2,0.1,0.3,.108,-0.6,-2.2,-2.8,0.0,,2026
471,A.J. Lawson,25,TOR,SG,16,0,135,14.6,.606,.583,.188,5.8,16.9,11.3,5.1,2.5,2.1,7.1,17.7,0.2,0.2,0.4,.142,-0.8,0.9,0.0,0.1,,2026
472,Miles Kelly,23,DAL,PG,14,0,134,8.2,.484,.750,.023,4.0,14.8,9.5,12.0,1.4,0.6,11.9,15.8,-0.1,0.1,0.0,.016,-4.5,-0.5,-5.0,-0.1,,2026
473,Bismack Biyombo,33,SAS,C,23,1,133,4.3,.615,.000,.500,4.1,15.0,9.7,4.5,1.4,0.7,29.1,7.6,0.0,0.2,0.2,.059,-7.3,1.3,-6.0,-0.1,,2026
474,Kevin McCullar Jr.,24,NYK,SF,20,0,130,8.4,.471,.500,.139,8.5,13.8,11.1,18.8,2.7,0.0,23.9,16.5,-0.1,0.2,0.1,.030,-4.6,0.7,-3.9,-0.1,,2026
475,Amari Williams,24,BOS,PF,20,2,123,9.1,.539,.000,.706,7.2,21.0,14.2,8.1,0.8,7.4,28.8,11.0,-0.1,0.2,0.2,.063,-5.2,2.5,-2.7,0.0,,2026
476,Yuki Kawamura,24,CHI,PG,11,0,121,12.7,.555,.667,.542,4.5,13.9,9.2,32.6,2.3,0.0,27.0,14.1,0.1,0.1,0.2,.088,-2.4,-0.7,-3.1,0.0,,2026
477,Bradley Beal,32,LAC,SG,6,6,121,5.1,.476,.396,.167,2.0,2.8,2.4,12.0,1.2,0.0,14.9,22.2,-0.2,0.0,-0.2,-0.070,-6.7,-3.9,-10.6,-0.3,,2026
478,Alijah Martin,24,TOR,SG,18,0,118,13.5,.491,.439,.439,8.5,9.7,9.1,10.1,3.3,3.3,9.3,19.6,0.0,0.2,0.2,.088,-2.1,1.4,-0.8,0.0,,2026
479,Dereck Lively II,21,DAL,C,7,4,115,15.0,.670,.000,.556,13.2,20.9,17.1,14.7,1.6,8.1,30.9,11.8,0.1,0.2,0.3,.131,-3.0,3.6,0.7,0.1,,2026
480,Kyle Lowry,39,PHI,PG,13,0,113,3.0,.375,1.000,.300,0.0,8.9,4.4,11.8,0.9,1.7,15.0,9.9,-0.1,0.1,-0.1,-0.024,-7.0,-1.7,-8.8,-0.2,,2026
481,Thanasis Antetokounmpo,33,MIL,SF,30,0,110,15.5,.551,.087,1.043,10.4,17.4,13.9,10.9,4.5,4.6,19.2,16.7,0.0,0.2,0.2,.097,-3.0,2.0,-1.0,0.0,,2026
482,Adou Thiero,21,LAL,SF,20,0,107,9.4,.532,.045,.545,7.9,13.8,11.0,7.2,2.3,1.7,15.5,13.2,0.0,0.1,0.1,.066,-5.1,-0.1,-5.2,-0.1,,2026
483,Luke Travers,24,CLE,SG,12,0,103,10.3,.350,.444,.250,9.6,16.0,12.8,10.8,3.3,3.7,7.0,17.5,-0.1,0.2,0.1,.025,-4.2,1.0,-3.3,0.0,,2026
484,Joe Ingles,38,MIN,SF,25,0,102,9.9,.684,.615,.154,0.0,9.5,4.8,24.2,3.3,0.9,39.3,9.5,0.0,0.1,0.2,.081,-2.9,2.4,-0.5,0.0,,2026
485,Patrick Baldwin Jr.,23,3TM,SF,9,1,102,11.8,.549,.519,.259,12.7,12.3,12.6,6.4,1.4,4.5,14.3,14.7,0.0,0.1,0.1,.049,-3.0,-1.6,-4.6,-0.1,,2026
485,Patrick Baldwin Jr.,23,LAC,SF,2,0,12,23.7,1.025,.750,.500,0.0,9.4,4.9,0.0,0.0,0.0,17.0,21.8,0.1,0.0,0.1,.214,5.2,-0.4,4.8,0.0,,2026
485,Patrick Baldwin Jr.,23,PHI,SF,1,0,2,6.3,,,,0.0,55.6,27.4,0.0,0.0,0.0,,0.0,0.0,0.0,0.0,.083,-5.0,-3.1,-8.1,0.0,,2026
485,Patrick Baldwin Jr.,23,SAC,SF,6,1,88,10.3,.456,.478,.217,14.8,11.7,13.3,7.4,1.6,5.2,13.7,14.1,0.0,0.0,0.0,.026,-4.1,-1.7,-5.8,-0.1,,2026
486,Alondes Williams,26,WAS,SG,4,0,101,19.2,.745,.538,.308,5.2,21.4,13.2,16.9,1.4,2.6,14.5,14.3,0.3,0.1,0.3,.159,1.4,-0.5,0.9,0.1,,2026
487,Tolu Smith,25,DET,PF,11,0,99,16.7,.592,.000,.720,17.1,23.3,20.2,10.5,1.0,5.0,15.4,16.3,0.2,0.2,0.4,.181,-1.3,1.6,0.4,0.1,,2026
488,Javonte Cooke,26,POR,SG,19,0,94,-0.1,.275,.561,.049,4.5,17.5,10.9,9.9,3.0,0.0,17.7,22.0,-0.5,0.1,-0.3,-0.176,-10.5,-1.2,-11.7,-0.2,,2026
489,Chris Boucher,33,BOS,PF,9,0,94,7.8,.392,.600,.160,2.4,18.3,10.5,4.1,2.7,7.6,3.6,12.8,-0.1,0.2,0.1,.064,-5.9,2.7,-3.2,0.0,,2026
490,Pacôme Dadiet,20,NYK,SG,25,0,93,10.7,.458,.690,.207,3.6,20.5,12.0,13.6,1.6,1.1,5.9,15.4,0.1,0.1,0.2,.092,-2.1,1.1,-1.0,0.0,,2026
491,Kobe Bufkin,22,LAL,SG,11,1,90,5.1,.397,.526,.211,1.3,10.1,5.9,7.4,1.1,3.1,8.8,22.1,-0.2,0.1,-0.2,-0.083,-7.2,-3.4,-10.6,-0.2,,2026
492,Johnny Juzang,24,MIN,SG,21,0,88,12.2,.518,.632,.211,6.4,14.6,10.6,9.8,1.1,1.0,10.7,22.3,0.0,0.1,0.1,.040,-1.7,-1.7,-3.4,0.0,,2026
493,Haywood Highsmith,29,PHO,SF,6,0,80,18.5,.729,.650,.300,8.1,10.0,9.0,12.1,2.5,0.0,0.0,12.0,0.3,0.1,0.4,.251,3.7,1.4,5.1,0.1,,2026
494,Isaiah Crawford,24,HOU,SF,13,0,76,6.5,.430,.556,.222,2.9,11.5,7.3,6.6,1.3,3.6,13.2,12.6,-0.1,0.1,0.0,.020,-4.2,0.0,-4.2,0.0,,2026
495,Omer Yurtseven,27,GSW,C,8,0,75,4.2,.382,.176,.706,17.5,15.1,16.3,6.8,1.3,0.0,26.4,17.1,-0.2,0.1,-0.1,-0.068,-8.1,-3.3,-11.4,-0.2,,2026
496,Eric Gordon,37,PHI,SG,6,0,74,14.4,.754,.667,.095,1.5,1.5,1.5,5.8,2.6,1.3,12.1,14.2,0.1,0.0,0.2,.113,2.1,0.3,2.4,0.1,,2026
497,Bobi Klintman,22,DET,SF,12,0,71,4.5,.388,.481,.111,8.0,21.6,14.9,11.0,2.0,0.0,17.5,20.0,-0.2,0.1,-0.1,-0.042,-7.7,-1.0,-8.7,-0.1,,2026
498,Caleb Houstan,23,ATL,SF,16,0,69,11.1,.665,.818,.136,6.2,4.8,5.5,5.7,1.4,1.3,14.6,16.5,0.1,0.1,0.1,.084,-1.8,-1.9,-3.7,0.0,,2026
499,David Jones García,24,SAS,SF,11,0,68,21.0,.579,.200,.240,6.5,13.9,10.3,37.5,4.2,1.3,15.3,20.2,0.1,0.1,0.3,.206,2.6,3.8,6.4,0.1,,2026
500,John Poulakidas,22,DAL,SG,5,0,68,8.7,.568,.864,.000,1.6,15.4,8.6,6.0,2.1,0.0,8.3,14.8,0.0,0.1,0.1,.058,-4.9,-0.5,-5.4,-0.1,,2026
501,Garrett Temple,39,TOR,SG,20,0,67,3.2,.390,.786,.643,1.7,11.9,6.7,14.3,2.2,2.9,28.0,15.9,-0.2,0.1,-0.1,-0.072,-7.6,0.2,-7.4,-0.1,,2026
502,Kadary Richmond,24,WAS,SG,3,0,67,20.1,.722,.250,.188,1.6,14.5,8.0,16.7,5.7,1.3,10.4,12.1,0.2,0.1,0.2,.179,-0.9,4.3,3.4,0.1,,2026
503,TyTy Washington Jr.,24,LAC,PG,10,0,66,15.1,.583,.444,.000,1.8,3.4,2.7,30.2,3.0,2.9,14.3,14.1,0.1,0.1,0.2,.128,0.9,1.4,2.3,0.1,,2026
504,Antonio Reeves,25,CHO,SG,9,0,66,12.3,.675,.650,.000,3.5,10.1,6.8,4.4,0.7,0.0,4.8,13.4,0.1,0.0,0.2,.122,1.0,-0.1,0.9,0.0,,2026
505,Taj Gibson,40,MEM,C,7,0,65,16.3,.678,.278,.333,9.9,15.2,12.5,8.7,1.5,1.4,4.6,13.8,0.2,0.0,0.2,.179,0.7,-0.3,0.4,0.0,,2026
506,Monte Morris,30,IND,PG,6,0,65,6.9,.414,.400,.200,1.6,10.3,5.9,18.8,0.7,1.3,8.4,15.5,-0.1,0.0,0.0,-0.029,-4.5,-1.5,-6.0,-0.1,,2026
507,Drew Peterson,26,CHO,PF,6,0,64,0.6,.148,.750,.125,5.4,10.4,7.9,3.8,2.3,1.4,0.0,11.1,-0.2,0.1,-0.1,-0.079,-8.3,-1.5,-9.9,-0.1,,2026
508,Trey Jemison,26,NYK,C,11,0,61,6.4,.605,.000,.143,14.5,14.7,14.6,6.0,0.8,3.3,44.6,9.4,0.0,0.1,0.0,.030,-7.2,-0.3,-7.5,-0.1,,2026
509,DaQuan Jeffries,28,SAC,SG,3,0,60,16.3,.731,.474,.263,5.4,3.8,4.6,2.5,1.6,0.0,0.0,15.0,0.2,0.0,0.2,.164,0.8,-1.2,-0.4,0.0,,2026
510,Seth Curry,35,GSW,SG,5,0,59,18.2,.699,.444,.167,5.6,7.7,6.6,17.5,1.6,0.0,0.0,13.9,0.2,0.0,0.3,.218,2.4,1.0,3.4,0.1,,2026
511,James Wiseman,24,IND,C,4,1,58,4.1,.597,.000,.200,9.2,5.8,7.5,7.0,0.0,1.5,31.5,11.6,0.0,0.0,0.0,-0.029,-8.0,-1.1,-9.0,-0.1,,2026
512,Johni Broome,23,PHI,C,11,0,55,0.4,.188,.208,.250,13.8,18.2,15.9,9.3,2.6,3.4,10.1,22.7,-0.3,0.1,-0.2,-0.214,-11.8,-4.4,-16.2,-0.2,,2026
513,Cody Martin,30,IND,SF,4,0,55,3.0,.277,.500,.600,1.9,26.5,13.9,4.5,3.5,3.1,24.0,12.9,-0.2,0.1,-0.1,-0.105,-10.0,2.0,-8.0,-0.1,,2026
514,Wendell Moore Jr.,24,DET,SG,5,0,54,10.0,.635,.143,.286,2.1,10.2,6.2,6.7,1.8,3.7,11.3,6.8,0.1,0.1,0.1,.119,-2.5,1.9,-0.6,0.0,,2026
515,Nikola Topić,20,OKC,PG,5,0,53,1.9,.500,.313,.000,4.3,11.8,8.2,25.1,0.0,0.0,40.7,22.0,-0.2,0.1,-0.1,-0.135,-8.2,-3.1,-11.3,-0.1,,2026
516,Jahmir Young,25,MIA,PG,11,0,51,5.6,.437,.364,.091,4.0,4.1,4.0,15.8,0.9,0.0,11.6,20.6,-0.1,0.0,0.0,-0.038,-7.2,-2.0,-9.2,-0.1,,2026
517,Lawson Lovering,22,MEM,C,2,1,49,13.7,.574,.000,.500,13.1,20.1,16.5,8.3,2.9,1.9,14.1,12.0,0.1,0.1,0.1,.112,-3.7,0.0,-3.7,0.0,,2026
518,Keshon Gilbert,22,WAS,PG,3,0,48,4.5,.521,.500,1.000,4.4,6.8,5.6,7.4,2.0,7.3,51.0,10.3,-0.1,0.0,-0.1,-0.087,-6.3,-0.4,-6.7,-0.1,,2026
519,Mac McClung,27,2TM,SG,4,0,47,8.4,.430,.480,.160,0.0,11.8,5.8,6.3,5.1,3.7,10.1,26.8,-0.2,0.1,-0.1,-0.089,-8.3,3.0,-5.3,0.0,,2026
519,Mac McClung,27,IND,SG,3,0,34,12.9,.481,.556,.222,0.0,13.2,6.4,4.6,7.0,2.5,9.2,27.2,-0.1,0.1,0.0,-0.016,-5.6,6.1,0.5,0.0,,2026
519,Mac McClung,27,CHI,SG,1,0,13,-3.2,.286,.286,.000,0.0,8.1,4.1,10.6,0.0,6.7,12.5,25.8,-0.1,0.0,-0.1,-0.279,-15.2,-5.3,-20.5,-0.1,,2026
520,Mo Bamba,27,2TM,C,4,0,44,13.0,.455,.000,.000,24.3,30.3,27.2,3.1,0.0,6.7,15.4,12.3,0.0,0.0,0.1,.057,-4.4,-3.6,-8.1,-0.1,,2026
520,Mo Bamba,27,TOR,C,2,0,6,-2.8,.000,.000,.000,18.6,19.0,18.8,0.0,0.0,16.1,0.0,14.3,0.0,0.0,0.0,-0.160,-18.9,-2.5,-21.5,0.0,,2026
520,Mo Bamba,27,UTA,C,2,0,38,15.5,.556,.000,.000,25.3,32.0,28.6,3.6,0.0,5.2,18.2,11.9,0.0,0.0,0.1,.092,-2.1,-3.8,-5.9,0.0,,2026
521,Isaiah Stevens,25,SAC,PG,3,0,43,16.5,.571,.143,.571,5.0,2.7,3.9,29.4,5.6,0.0,18.6,10.6,0.1,0.0,0.1,.132,-1.2,3.3,2.0,0.0,,2026
522,Trey Alexander,22,NOP,SG,5,0,42,13.6,.778,.333,.000,0.0,10.4,5.1,16.4,1.1,2.3,10.0,10.0,0.1,0.0,0.1,.131,0.4,0.2,0.6,0.0,,2026
523,Dario Šarić,31,SAC,C,5,0,41,0.7,.363,.500,.333,2.6,14.0,8.2,5.8,0.0,0.0,22.5,9.2,-0.1,0.0,-0.1,-0.082,-6.7,-2.3,-9.0,-0.1,,2026
524,Charles Bassey,25,3TM,C,6,0,41,18.8,.493,.000,.417,23.6,24.0,23.8,6.4,2.4,4.6,6.6,15.6,0.1,0.1,0.1,.143,0.4,-0.2,0.2,0.0,,2026
524,Charles Bassey,25,MEM,C,2,0,31,12.7,.376,.000,.375,24.1,28.3,26.2,8.4,1.5,3.0,9.7,13.8,0.0,0.0,0.0,.074,-3.0,-1.4,-4.4,0.0,,2026
524,Charles Bassey,25,PHI,C,1,0,5,21.3,1.000,.000,.000,0.0,0.0,0.0,0.0,0.0,18.8,0.0,8.4,0.0,0.0,0.0,.190,2.9,4.1,6.9,0.0,,2026
524,Charles Bassey,25,BOS,C,3,0,5,54.3,.644,.000,.667,44.5,21.5,32.8,0.0,10.1,0.0,0.0,33.7,0.0,0.0,0.1,.526,19.6,2.8,22.5,0.0,,2026
525,Cormac Ryan,27,MIL,SG,4,0,40,11.5,.581,.733,.333,2.8,0.0,1.4,3.6,3.7,2.5,10.4,21.3,0.0,0.0,0.0,.044,-2.9,-1.0,-3.9,0.0,,2026
526,Skal Labissière,29,WAS,PF,3,0,38,16.4,.650,.500,.000,8.3,17.1,12.6,11.2,2.5,2.3,9.1,12.1,0.1,0.0,0.1,.123,-0.2,0.4,0.2,0.0,,2026
527,Grant Nelson,23,BRK,PF,4,0,35,17.6,.634,.000,1.111,3.2,17.5,10.0,22.4,1.4,13.2,23.0,21.6,0.0,0.1,0.1,.101,-2.5,4.8,2.4,0.0,,2026
528,Tristan Enaruna,24,CLE,SF,6,0,34,9.8,.395,.313,.063,16.1,12.9,14.5,12.2,1.4,0.0,10.8,22.8,-0.1,0.0,0.0,-0.033,-4.6,-3.4,-8.0,-0.1,,2026
529,Tyler Smith,21,DAL,PF,5,0,34,3.2,.463,.818,.182,3.2,15.4,9.4,0.0,1.4,0.0,20.2,18.4,-0.1,0.0,-0.1,-0.101,-6.9,-2.6,-9.6,-0.1,,2026
530,Markelle Fultz,27,TOR,PG,4,0,34,-1.0,.200,.000,.000,0.0,3.4,1.7,28.6,2.9,0.0,28.6,17.6,-0.2,0.0,-0.1,-0.192,-11.8,-3.7,-15.5,-0.1,,2026
531,Koby Brea,23,PHO,SG,7,0,33,15.8,.638,.786,.143,0.0,6.9,3.4,18.2,0.0,0.0,0.0,19.2,0.1,0.0,0.1,.200,3.0,-1.6,1.4,0.0,,2026
532,Curtis Jones,24,DEN,SG,7,0,33,3.6,.321,.643,.000,3.6,13.0,8.5,15.8,1.5,0.0,6.7,19.8,-0.1,0.0,-0.1,-0.097,-8.8,-3.5,-12.3,-0.1,,2026
533,Emanuel Miller,25,CHI,PF,5,0,33,15.1,.540,.462,.154,3.3,6.4,4.8,17.4,2.8,0.0,0.0,17.6,0.1,0.0,0.1,.113,1.6,0.9,2.6,0.0,,2026
534,Jahmyl Telfort,24,LAC,PF,8,0,32,-5.3,.087,1.000,1.000,0.0,10.6,5.5,3.7,1.6,0.0,14.8,9.4,-0.1,0.0,-0.1,-0.163,-12.1,-1.7,-13.9,-0.1,,2026
535,Adama-Alpha Bal,22,MEM,,1,0,28,-0.1,.188,.625,.000,0.0,7.8,3.9,13.0,3.4,0.0,0.0,11.9,-0.1,0.0,0.0,-0.083,-12.0,-0.1,-12.1,-0.1,,2026
536,Dillon Jones,24,NYK,SF,6,0,27,13.2,.451,.667,.667,8.2,16.6,12.3,17.4,3.7,0.0,0.0,12.3,0.1,0.0,0.1,.193,-3.5,3.4,-0.1,0.0,,2026
537,Hunter Sallis,22,PHI,SG,7,0,26,2.0,.595,.000,.400,0.0,4.3,2.1,20.7,0.0,3.6,46.0,17.7,-0.1,0.0,-0.1,-0.151,-7.7,-2.9,-10.6,-0.1,,2026
538,Mark Sears,23,MIL,PG,7,0,26,15.3,.666,.615,.615,4.4,4.3,4.4,12.5,0.0,0.0,19.5,34.9,0.0,0.0,0.0,.013,2.3,-4.6,-2.3,0.0,,2026
539,Isaac Jones,25,2TM,PF,6,1,26,9.2,.509,.333,.333,8.3,12.7,10.7,4.8,0.0,3.8,0.0,11.1,0.0,0.0,0.0,.075,-5.0,-1.1,-6.1,0.0,,2026
539,Isaac Jones,25,SAC,PF,3,1,17,5.7,.521,.500,1.000,12.7,0.0,6.6,7.3,0.0,0.0,0.0,7.2,0.0,0.0,0.0,.058,-6.4,-1.9,-8.3,0.0,,2026
539,Isaac Jones,25,DET,PF,3,0,9,15.7,.500,.250,.000,0.0,36.5,18.5,0.0,0.0,11.0,0.0,18.4,0.0,0.0,0.0,.107,-2.4,0.3,-2.1,0.0,,2026
540,Chris Mañon,24,LAL,SG,6,0,25,9.3,.347,1.000,1.000,4.8,22.8,14.1,4.6,5.8,7.4,25.8,6.8,0.0,0.1,0.0,.083,-6.4,5.8,-0.6,0.0,,2026
541,Orlando Robinson,25,ORL,C,4,1,25,14.7,.700,.400,.000,8.8,9.0,8.9,16.5,1.9,0.0,0.0,8.5,0.1,0.0,0.1,.194,0.7,0.5,1.3,0.0,,2026
542,Dalano Banton,26,2TM,PG,5,0,25,12.6,.506,.000,.222,4.8,0.0,2.3,24.8,2.0,4.1,16.8,20.8,0.0,0.0,0.0,.034,-4.4,-0.7,-5.0,0.0,,2026
542,Dalano Banton,26,LAC,PG,2,0,10,27.9,.750,.000,.000,12.0,0.0,5.8,37.1,5.0,0.0,20.0,22.2,0.0,0.0,0.0,.228,7.3,5.2,12.5,0.0,,2026
542,Dalano Banton,26,BOS,PG,3,0,15,2.5,.340,.000,.400,0.0,0.0,0.0,16.6,0.0,6.8,14.5,19.9,0.0,0.0,0.0,-0.096,-12.2,-4.5,-16.7,-0.1,,2026
543,Sean Pedulla,23,LAC,PG,4,0,23,13.1,.500,.692,.000,0.0,9.9,5.1,28.0,0.0,0.0,0.0,25.1,0.0,0.0,0.0,.081,-3.4,-5.0,-8.3,0.0,,2026
544,Riley Minix,25,2TM,SF,6,0,23,29.1,.792,.500,.000,9.6,14.1,11.8,31.6,2.1,0.0,14.3,25.6,0.1,0.0,0.1,.262,8.8,2.4,11.2,0.1,,2026
544,Riley Minix,25,SAS,SF,3,0,8,44.8,.750,.500,.000,13.8,13.1,13.4,31.4,6.0,0.0,0.0,31.6,0.1,0.0,0.1,.431,18.0,7.4,25.5,0.1,,2026
544,Riley Minix,25,CLE,SF,3,0,15,20.7,.833,.500,.000,7.3,14.6,11.0,31.7,0.0,0.0,25.0,22.4,0.0,0.0,0.1,.173,3.8,-0.3,3.5,0.0,,2026
545,Brandon Clarke,29,MEM,PF,2,2,20,12.3,.372,.000,.444,21.3,11.0,16.2,7.0,4.7,0.0,0.0,22.3,0.0,0.0,0.0,.046,-4.7,-0.2,-4.8,0.0,,2026
546,Jayson Kent,23,POR,SF,3,0,19,21.2,.776,.500,.167,0.0,23.0,11.4,0.0,2.5,4.7,0.0,13.7,0.1,0.0,0.1,.230,3.0,4.8,7.8,0.0,,2026
547,Harrison Ingram,23,SAS,SF,5,0,17,22.9,.900,.200,.000,19.5,0.0,9.5,8.9,0.0,0.0,0.0,12.4,0.1,0.0,0.1,.298,7.9,-0.5,7.3,0.0,,2026
548,Jacob Toppin,25,ATL,SF,5,0,17,15.2,.667,.000,.000,0.0,6.5,3.2,8.8,0.0,5.3,0.0,14.7,0.0,0.0,0.0,.127,-0.1,0.5,0.4,0.0,,2026
549,Chris Livingston,22,CLE,SF,3,0,17,15.5,.605,.429,.143,0.0,19.4,9.7,8.9,2.8,0.0,0.0,18.4,0.0,0.0,0.1,.166,-4.8,2.0,-2.8,0.0,,2026
550,Rocco Zikarsky,19,MIN,C,4,0,16,21.1,.600,.000,.000,14.0,20.1,17.1,0.0,0.0,16.4,0.0,13.2,0.0,0.0,0.1,.197,1.6,0.8,2.4,0.0,,2026
551,Buddy Boeheim,26,OKC,SF,4,0,15,4.7,.500,1.000,.000,0.0,0.0,0.0,0.0,0.0,0.0,0.0,17.3,0.0,0.0,0.0,.013,-3.8,-4.6,-8.4,0.0,,2026
552,N'Faly Dante,24,ATL,C,4,0,15,12.4,.338,.000,.250,21.4,29.4,25.3,0.0,6.3,0.0,18.4,15.1,0.0,0.0,0.0,.049,-3.7,-0.9,-4.6,0.0,,2026
553,Vladislav Goldin,24,MIA,C,5,0,14,12.1,.667,.000,.000,7.3,22.3,14.7,18.8,0.0,6.4,25.0,11.6,0.0,0.0,0.0,.116,-5.1,4.4,-0.7,0.0,,2026
554,Norchad Omier,24,LAC,PF,3,0,14,28.9,.800,.200,.000,17.2,16.2,16.7,12.9,3.6,0.0,0.0,15.9,0.1,0.0,0.1,.331,4.4,0.5,4.9,0.0,,2026
555,Chucky Hepburn,22,TOR,PG,2,0,13,-13.5,.000,.833,.000,0.0,8.8,4.3,17.5,3.7,0.0,14.3,23.0,-0.1,0.0,-0.1,-0.441,-20.7,-3.1,-23.9,-0.1,,2026
556,Max Shulga,23,BOS,SG,7,0,12,1.1,.410,.250,.500,9.3,0.0,4.6,21.2,0.0,0.0,17.0,21.3,0.0,0.0,0.0,-0.021,-12.6,-1.3,-13.9,0.0,,2026
557,John Tonje,24,BOS,SG,4,0,12,8.2,.347,1.000,1.000,0.0,18.0,9.1,9.6,4.2,0.0,0.0,10.4,0.0,0.0,0.0,.088,-10.2,3.0,-7.1,0.0,,2026
558,David Roddy,24,DEN,PF,2,0,12,10.1,.258,1.000,.667,9.8,26.9,18.8,18.8,4.1,0.0,0.0,14.1,0.0,0.0,0.0,.064,-5.1,1.2,-4.0,0.0,,2026
559,Alex Morales,28,ORL,PG,1,0,12,4.5,.500,.000,.000,9.2,18.8,14.0,43.7,0.0,0.0,50.0,14.2,0.0,0.0,0.0,-0.020,-9.1,-2.1,-11.3,0.0,,2026
560,Colin Castleton,25,ORL,C,1,0,10,-3.5,.333,.000,.000,0.0,45.2,22.4,13.4,0.0,0.0,40.0,21.2,-0.1,0.0,-0.1,-0.270,-13.4,-2.5,-15.9,0.0,,2026
561,Tosan Evbuomwan,24,NYK,SF,5,0,8,-0.3,.000,.000,.000,13.8,14.0,13.9,0.0,0.0,0.0,0.0,5.3,0.0,0.0,0.0,-0.025,-8.5,-3.0,-11.5,0.0,,2026
562,Enrique Freeman,25,MIN,PF,2,0,8,9.1,,,,0.0,40.3,20.6,0.0,0.0,11.0,,0.0,0.0,0.0,0.0,.110,-1.2,3.6,2.5,0.0,,2026
563,Payton Sandfort,23,OKC,SF,2,0,7,-15.1,.340,.800,.400,0.0,29.8,15.5,0.0,0.0,0.0,14.5,42.5,-0.1,0.0,-0.1,-0.376,-27.2,-6.1,-33.3,-0.1,,2026
564,Stanley Umude,26,SAS,SG,2,0,7,11.6,.500,.500,.000,0.0,0.0,0.0,18.9,6.9,0.0,0.0,12.1,0.0,0.0,0.0,.166,-6.7,7.0,0.3,0.0,,2026
565,Colby Jones,23,DET,SG,1,0,7,13.0,.333,.667,.000,0.0,62.7,31.8,37.9,0.0,0.0,0.0,17.8,0.0,0.0,0.0,.124,-3.2,5.6,2.4,0.0,,2026
566,Noa Essengue,19,CHI,PF,2,0,6,-12.0,.000,.667,.000,0.0,0.0,0.0,0.0,7.8,0.0,0.0,20.9,-0.1,0.0,-0.1,-0.417,-20.7,-3.0,-23.7,0.0,,2026
567,Trentyn Flowers,20,CHI,SF,2,0,6,16.7,.667,.333,.000,18.0,0.0,8.9,30.6,0.0,0.0,25.0,27.9,0.0,0.0,0.0,.025,1.8,-2.7,-0.9,0.0,,2026
568,Zyon Pullin,24,MIN,SG,2,0,6,25.7,1.064,.000,2.000,0.0,0.0,0.0,70.1,8.0,0.0,51.5,27.3,0.0,0.0,0.0,.275,-1.8,8.4,6.7,0.0,,2026
569,Trevor Keels,22,MIA,SG,4,0,5,-22.7,.000,.750,.000,0.0,41.6,20.6,0.0,0.0,0.0,0.0,32.5,-0.1,0.0,-0.1,-0.700,-28.6,-11.5,-40.1,0.0,,2026
570,Hunter Dickinson,25,NOP,C,1,0,5,-11.0,.500,.000,.000,0.0,0.0,0.0,0.0,0.0,18.9,50.0,33.4,-0.1,0.0,-0.1,-0.523,-27.0,1.0,-26.0,0.0,,2026
571,CJ Huntley,24,PHO,SF,1,0,5,7.1,.500,.000,.000,0.0,0.0,0.0,0.0,0.0,0.0,0.0,17.0,0.0,0.0,0.0,-0.007,-4.9,-3.8,-8.8,0.0,,2026
572,Olivier Sarr,26,CLE,C,1,0,4,-2.3,.568,,,0.0,0.0,0.0,0.0,0.0,0.0,0.0,9.2,0.0,0.0,0.0,.047,-12.1,-1.6,-13.7,0.0,,2026
573,Darius Brown II,26,CLE,SG,1,0,3,-7.7,.000,.000,.000,0.0,36.6,18.3,0.0,0.0,0.0,0.0,14.0,0.0,0.0,0.0,-0.268,-16.3,-2.4,-18.7,0.0,,2026
,League Average,,,,,,,,.581,.415,.265,5.2,14.8,10.0,16.3,1.7,1.9,12.2,19.9,,,,,,,,,,2026
