0,1,2,3,4,5,6,7,8,9,10,11,12,13,14,15,16,17,18,19,Year
Rank,Player,Age,Tm,First,Pts Won,Pts Max,Share,G,MP,PTS,TRB,AST,STL,BLK,FG%,3P%,FT%,WS,WS/48,1981
1,Julius Erving,30,PHI,28,454,690,0.658,82,35.0,24.6,8.0,4.4,2.1,1.8,.521,.222,.787,13.8,.231,1981
2,Larry Bird,24,BOS,20,423,690,0.613,82,39.5,21.2,10.9,5.5,2.0,0.8,.478,.270,.863,10.8,.160,1981
3,Kareem Abdul-Jabbar,33,LAL,8,286,690,0.414,80,37.2,26.2,10.3,3.4,0.7,2.9,.574,.000,.766,14.3,.230,1981
4,Moses Malone,25,HOU,8,180,690,0.261,80,40.6,27.8,14.8,1.8,1.0,1.9,.522,.333,.757,13.7,.202,1981
5,George Gervin,28,SAS,1,83,690,0.120,82,33.7,27.1,5.1,3.2,1.1,0.7,.492,.257,.826,10.5,.182,1981
6,Marques Johnson,24,MIL,1,73,690,0.106,76,33.4,20.3,6.8,4.6,1.5,0.5,.552,.000,.706,11.2,.211,1981
7,Robert Parish,27,BOS,0,53,690,0.077,82,28.0,18.9,9.5,1.8,1.0,2.6,.545,.000,.710,10.9,.228,1981
8,Dennis Johnson,26,PHO,0,50,690,0.072,79,33.1,18.8,4.6,3.7,1.7,0.8,.436,.216,.820,8.4,.154,1981
9,Tiny Archibald,32,BOS,0,32,690,0.046,80,35.3,13.8,2.2,7.7,0.9,0.2,.499,.000,.816,6.9,.118,1981
10,Jamaal Wilkes,27,LAL,0,19,690,0.028,81,37.4,22.6,5.4,2.9,1.5,0.4,.526,.077,.758,8.5,.135,1981
11,Magic Johnson,21,LAL,0,18,690,0.026,37,37.1,21.6,8.6,8.6,3.4,0.7,.532,.176,.760,6.4,.225,1981
12T,Adrian Dantley,25,UTA,1,15,690,0.022,80,42.7,30.7,6.4,4.0,1.4,0.2,.559,.286,.806,13.6,.191,1981
12T,Phil Ford,24,KCK,1,15,690,0.022,66,34.7,17.5,1.9,8.8,1.5,0.1,.478,.306,.831,5.2,.110,1981
14,Bernard King,24,GSW,0,12,690,0.017,81,36.0,21.9,6.8,3.5,0.9,0.4,.588,.333,.703,9.1,.150,1981
15T,Kelvin Ransey,22,POR,1,11,690,0.016,80,30.4,15.2,2.4,6.9,1.1,0.1,.452,.097,.749,2.8,.056,1981
15T,Jack Sikma,25,SEA,0,11,690,0.016,82,35.6,18.7,10.4,3.0,1.0,1.1,.454,.000,.823,8.0,.132,1981
17T,Otis Birdsong,25,KCK,0,7,690,0.010,71,36.5,24.6,3.6,3.3,1.3,0.3,.544,.286,.697,8.2,.152,1981
17T,Michael Ray Richardson,25,NYK,0,7,690,0.010,79,40.2,16.4,6.9,7.9,2.9,0.4,.469,.225,.663,6.9,.104,1981
19T,Truck Robinson,29,PHO,0,6,690,0.009,82,37.7,18.8,9.6,2.5,0.8,0.5,.505,,.629,7.6,.119,1981
19T,Reggie Theus,23,CHI,0,6,690,0.009,82,34.4,18.9,3.5,5.2,1.5,0.2,.495,.200,.809,9.2,.156,1981
21,Norm Nixon,25,LAL,0,5,690,0.007,79,37.5,17.1,2.9,8.8,1.8,0.1,.476,.167,.778,5.5,.089,1981
22T,Artis Gilmore,31,CHI,0,4,690,0.006,82,34.5,17.9,10.1,2.1,0.6,2.4,.670,,.705,12.3,.208,1981
22T,Bob Lanier,32,MIL,0,4,690,0.006,67,26.2,14.3,6.2,2.7,1.1,1.2,.525,1.000,.751,6.8,.185,1981
24T,Michael Cooper,24,LAL,0,3,690,0.004,81,32.4,9.4,4.1,4.1,1.6,1.0,.491,.211,.785,5.0,.092,1981
24T,Walter Davis,26,PHO,0,3,690,0.004,78,28.0,18.0,2.6,3.9,1.2,0.2,.539,.412,.836,7.1,.157,1981
24T,George Johnson,32,SAS,0,3,690,0.004,82,23.6,5.0,7.3,1.1,0.6,3.4,.473,,.734,4.5,.112,1981
24T,Bobby Jones,29,PHI,0,3,690,0.004,81,25.3,13.5,5.4,2.8,1.2,0.9,.539,.000,.813,9.2,.217,1981
24T,Mike Mitchell,25,CLE,0,3,690,0.004,82,39.0,24.5,6.1,1.7,0.8,0.6,.476,.444,.784,6.0,.091,1981
24T,James Silas,31,SAS,0,3,690,0.004,75,27.4,17.7,3.1,3.8,0.7,0.2,.477,.000,.850,7.0,.164,1981
30T,Quinn Buckner,26,MIL,0,1,690,0.001,82,29.1,13.3,3.6,4.7,2.4,0.0,.493,.167,.734,5.4,.108,1981
30T,Caldwell Jones,30,PHI,0,1,690,0.001,81,32.6,7.2,10.0,1.5,0.7,1.7,.449,,.767,5.5,.100,1981
Rank,Player,Age,Tm,First,Pts Won,Pts Max,Share,G,MP,PTS,TRB,AST,STL,BLK,FG%,3P%,FT%,WS,WS/48,1982
1,Moses Malone,26,HOU,40,507,690,0.735,81,42.0,31.1,14.7,1.8,0.9,1.5,.519,.000,.762,15.4,.218,1982
2,Larry Bird,25,BOS,20,406,690,0.588,77,38.0,22.9,10.9,5.8,1.9,0.9,.503,.212,.863,12.5,.205,1982
3,Julius Erving,31,PHI,1,203,690,0.294,81,34.4,24.4,6.9,3.9,2.0,1.7,.546,.273,.763,13.3,.229,1982
4,Robert Parish,28,BOS,4,131,690,0.190,80,31.7,19.9,10.8,1.8,0.9,2.4,.542,,.710,10.0,.190,1982
5,Gus Williams,28,SEA,2,115,690,0.167,80,36.0,23.4,3.1,6.9,2.2,0.5,.486,.225,.734,10.2,.171,1982
6,George Gervin,29,SAS,1,110,690,0.159,79,35.7,32.3,5.0,2.4,1.0,0.6,.500,.278,.864,10.7,.182,1982
7,Sidney Moncrief,24,MIL,1,101,690,0.146,80,37.3,19.8,6.7,4.8,1.7,0.3,.523,.071,.817,13.4,.216,1982
8,Magic Johnson,22,LAL,0,67,690,0.097,78,38.3,18.6,9.6,9.5,2.7,0.4,.537,.207,.760,12.9,.207,1982
9,Jack Sikma,26,SEA,0,33,690,0.048,82,37.2,19.6,12.7,3.4,1.2,1.3,.479,.154,.855,12.6,.199,1982
10,Kareem Abdul-Jabbar,34,LAL,0,31,690,0.045,76,35.2,23.9,8.7,3.0,0.8,2.7,.579,.000,.706,10.7,.192,1982
11T,Dan Roundfield,28,ATL,0,14,690,0.020,61,36.3,18.6,11.8,2.7,1.0,1.5,.466,.200,.760,6.5,.141,1982
11T,Kelly Tripucka,22,DET,0,14,690,0.020,82,37.5,21.6,5.4,3.3,1.1,0.2,.496,.227,.797,7.5,.117,1982
13,Alex English,28,DEN,0,12,690,0.017,82,36.8,25.4,6.8,5.3,1.1,1.5,.551,.000,.840,9.5,.152,1982
14,Bernard King,25,GSW,0,10,690,0.014,79,36.2,23.2,5.9,3.6,1.0,0.3,.566,.200,.705,8.7,.147,1982
15,Adrian Dantley,26,UTA,0,7,690,0.010,81,39.8,30.3,6.3,4.0,1.2,0.2,.570,.333,.792,12.6,.187,1982
16,Ray Williams,27,NJN,0,6,690,0.009,82,33.3,20.4,4.0,6.0,2.4,0.5,.462,.167,.832,7.9,.139,1982
17T,Michael Cooper,25,LAL,0,3,690,0.004,76,28.9,11.9,3.5,3.0,1.6,0.8,.517,.118,.813,5.0,.109,1982
17T,Dan Issel,33,DEN,0,3,690,0.004,81,30.5,22.9,7.5,2.2,0.8,0.7,.527,.667,.834,9.8,.190,1982
17T,Marques Johnson,25,MIL,0,3,690,0.004,60,31.7,16.5,6.1,3.6,1.0,0.6,.532,.000,.700,6.2,.158,1982
17T,Isiah Thomas,20,DET,0,3,690,0.004,72,33.8,17.0,2.9,7.8,2.1,0.2,.424,.288,.704,2.3,.046,1982
21T,Dennis Johnson,27,PHO,0,1,690,0.001,80,36.7,19.5,5.1,4.6,1.3,0.7,.470,.190,.806,8.1,.132,1982
21T,Mychal Thompson,27,POR,0,1,690,0.001,79,39.6,20.8,11.7,4.0,0.9,1.4,.523,,.628,8.2,.125,1982
21T,Jay Vincent,22,DAL,0,1,690,0.001,81,32.4,21.4,7.0,2.2,1.1,0.3,.497,.250,.716,5.6,.102,1982
21T,Jamaal Wilkes,28,LAL,0,1,690,0.001,82,35.4,21.1,4.8,1.7,1.1,0.3,.525,.000,.732,7.7,.127,1982
21T,Buck Williams,21,NJN,0,1,690,0.001,82,34.5,15.5,12.3,1.3,1.0,1.0,.582,.000,.624,8.9,.152,1982
Rank,Player,Age,Tm,First,Pts Won,Pts Max,Share,G,MP,PTS,TRB,AST,STL,BLK,FG%,3P%,FT%,WS,WS/48,1983
1,Moses Malone,27,PHI,69,720,750,0.960,78,37.5,24.5,15.3,1.3,1.1,2.0,.501,.000,.761,15.1,.248,1983
2,Larry Bird,26,BOS,1,364,750,0.485,79,37.7,23.6,11.0,5.8,1.9,0.9,.504,.286,.840,14.0,.225,1983
3,Magic Johnson,23,LAL,2,304.5,750,0.406,79,36.8,16.8,8.6,10.5,2.2,0.6,.548,.000,.800,12.5,.207,1983
4,Sidney Moncrief,25,MIL,0,226,750,0.301,76,35.7,22.5,5.8,3.9,1.5,0.3,.524,.100,.826,13.2,.233,1983
5,Julius Erving,32,PHI,3,112,750,0.149,72,33.6,21.4,6.8,3.7,1.6,1.8,.517,.286,.759,10.9,.217,1983
6,Alex English,29,DEN,0,42,750,0.056,82,36.4,28.4,7.3,4.8,1.4,1.5,.516,.167,.829,10.3,.166,1983
7,Buck Williams,22,NJN,0,40,750,0.053,82,36.1,17.0,12.5,1.5,1.1,1.3,.588,.000,.620,11.4,.185,1983
8,Artis Gilmore,33,SAS,0,33,750,0.044,82,34.1,18.0,12.0,1.5,0.5,2.3,.626,.000,.740,11.0,.189,1983
9,George Gervin,30,SAS,0,30,750,0.040,78,36.3,26.2,4.6,3.4,1.1,0.9,.487,.364,.853,9.4,.159,1983
10,Kareem Abdul-Jabbar,35,LAL,0,15,750,0.020,79,32.3,21.8,7.5,2.5,0.8,2.2,.588,.000,.749,10.9,.205,1983
11,Jack Sikma,27,SEA,0,13,750,0.017,75,34.2,18.2,11.4,3.1,1.2,0.9,.464,.000,.837,9.8,.183,1983
12,Jeff Ruland,24,WSB,0,12,750,0.016,79,36.2,19.4,11.0,3.0,0.9,1.0,.552,.333,.689,10.1,.169,1983
13,Terry Cummings,21,SDC,0,10,750,0.013,70,36.2,23.7,10.6,2.5,1.8,0.9,.523,.000,.709,8.7,.164,1983
14,Maurice Lucas,30,PHO,0,9,750,0.012,77,33.6,16.5,10.4,2.8,0.7,0.6,.474,.333,.781,7.1,.132,1983
15,Alton Lister,24,MIL,0,5,750,0.007,80,23.6,8.4,7.1,1.4,0.6,2.2,.529,,.537,3.8,.096,1983
16T,Bernard King,26,NYK,0,4,750,0.005,68,32.5,21.9,4.8,2.9,1.3,0.2,.528,.000,.722,7.5,.163,1983
16T,Isiah Thomas,21,DET,0,4,750,0.005,81,38.2,22.9,4.0,7.8,2.5,0.4,.472,.288,.710,7.4,.115,1983
18T,Larry Drew,24,KCK,0,3,750,0.004,75,35.9,20.1,2.8,8.1,1.7,0.1,.492,.125,.820,7.2,.128,1983
18T,Gus Williams,29,SEA,0,3,750,0.004,80,34.5,20.0,2.6,8.0,2.3,0.3,.477,.047,.751,8.5,.148,1983
20,Dan Roundfield,29,ATL,0,2,750,0.003,77,36.5,19.0,11.4,2.9,0.8,1.5,.470,.185,.749,7.4,.127,1983
21,Marques Johnson,26,MIL,0,1.5,750,0.002,80,35.7,21.4,7.0,4.5,1.3,0.7,.509,.200,.735,10.7,.180,1983
22T,Norm Nixon,27,LAL,0,1,750,0.001,79,34.3,15.1,2.6,7.2,1.3,0.1,.475,.000,.744,3.9,.069,1983
22T,Kiki Vandeweghe,24,DEN,0,1,750,0.001,82,35.5,26.7,5.3,2.5,0.8,0.5,.547,.294,.875,11.0,.182,1983
Rank,Player,Age,Tm,First,Pts Won,Pts Max,Share,G,MP,PTS,TRB,AST,STL,BLK,FG%,3P%,FT%,WS,WS/48,1984
1,Larry Bird,27,BOS,52,652,760,0.858,79,38.3,24.2,10.1,6.6,1.8,0.9,.492,.247,.888,13.6,.215,1984
2,Bernard King,27,NYK,11,373,760,0.491,77,34.6,26.3,5.1,2.1,1.0,0.2,.572,.000,.779,12.1,.218,1984
3,Magic Johnson,24,LAL,5,305,760,0.401,67,38.3,17.6,7.3,13.1,2.2,0.7,.565,.207,.810,10.2,.191,1984
4,Kareem Abdul-Jabbar,36,LAL,3,153,760,0.201,80,32.8,21.5,7.3,2.6,0.7,1.8,.578,.000,.723,8.9,.163,1984
5,Isiah Thomas,22,DET,1,115,760,0.151,82,36.7,21.3,4.0,11.1,2.5,0.4,.462,.338,.733,9.1,.144,1984
6,Julius Erving,33,PHI,1,98,760,0.129,77,34.8,22.4,6.9,4.0,1.8,1.8,.512,.333,.754,10.1,.180,1984
7,Adrian Dantley,28,UTA,1,88,760,0.116,79,37.8,30.6,5.7,3.9,0.8,0.1,.558,.250,.859,14.6,.235,1984
8,Sidney Moncrief,26,MIL,1,70,760,0.092,79,38.9,20.9,6.7,4.5,1.4,0.3,.498,.278,.848,12.7,.198,1984
9,Jeff Ruland,25,WSB,1,38,760,0.050,75,41.1,22.2,12.3,3.9,0.9,1.0,.579,.143,.733,9.3,.144,1984
10,Moses Malone,28,PHI,0,35,760,0.046,71,36.8,22.7,13.4,1.4,1.0,1.5,.483,.000,.750,9.5,.175,1984
11,Mark Aguirre,24,DAL,0,28,760,0.037,79,36.7,29.5,5.9,4.5,1.0,0.3,.524,.268,.749,9.0,.149,1984
12,Bill Laimbeer,26,DET,0,9,760,0.012,82,34.9,17.3,12.2,1.8,0.6,1.0,.530,.000,.866,10.8,.181,1984
13,Rickey Green,29,UTA,0,8,760,0.011,81,34.2,13.2,2.8,9.2,2.7,0.2,.486,.118,.821,7.9,.138,1984
14T,World B. Free,30,CLE,0,1,760,0.001,75,31.7,22.3,2.9,3.0,1.3,0.1,.445,.319,.784,5.3,.107,1984
14T,Marques Johnson,27,MIL,0,1,760,0.001,74,36.7,20.7,6.5,4.3,1.6,0.6,.502,.154,.709,8.6,.152,1984
Rank,Player,Age,Tm,First,Pts Won,Pts Max,Share,G,MP,PTS,TRB,AST,STL,BLK,FG%,3P%,FT%,WS,WS/48,1985
1,Larry Bird,28,BOS,73,763,780,0.978,80,39.5,28.7,10.5,6.6,1.6,1.2,.522,.427,.882,15.7,.238,1985
2,Magic Johnson,25,LAL,1,264,780,0.338,77,36.1,18.3,6.2,12.6,1.5,0.3,.561,.189,.843,12.7,.220,1985
3,Moses Malone,29,PHI,0,218,780,0.279,79,37.4,24.6,13.1,1.6,0.8,1.6,.469,.000,.815,11.9,.193,1985
4,Kareem Abdul-Jabbar,37,LAL,0,206,780,0.264,79,33.3,22.0,7.9,3.2,0.8,2.1,.599,.000,.732,11.2,.204,1985
5,Terry Cummings,23,MIL,2,138,780,0.177,79,34.5,23.6,9.1,2.9,1.5,0.8,.495,.000,.741,10.7,.189,1985
6,Michael Jordan,21,CHI,2,134,780,0.172,82,38.3,28.2,6.5,5.9,2.4,0.8,.515,.173,.845,14.0,.213,1985
7,Bernard King,28,NYK,0,70,780,0.090,55,37.5,32.9,5.8,3.7,1.3,0.3,.530,.100,.772,7.1,.166,1985
8,Sidney Moncrief,27,MIL,0,65,780,0.083,73,37.5,21.7,5.4,5.2,1.6,0.5,.483,.273,.828,11.2,.197,1985
9,Isiah Thomas,23,DET,0,63,780,0.081,81,38.1,21.2,4.5,13.9,2.3,0.3,.458,.257,.809,11.2,.173,1985
10,Ralph Sampson,24,HOU,0,26,780,0.033,82,37.6,22.1,10.4,2.7,1.0,2.0,.502,.000,.676,6.2,.096,1985
11,Calvin Natt,28,DEN,0,22,780,0.028,78,34.1,23.3,7.8,3.1,1.0,0.4,.546,.000,.793,10.2,.185,1985
12T,Alex English,31,DEN,0,12,780,0.015,81,36.1,27.9,5.7,4.2,1.2,0.6,.518,.200,.829,8.9,.146,1985
12T,Hakeem Olajuwon,22,HOU,0,12,780,0.015,82,35.5,20.6,11.9,1.4,1.2,2.7,.538,,.613,10.2,.168,1985
14,Michael Ray Richardson,29,NJN,0,11,780,0.014,82,38.1,20.1,5.6,8.2,3.0,0.3,.469,.252,.767,8.7,.134,1985
15,Andrew Toney,27,PHI,0,5,780,0.006,70,32.0,17.8,2.5,5.2,0.9,0.3,.492,.371,.862,5.5,.118,1985
16,Mark Eaton,28,UTA,0,4,780,0.005,82,34.3,9.7,11.3,1.5,0.4,5.6,.449,,.712,5.4,.093,1985
17T,Paul Pressey,26,MIL,0,3,780,0.004,80,36.0,16.1,5.4,6.8,1.6,0.7,.517,.350,.758,9.6,.160,1985
17T,Jack Sikma,29,SEA,0,3,780,0.004,68,35.3,18.5,10.6,4.2,1.2,1.3,.489,.200,.852,8.3,.166,1985
17T,Dominique Wilkins,25,ATL,0,3,780,0.004,81,37.3,27.4,6.9,2.5,1.7,0.7,.451,.309,.806,7.6,.121,1985
20T,World B. Free,31,CLE,0,2,780,0.003,71,31.7,22.5,3.0,4.5,1.1,0.2,.459,.368,.749,6.0,.127,1985
20T,Purvis Short,27,GSW,0,2,780,0.003,78,39.5,28.0,5.1,3.0,1.5,0.3,.460,.313,.817,6.2,.097,1985
22T,Clyde Drexler,22,POR,0,1,780,0.001,80,31.9,17.2,6.0,5.5,2.2,0.9,.494,.216,.759,7.5,.141,1985
22T,Julius Erving,34,PHI,0,1,780,0.001,78,32.5,20.0,5.3,3.0,1.7,1.4,.494,.214,.765,7.6,.144,1985
Rank,Player,Age,Tm,First,Pts Won,Pts Max,Share,G,MP,PTS,TRB,AST,STL,BLK,FG%,3P%,FT%,WS,WS/48,1986
1,Larry Bird,29,BOS,73,765,780,0.981,82,38.0,25.8,9.8,6.8,2.0,0.6,.496,.423,.896,15.8,.244,1986
2,Dominique Wilkins,26,ATL,5,407,780,0.522,78,39.1,30.3,7.9,2.6,1.8,0.6,.468,.186,.818,10.8,.170,1986
3,Magic Johnson,26,LAL,0,205,780,0.263,72,35.8,18.8,5.9,12.6,1.6,0.2,.526,.233,.871,12.1,.226,1986
4,Hakeem Olajuwon,23,HOU,0,193,780,0.247,68,36.3,23.5,11.5,2.0,2.0,3.4,.526,,.645,9.5,.186,1986
5,Kareem Abdul-Jabbar,38,LAL,0,135,780,0.173,79,33.3,23.4,6.1,3.5,0.8,1.6,.564,.000,.765,10.8,.197,1986
6,Charles Barkley,22,PHI,0,133,780,0.171,80,36.9,20.0,12.8,3.9,2.2,1.6,.572,.227,.685,10.8,.176,1986
7,Sidney Moncrief,28,MIL,0,56,780,0.072,73,35.2,20.2,4.6,4.9,1.4,0.2,.489,.320,.859,11.7,.219,1986
8,Alex English,32,DEN,0,55,780,0.071,81,37.3,29.8,5.0,4.0,0.9,0.4,.504,.200,.862,9.8,.156,1986
9,Isiah Thomas,24,DET,0,28,780,0.036,77,36.2,20.9,3.6,10.8,2.2,0.3,.488,.310,.790,8.8,.151,1986
10,Moses Malone,30,PHI,0,21,780,0.027,74,36.6,23.8,11.8,1.2,0.9,1.0,.458,.000,.787,8.9,.157,1986
11,Terry Cummings,24,MIL,0,9,780,0.012,82,32.5,19.8,8.5,2.4,1.5,0.6,.474,.000,.656,7.4,.133,1986
12,James Worthy,24,LAL,0,7,780,0.009,75,32.7,20.0,5.2,2.7,1.1,1.0,.579,.000,.771,9.5,.185,1986
13T,Kevin McHale,28,BOS,0,3,780,0.004,68,35.3,21.3,8.1,2.7,0.4,2.0,.574,,.776,11.0,.220,1986
13T,Paul Pressey,27,MIL,0,3,780,0.004,80,33.8,14.3,5.0,7.8,2.1,0.9,.488,.182,.806,9.8,.174,1986
13T,Alvin Robertson,23,SAS,0,3,780,0.004,82,35.1,17.0,6.3,5.5,3.7,0.5,.514,.276,.795,8.6,.143,1986
16T,Adrian Dantley,30,UTA,0,2,780,0.003,76,36.1,29.8,5.2,3.5,0.8,0.1,.563,.091,.791,12.8,.223,1986
16T,Buck Williams,25,NJN,0,2,780,0.003,82,37.4,15.9,12.0,1.6,0.9,1.2,.523,.000,.676,6.8,.106,1986
18,Dennis Johnson,31,BOS,0,1,780,0.001,78,35.0,15.6,3.4,5.8,1.4,0.4,.455,.143,.818,6.7,.118,1986
Rank,Player,Age,Tm,First,Pts Won,Pts Max,Share,G,MP,PTS,TRB,AST,STL,BLK,FG%,3P%,FT%,WS,WS/48,1987
1,Magic Johnson,27,LAL,65,733,780,0.940,80,36.3,23.9,6.3,12.2,1.7,0.5,.522,.205,.848,15.9,.263,1987
2,Michael Jordan,23,CHI,10,449,780,0.576,82,40.0,37.1,5.2,4.6,2.9,1.5,.482,.182,.857,16.9,.247,1987
3,Larry Bird,30,BOS,1,271,780,0.347,74,40.6,28.1,9.2,7.6,1.8,0.9,.525,.400,.910,15.2,.243,1987
4,Kevin McHale,29,BOS,0,254,780,0.326,77,39.7,26.1,9.9,2.6,0.5,2.2,.604,.000,.836,14.8,.232,1987
5,Dominique Wilkins,27,ATL,0,128,780,0.164,79,37.6,29.0,6.3,3.3,1.5,0.6,.463,.292,.818,12.2,.197,1987
6,Charles Barkley,23,PHI,1,113,780,0.145,68,40.3,23.0,14.6,4.9,1.8,1.5,.594,.202,.761,12.0,.210,1987
7,Hakeem Olajuwon,24,HOU,1,28,780,0.036,75,36.8,23.4,11.4,2.9,1.9,3.4,.508,.200,.702,10.9,.189,1987
8,Isiah Thomas,25,DET,0,17,780,0.022,81,37.2,20.6,3.9,10.0,1.9,0.2,.463,.194,.768,7.6,.121,1987
9,Fat Lever,26,DEN,0,11,780,0.014,82,37.2,18.9,8.9,8.0,2.5,0.4,.469,.239,.782,9.7,.153,1987
10,Moses Malone,31,WSB,0,9,780,0.012,73,34.1,24.1,11.3,1.6,0.8,1.3,.454,.000,.824,9.4,.182,1987
11,Steve Johnson,29,POR,0,4,780,0.005,79,29.7,16.8,7.2,2.0,0.6,1.0,.556,,.698,4.4,.091,1987
12T,Karl Malone,23,UTA,0,3,780,0.004,82,34.8,21.7,10.4,1.9,1.3,0.7,.512,.000,.598,6.9,.116,1987
12T,Robert Parish,33,BOS,0,3,780,0.004,80,37.4,17.5,10.6,2.2,0.8,1.8,.556,.000,.735,9.2,.147,1987
14,Alex English,33,DEN,0,2,780,0.003,82,37.6,28.6,4.2,5.1,0.9,0.3,.503,.267,.844,8.1,.126,1987
15T,Mark Aguirre,27,DAL,0,1,780,0.001,80,33.3,25.7,5.3,3.2,1.1,0.4,.495,.353,.770,8.9,.160,1987
15T,Rolando Blackman,27,DAL,0,1,780,0.001,80,34.5,21.0,3.5,3.3,0.8,0.3,.495,.333,.884,8.0,.140,1987
15T,Joe Barry Carroll,28,GSW,0,1,780,0.001,81,33.6,21.2,7.3,2.6,1.1,1.5,.472,,.787,4.6,.082,1987
Rank,Player,Age,Tm,First,Pts Won,Pts Max,Share,G,MP,PTS,TRB,AST,STL,BLK,FG%,3P%,FT%,WS,WS/48,1988
1,Michael Jordan,24,CHI,47,665,800,0.831,82,40.4,35.0,5.5,5.9,3.2,1.6,.535,.132,.841,21.2,.308,1988
2,Larry Bird,31,BOS,16,527,800,0.659,76,39.0,29.9,9.3,6.1,1.6,0.8,.527,.414,.916,15.0,.243,1988
3,Magic Johnson,28,LAL,16,508,800,0.635,72,36.6,19.6,6.2,11.9,1.6,0.2,.492,.196,.853,10.9,.199,1988
4,Charles Barkley,24,PHI,1,109,800,0.136,80,39.6,28.3,11.9,3.2,1.3,1.3,.587,.280,.751,16.7,.253,1988
5,Clyde Drexler,25,POR,0,86,800,0.108,81,37.8,27.0,6.6,5.8,2.5,0.6,.506,.212,.811,13.2,.207,1988
6,Dominique Wilkins,28,ATL,0,55,800,0.069,78,37.8,30.7,6.4,2.9,1.3,0.6,.464,.295,.826,9.8,.160,1988
7,Hakeem Olajuwon,25,HOU,0,40,800,0.050,79,35.8,22.8,12.1,2.1,2.1,2.7,.514,.000,.695,10.7,.182,1988
8,Karl Malone,24,UTA,0,36,800,0.045,82,39.0,27.7,12.0,2.4,1.4,0.6,.520,.000,.700,10.1,.152,1988
9,Fat Lever,27,DEN,0,26,800,0.033,82,37.3,18.9,8.1,7.8,2.7,0.3,.473,.211,.785,10.4,.163,1988
10,John Stockton,25,UTA,0,15,800,0.019,82,34.7,14.7,2.9,13.8,3.0,0.2,.574,.358,.840,14.1,.238,1988
11,Alex English,34,DEN,0,4,800,0.005,80,35.2,25.0,4.7,4.7,0.9,0.3,.495,.000,.828,7.6,.129,1988
12,Isiah Thomas,26,DET,0,3,800,0.004,81,36.1,19.5,3.4,8.4,1.7,0.2,.463,.309,.774,7.6,.124,1988
13,Mark Jackson,22,NYK,0,2,800,0.003,82,39.6,13.6,4.8,10.6,2.5,0.1,.432,.254,.774,7.6,.113,1988
14T,Michael Adams,25,DEN,0,1,800,0.001,82,33.9,13.9,2.7,6.1,2.0,0.2,.449,.367,.834,7.5,.130,1988
14T,Mark Aguirre,28,DAL,0,1,800,0.001,77,33.9,25.1,5.6,3.6,0.9,0.7,.475,.302,.770,8.8,.163,1988
14T,Adrian Dantley,32,DET,0,1,800,0.001,69,31.1,20.0,3.3,2.5,0.6,0.1,.514,.000,.860,9.4,.210,1988
14T,Buck Williams,27,NJN,0,1,800,0.001,70,37.7,18.3,11.9,1.6,1.0,0.6,.560,1.000,.668,7.6,.138,1988
Rank,Player,Age,Tm,First,Pts Won,Pts Max,Share,G,MP,PTS,TRB,AST,STL,BLK,FG%,3P%,FT%,WS,WS/48,1989
1,Magic Johnson,29,LAL,42.5,664.5,850,0.782,77,37.5,22.5,7.9,12.8,1.8,0.3,.509,.314,.911,16.1,.267,1989
2,Michael Jordan,25,CHI,27.5,598.8,850,0.704,81,40.2,32.5,8.0,8.0,2.9,0.8,.538,.276,.850,19.8,.292,1989
3,Karl Malone,25,UTA,5,362,850,0.426,80,39.1,29.1,10.7,2.7,1.8,0.9,.519,.313,.766,15.2,.233,1989
4,Patrick Ewing,26,NYK,8,200,850,0.235,80,36.2,22.7,9.3,2.4,1.5,3.5,.567,.000,.746,10.9,.181,1989
5,Hakeem Olajuwon,26,HOU,2,179.3,850,0.211,82,36.9,24.8,13.5,1.8,2.6,3.4,.508,.000,.696,12.4,.197,1989
6,Charles Barkley,25,PHI,0,94.3,850,0.111,79,39.1,25.8,12.5,4.1,1.6,0.8,.579,.216,.753,16.1,.250,1989
7,John Stockton,26,UTA,0,28,850,0.033,82,38.7,17.1,3.0,13.6,3.2,0.2,.538,.242,.863,15.6,.236,1989
8,Kevin Johnson,22,PHO,0,22,850,0.026,81,39.2,20.4,4.2,12.2,1.7,0.3,.505,.091,.882,12.2,.184,1989
9,Tom Chambers,29,PHO,0,20,850,0.024,81,37.1,25.7,8.4,2.9,1.1,0.7,.471,.326,.851,9.2,.146,1989
10,Mark Price,24,CLE,0,18,850,0.021,75,36.4,18.9,3.0,8.4,1.5,0.1,.526,.441,.901,11.3,.199,1989
11T,Brad Daugherty,23,CLE,0,4,850,0.005,78,36.2,18.9,9.2,3.7,0.8,0.5,.538,.333,.737,9.6,.164,1989
11T,Robert Parish,35,BOS,0,4,850,0.005,80,35.5,18.6,12.5,2.2,1.0,1.5,.570,,.719,10.5,.177,1989
13T,Mark Eaton,32,UTA,0,3,850,0.004,82,35.5,6.2,10.3,1.0,0.5,3.8,.462,,.660,6.6,.108,1989
13T,Moses Malone,33,ATL,0,3,850,0.004,81,35.5,20.2,11.8,1.4,1.0,1.2,.491,.000,.789,10.7,.178,1989
13T,Chris Mullin,25,GSW,0,3,850,0.004,82,37.7,26.5,5.9,5.1,2.1,0.5,.509,.230,.892,10.6,.165,1989
13T,Larry Nance,29,CLE,0,3,850,0.004,73,34.6,17.2,8.0,2.2,0.8,2.8,.539,.000,.799,10.3,.197,1989
17T,Terry Cummings,27,MIL,0,1,850,0.001,80,35.3,22.9,8.1,2.5,1.3,0.9,.467,.467,.787,7.7,.131,1989
17T,Joe Dumars,25,DET,0,1,850,0.001,69,34.9,17.2,2.5,5.7,0.9,0.1,.505,.483,.850,7.0,.140,1989
17T,Isiah Thomas,27,DET,0,1,850,0.001,80,36.6,18.2,3.4,8.3,1.7,0.3,.464,.273,.818,7.0,.115,1989
Rank,Player,Age,Tm,First,Pts Won,Pts Max,Share,G,MP,PTS,TRB,AST,STL,BLK,FG%,3P%,FT%,WS,WS/48,1990
1,Magic Johnson,30,LAL,27,636,920,0.691,79,37.2,22.3,6.6,11.5,1.7,0.4,.480,.384,.890,16.5,.270,1990
2,Charles Barkley,26,PHI,38,614,920,0.667,79,39.1,25.2,11.5,3.9,1.9,0.6,.600,.217,.749,17.3,.269,1990
3,Michael Jordan,26,CHI,21,564,920,0.613,82,39.0,33.6,6.9,6.3,2.8,0.7,.526,.376,.848,19.0,.285,1990
4,Karl Malone,26,UTA,2,214,920,0.233,82,38.1,31.0,11.1,2.8,1.5,0.6,.562,.372,.762,15.9,.245,1990
5,Patrick Ewing,27,NYK,1,162,920,0.176,82,38.6,28.6,10.9,2.2,1.0,4.0,.551,.250,.775,13.5,.205,1990
6,David Robinson,24,SAS,2,102,920,0.111,82,36.6,24.3,12.0,2.0,1.7,3.9,.531,.000,.732,15.1,.241,1990
7,Hakeem Olajuwon,27,HOU,1,64,920,0.070,82,38.1,24.3,14.0,2.9,2.1,4.6,.501,.167,.713,11.2,.173,1990
8,Tom Chambers,30,PHO,0,12,920,0.013,81,37.6,27.2,7.0,2.3,1.1,0.6,.501,.279,.861,11.2,.176,1990
9,John Stockton,27,UTA,0,9,920,0.010,78,37.4,17.2,2.6,14.5,2.7,0.2,.514,.416,.819,14.4,.238,1990
10T,Larry Bird,33,BOS,0,5,920,0.005,75,39.3,24.3,9.5,7.5,1.4,0.8,.473,.333,.930,9.5,.154,1990
10T,Buck Williams,29,POR,0,5,920,0.005,82,34.2,13.6,9.8,1.4,0.8,0.5,.548,.000,.706,8.7,.149,1990
12,Clyde Drexler,27,POR,0,3,920,0.003,73,36.8,23.3,6.9,5.9,2.0,0.7,.494,.283,.774,11.6,.208,1990
13T,Joe Dumars,26,DET,0,1,920,0.001,75,34.4,17.8,2.8,4.9,0.8,0.0,.480,.400,.900,8.7,.162,1990
13T,Isiah Thomas,28,DET,0,1,920,0.001,81,37.0,18.4,3.8,9.4,1.7,0.2,.438,.309,.775,6.7,.107,1990
Rank,Player,Age,Tm,First,Pts Won,Pts Max,Share,G,MP,PTS,TRB,AST,STL,BLK,FG%,3P%,FT%,WS,WS/48,1991
1,Michael Jordan,27,CHI,77,891,960,0.928,82,37.0,31.5,6.0,5.5,2.7,1.0,.539,.312,.851,20.3,.321,1991
2,Magic Johnson,31,LAL,10,497,960,0.518,79,37.1,19.4,7.0,12.5,1.3,0.2,.477,.320,.906,15.4,.251,1991
3,David Robinson,25,SAS,6,476,960,0.496,82,37.7,25.6,13.0,2.5,1.5,3.9,.552,.143,.762,17.0,.264,1991
4,Charles Barkley,27,PHI,2,222,960,0.231,67,37.3,27.6,10.1,4.2,1.6,0.5,.570,.284,.722,13.4,.258,1991
5,Karl Malone,27,UTA,0,142,960,0.148,82,40.3,29.0,11.8,3.3,1.1,1.0,.527,.286,.770,15.5,.225,1991
6,Clyde Drexler,28,POR,1,75,960,0.078,82,34.8,21.5,6.7,6.0,1.8,0.7,.482,.319,.794,12.4,.209,1991
7,Kevin Johnson,24,PHO,0,32,960,0.033,77,36.0,22.2,3.5,10.1,2.1,0.1,.516,.205,.843,12.7,.220,1991
8,Dominique Wilkins,31,ATL,0,29,960,0.030,81,38.0,25.9,9.0,3.3,1.5,0.8,.470,.341,.829,11.4,.177,1991
9T,Larry Bird,34,BOS,0,25,960,0.026,60,38.0,19.4,8.5,7.2,1.8,1.0,.454,.389,.891,6.6,.140,1991
9T,Terry Porter,27,POR,0,25,960,0.026,81,32.9,17.0,3.5,8.0,2.0,0.1,.515,.415,.823,13.0,.235,1991
11,Patrick Ewing,28,NYK,0,20,960,0.021,81,38.3,26.6,11.2,3.0,1.0,3.2,.514,.000,.745,10.0,.155,1991
12,John Stockton,28,UTA,0,15,960,0.016,82,37.8,17.2,2.9,14.2,2.9,0.2,.507,.345,.836,14.0,.217,1991
13,Isiah Thomas,29,DET,0,11,960,0.011,48,34.5,16.2,3.3,9.3,1.6,0.2,.435,.292,.782,3.4,.098,1991
14,Robert Parish,37,BOS,0,10,960,0.010,81,30.1,14.9,10.6,0.8,0.8,1.3,.598,.000,.767,10.0,.198,1991
15,Joe Dumars,27,DET,0,8,960,0.008,80,38.1,20.4,2.3,5.5,1.1,0.1,.481,.311,.890,9.9,.155,1991
16,Bernard King,34,WSB,0,7,960,0.007,64,37.5,28.4,5.0,4.6,0.9,0.3,.472,.216,.790,3.5,.070,1991
17,Kenny Smith,25,HOU,0,5,960,0.005,78,34.6,17.7,2.1,7.1,1.4,0.1,.520,.363,.844,9.0,.161,1991
18,Hakeem Olajuwon,28,HOU,0,4,960,0.004,56,36.8,21.2,13.8,2.3,2.2,3.9,.508,.000,.769,8.6,.201,1991
19T,Tim Hardaway,24,GSW,0,1,960,0.001,82,39.2,22.9,4.0,9.7,2.6,0.1,.476,.385,.803,9.9,.148,1991
19T,Kevin McHale,33,BOS,0,1,960,0.001,68,30.4,18.4,7.1,1.9,0.4,2.1,.553,.405,.829,7.9,.182,1991
Rank,Player,Age,Tm,First,Pts Won,Pts Max,Share,G,MP,PTS,TRB,AST,STL,BLK,FG%,3P%,FT%,WS,WS/48,1992
1,Michael Jordan,28,CHI,80,900,960,0.938,80,38.8,30.1,6.4,6.1,2.3,0.9,.519,.270,.832,17.7,.274,1992
2,Clyde Drexler,29,POR,12,561,960,0.584,76,36.2,25.0,6.6,6.7,1.8,0.9,.470,.337,.794,12.8,.223,1992
3,David Robinson,26,SAS,2,337,960,0.351,68,37.7,23.2,12.2,2.7,2.3,4.5,.551,.125,.701,13.9,.260,1992
4,Karl Malone,28,UTA,1,262,960,0.273,81,37.7,28.0,11.2,3.0,1.3,0.6,.526,.176,.778,15.1,.237,1992
5,Patrick Ewing,29,NYK,0,100,960,0.104,82,38.4,24.0,11.2,1.9,1.1,3.0,.522,.167,.738,13.0,.198,1992
6,Chris Mullin,28,GSW,0,81,960,0.084,81,41.3,25.6,5.6,3.5,2.1,0.8,.524,.366,.833,10.8,.155,1992
7,Mark Price,27,CLE,0,66,960,0.069,72,29.7,17.3,2.4,7.4,1.3,0.2,.488,.387,.947,9.1,.205,1992
8,Tim Hardaway,25,GSW,0,64,960,0.067,81,41.1,23.4,3.8,10.0,2.0,0.2,.461,.338,.766,9.2,.132,1992
9,Scottie Pippen,26,CHI,1,32,960,0.033,82,38.6,21.0,7.7,7.0,1.9,1.1,.506,.200,.760,12.7,.192,1992
10,Dennis Rodman,30,DET,0,26,960,0.027,82,40.3,9.8,18.7,2.3,0.8,0.9,.539,.317,.600,12.6,.183,1992
11,Brad Daugherty,26,CLE,0,24,960,0.025,73,36.2,21.5,10.4,3.6,0.9,1.1,.570,.000,.777,11.7,.213,1992
12T,Charles Barkley,28,PHI,0,18,960,0.019,75,38.4,23.1,11.1,4.1,1.8,0.6,.552,.234,.695,12.3,.205,1992
12T,John Stockton,29,UTA,0,18,960,0.019,82,36.6,15.8,3.3,13.7,3.0,0.3,.482,.407,.842,13.4,.215,1992
14,Larry Bird,35,BOS,0,3,960,0.003,45,36.9,20.2,9.6,6.8,0.9,0.7,.466,.406,.926,5.5,.159,1992
15,Kevin Johnson,25,PHO,0,2,960,0.002,78,37.2,19.7,3.7,10.7,1.5,0.3,.479,.217,.807,10.0,.165,1992
16T,Danny Manning,25,LAC,0,1,960,0.001,82,35.4,19.3,6.9,3.5,1.6,1.5,.542,.000,.725,9.8,.162,1992
16T,Detlef Schrempf,29,IND,0,1,960,0.001,80,32.6,17.3,9.6,3.9,0.8,0.5,.536,.324,.828,9.8,.181,1992
Rank,Player,Age,Tm,First,Pts Won,Pts Max,Share,G,MP,PTS,TRB,AST,STL,BLK,FG%,3P%,FT%,WS,WS/48,1993
1,Charles Barkley,29,PHO,59,835,980,0.852,76,37.6,25.6,12.2,5.1,1.6,1.0,.520,.305,.765,14.4,.242,1993
2,Hakeem Olajuwon,30,HOU,22,647,980,0.660,82,39.5,26.1,13.0,3.5,1.8,4.2,.529,.000,.779,15.8,.234,1993
3,Michael Jordan,29,CHI,13,565,980,0.577,78,39.3,32.6,6.7,5.5,2.8,0.8,.495,.352,.837,17.2,.270,1993
4,Patrick Ewing,30,NYK,4,359,980,0.366,81,37.1,24.2,12.1,1.9,0.9,2.0,.503,.143,.719,10.6,.170,1993
5,Dominique Wilkins,33,ATL,0,54,980,0.055,71,37.3,29.9,6.8,3.2,1.0,0.4,.468,.380,.828,10.5,.191,1993
6,David Robinson,27,SAS,0,33,980,0.034,82,39.2,23.4,11.7,3.7,1.5,3.2,.501,.176,.732,13.2,.197,1993
7,Shaquille O'Neal,20,ORL,0,30,980,0.031,81,37.9,23.4,13.9,1.9,0.7,3.5,.562,.000,.592,10.4,.163,1993
8T,Karl Malone,29,UTA,0,10,980,0.010,82,37.8,27.0,11.2,3.8,1.5,1.0,.552,.200,.740,15.4,.238,1993
8T,Mark Price,28,CLE,0,10,980,0.010,75,31.7,18.2,2.7,8.0,1.2,0.1,.484,.416,.948,9.8,.197,1993
10T,Brad Daugherty,27,CLE,0,1,980,0.001,71,37.9,20.2,10.2,4.4,0.7,0.8,.571,.500,.795,12.7,.226,1993
10T,Clyde Drexler,30,POR,0,1,980,0.001,49,34.1,19.9,6.3,5.7,1.9,0.8,.429,.233,.839,6.0,.171,1993
10T,Joe Dumars,29,DET,0,1,980,0.001,77,40.2,23.5,1.9,4.0,1.0,0.1,.466,.375,.864,9.1,.141,1993
10T,Shawn Kemp,23,SEA,0,1,980,0.001,78,33.1,17.8,10.7,2.0,1.5,1.9,.492,.000,.712,9.1,.169,1993
10T,John Stockton,30,UTA,0,1,980,0.001,82,34.9,15.1,2.9,12.0,2.4,0.3,.486,.385,.798,10.6,.177,1993
Rank,Player,Age,Tm,First,Pts Won,Pts Max,Share,G,MP,PTS,TRB,AST,STL,BLK,FG%,3P%,FT%,WS,WS/48,1994
1,Hakeem Olajuwon,31,HOU,66,889,1010,0.880,80,41.0,27.3,11.9,3.6,1.6,3.7,.528,.421,.716,14.3,.210,1994
2,David Robinson,28,SAS,24,730,1010,0.723,80,40.5,29.8,10.7,4.8,1.7,3.3,.507,.345,.749,20.0,.296,1994
3,Scottie Pippen,28,CHI,7,390,1010,0.386,72,38.3,22.0,8.7,5.6,2.9,0.8,.491,.320,.660,11.2,.194,1994
4,Shaquille O'Neal,21,ORL,3,289,1010,0.286,81,39.8,29.3,13.2,2.4,0.9,2.9,.599,.000,.554,16.9,.252,1994
5,Patrick Ewing,31,NYK,1,255,1010,0.252,79,37.6,24.5,11.2,2.3,1.1,2.7,.496,.286,.765,13.1,.211,1994
6,Gary Payton,25,SEA,0,20,1010,0.020,82,35.1,16.5,3.3,6.0,2.3,0.2,.504,.278,.595,9.3,.155,1994
7T,Shawn Kemp,24,SEA,0,17,1010,0.017,79,32.9,18.1,10.8,2.6,1.8,2.1,.538,.250,.741,11.7,.216,1994
7T,Karl Malone,30,UTA,0,17,1010,0.017,82,40.6,25.2,11.5,4.0,1.5,1.5,.497,.250,.694,13.4,.193,1994
9,Mark Price,29,CLE,0,7,1010,0.007,76,31.4,17.3,3.0,7.8,1.4,0.1,.478,.397,.888,10.0,.201,1994
10,Charles Barkley,30,PHO,0,5,1010,0.005,65,35.4,21.6,11.2,4.6,1.6,0.6,.495,.270,.704,8.8,.185,1994
11T,Mookie Blaylock,26,ATL,0,1,1010,0.001,81,36.0,13.8,5.2,9.7,2.6,0.5,.411,.334,.730,10.2,.168,1994
11T,Kevin Johnson,27,PHO,0,1,1010,0.001,67,36.6,20.0,2.5,9.5,1.9,0.1,.487,.222,.819,8.7,.170,1994
11T,Dennis Rodman,32,SAS,0,1,1010,0.001,79,37.8,4.7,17.3,2.3,0.7,0.4,.534,.208,.520,8.7,.140,1994
11T,Latrell Sprewell,23,GSW,0,1,1010,0.001,82,43.1,21.0,4.9,4.7,2.2,0.9,.433,.361,.774,8.0,.108,1994
11T,John Stockton,31,UTA,0,1,1010,0.001,82,36.2,15.1,3.1,12.6,2.4,0.3,.528,.322,.805,13.2,.214,1994
11T,Dominique Wilkins,34,TOT,0,1,1010,0.001,74,35.6,26.0,6.5,2.3,1.2,0.4,.440,.288,.847,8.4,.153,1994
11T,Kevin Willis,31,ATL,0,1,1010,0.001,80,35.8,19.1,12.0,1.9,1.0,0.5,.499,.375,.713,10.2,.170,1994
Rank,Player,Age,Tm,First,Pts Won,Pts Max,Share,G,MP,PTS,TRB,AST,STL,BLK,FG%,3P%,FT%,WS,WS/48,1995
1,David Robinson,29,SAS,73,901,1050,0.858,81,38.0,27.6,10.8,2.9,1.7,3.2,.530,.300,.774,17.5,.273,1995
2,Shaquille O'Neal,22,ORL,12,605,1050,0.576,79,37.0,29.3,11.4,2.7,0.9,2.4,.583,.000,.533,14.0,.230,1995
3,Karl Malone,31,UTA,14,532,1050,0.507,82,38.1,26.7,10.6,3.5,1.6,1.0,.536,.268,.742,13.8,.212,1995
4,Patrick Ewing,32,NYK,2,230,1050,0.219,79,37.0,23.9,11.0,2.7,0.9,2.0,.503,.286,.750,9.6,.157,1995
5,Hakeem Olajuwon,32,HOU,1,147,1050,0.140,72,39.6,27.8,10.8,3.5,1.8,3.4,.517,.188,.756,10.7,.181,1995
6,Charles Barkley,31,PHO,1,96,1050,0.091,68,35.0,23.0,11.1,4.1,1.6,0.7,.486,.338,.748,10.6,.214,1995
7,Scottie Pippen,29,CHI,1,83,1050,0.079,79,38.2,21.4,8.1,5.2,2.9,1.1,.480,.345,.716,11.8,.188,1995
8,John Stockton,32,UTA,1,47,1050,0.045,82,35.0,14.7,3.1,12.3,2.4,0.3,.542,.449,.804,13.9,.233,1995
9,Gary Payton,26,SEA,0,34,1050,0.032,82,36.8,20.6,3.4,7.1,2.5,0.2,.509,.302,.716,11.7,.187,1995
10,Anfernee Hardaway,23,ORL,0,23,1050,0.022,77,37.7,20.9,4.4,7.2,1.7,0.3,.512,.349,.769,10.7,.177,1995
11,Michael Jordan,31,CHI,0,12,1050,0.011,17,39.3,26.9,6.9,5.3,1.8,0.8,.411,.500,.801,2.3,.167,1995
12,Dennis Rodman,33,SAS,0,9,1050,0.009,49,32.0,7.1,16.8,2.0,0.6,0.5,.571,.000,.676,5.8,.178,1995
13,Jason Kidd,21,DAL,0,7,1050,0.007,79,33.8,11.7,5.4,7.7,1.9,0.3,.385,.272,.698,3.7,.066,1995
14,Clyde Drexler,32,TOT,0,3,1050,0.003,76,35.9,21.8,6.3,4.8,1.8,0.6,.461,.360,.824,11.7,.206,1995
15,Cedric Ceballos,25,LAL,0,1,1050,0.001,58,35.0,21.7,8.0,1.8,1.0,0.3,.509,.397,.716,5.2,.123,1995
Rank,Player,Age,Tm,First,Pts Won,Pts Max,Share,G,MP,PTS,TRB,AST,STL,BLK,FG%,3P%,FT%,WS,WS/48,1996
1,Michael Jordan,32,CHI,109,1114,1130,0.986,82,37.7,30.4,6.6,4.3,2.2,0.5,.495,.427,.834,20.4,.317,1996
2,David Robinson,30,SAS,0,574,1130,0.508,82,36.8,25.0,12.2,3.0,1.4,3.3,.516,.333,.761,18.3,.290,1996
3,Anfernee Hardaway,24,ORL,2,360,1130,0.319,82,36.8,21.7,4.3,7.1,2.0,0.5,.513,.314,.767,14.4,.229,1996
4,Hakeem Olajuwon,33,HOU,1,238,1130,0.211,72,38.8,26.9,10.9,3.6,1.6,2.9,.514,.214,.724,9.7,.166,1996
5,Scottie Pippen,30,CHI,0,226,1130,0.200,77,36.7,19.4,6.4,5.9,1.7,0.7,.463,.374,.679,12.3,.209,1996
6,Gary Payton,27,SEA,0,98,1130,0.087,81,39.0,19.3,4.2,7.5,2.9,0.2,.484,.328,.748,11.5,.174,1996
7,Karl Malone,32,UTA,1,85,1130,0.075,82,38.0,25.7,9.8,4.2,1.7,0.7,.519,.400,.723,15.1,.233,1996
8,Shawn Kemp,26,SEA,0,73,1130,0.065,79,33.3,19.6,11.4,2.2,1.2,1.6,.561,.417,.742,11.2,.205,1996
9T,Grant Hill,23,DET,0,63,1130,0.056,80,40.8,20.2,9.8,6.9,1.3,0.6,.462,.192,.751,11.7,.172,1996
9T,Shaquille O'Neal,23,ORL,0,63,1130,0.056,54,36.0,26.6,11.0,2.9,0.6,2.1,.573,.500,.487,6.9,.171,1996
11,John Stockton,33,UTA,0,12,1130,0.011,82,35.5,14.7,2.8,11.2,1.7,0.2,.538,.422,.830,13.0,.214,1996
12T,Charles Barkley,32,PHO,0,8,1130,0.007,71,37.1,23.2,11.6,3.7,1.6,0.8,.500,.280,.777,10.5,.191,1996
12T,Magic Johnson,36,LAL,0,8,1130,0.007,32,29.9,14.6,5.7,6.9,0.8,0.4,.466,.379,.856,3.6,.181,1996
14,Alonzo Mourning,25,MIA,0,6,1130,0.005,70,38.2,23.2,10.4,2.3,1.0,2.7,.523,.300,.685,9.9,.178,1996
15,Dennis Rodman,34,CHI,0,4,1130,0.004,64,32.6,5.5,14.9,2.5,0.6,0.4,.480,.111,.528,6.2,.143,1996
16T,Terrell Brandon,25,CLE,0,3,1130,0.003,75,34.3,19.3,3.3,6.5,1.8,0.4,.465,.387,.887,12.7,.237,1996
16T,Mitch Richmond,30,SAC,0,3,1130,0.003,81,36.4,23.1,3.3,3.1,1.5,0.2,.447,.437,.866,9.3,.151,1996
Rank,Player,Age,Tm,First,Pts Won,Pts Max,Share,G,MP,PTS,TRB,AST,STL,BLK,FG%,3P%,FT%,WS,WS/48,1997
1,Karl Malone,33,UTA,63,986,1150,0.857,82,36.6,27.4,9.9,4.5,1.4,0.6,.550,.000,.755,16.7,.268,1997
2,Michael Jordan,33,CHI,52,957,1150,0.832,82,37.9,29.6,5.9,4.3,1.7,0.5,.486,.374,.833,18.3,.283,1997
3,Grant Hill,24,DET,0,376,1150,0.327,80,39.3,21.4,9.0,7.3,1.8,0.6,.496,.303,.711,14.6,.223,1997
4,Tim Hardaway,30,MIA,0,238,1150,0.207,81,38.7,20.3,3.4,8.6,1.9,0.1,.415,.344,.799,12.9,.198,1997
5,Glen Rice,29,CHH,0,134,1150,0.117,79,42.6,26.8,4.0,2.0,0.9,0.3,.477,.470,.867,10.8,.154,1997
6,Gary Payton,28,SEA,0,105,1150,0.091,82,39.2,21.8,4.6,7.1,2.4,0.2,.476,.313,.715,12.9,.193,1997
7,Hakeem Olajuwon,34,HOU,0,95,1150,0.083,78,36.6,23.2,9.2,3.0,1.5,2.2,.510,.313,.787,9.1,.154,1997
8,Patrick Ewing,34,NYK,0,57,1150,0.050,78,37.0,22.4,10.7,2.0,0.9,2.4,.488,.222,.754,9.8,.163,1997
9T,Anthony Mason,30,CHH,0,7,1150,0.006,73,43.1,16.2,11.4,5.7,1.0,0.5,.525,.333,.745,11.4,.173,1997
9T,Shaquille O'Neal,24,LAL,0,7,1150,0.006,51,38.1,26.2,12.5,3.1,0.9,2.9,.557,.000,.484,8.0,.197,1997
11,Scottie Pippen,31,CHI,0,6,1150,0.005,82,37.7,20.2,6.5,5.7,1.9,0.5,.474,.368,.701,13.1,.203,1997
12,Alonzo Mourning,26,MIA,0,5,1150,0.004,66,35.2,19.8,9.9,1.6,0.8,2.9,.534,.111,.642,8.4,.174,1997
13T,Dikembe Mutombo,30,ATL,0,4,1150,0.003,80,37.2,13.3,11.6,1.4,0.6,3.3,.527,,.705,11.3,.183,1997
13T,Mitch Richmond,31,SAC,0,4,1150,0.003,81,38.6,25.9,3.9,4.2,1.5,0.3,.454,.428,.861,10.8,.166,1997
15,John Stockton,34,UTA,0,3,1150,0.003,82,35.3,14.4,2.8,10.5,2.0,0.2,.548,.422,.846,13.6,.226,1997
16,Charles Barkley,33,HOU,0,2,1150,0.002,53,37.9,19.2,13.5,4.7,1.3,0.5,.484,.283,.694,9.4,.224,1997
17T,Tom Gugliotta,27,MIN,0,1,1150,0.001,81,38.7,20.6,8.7,4.1,1.6,1.1,.442,.258,.820,6.7,.103,1997
17T,Allen Iverson,21,PHI,0,1,1150,0.001,76,40.1,23.5,4.1,7.5,2.1,0.3,.416,.341,.702,4.1,.065,1997
17T,Kevin Johnson,30,PHO,0,1,1150,0.001,70,38.0,20.1,3.6,9.3,1.5,0.2,.496,.441,.852,11.7,.211,1997
17T,Steve Smith,27,ATL,0,1,1150,0.001,72,39.1,20.1,3.3,4.2,0.9,0.3,.429,.335,.847,9.1,.154,1997
Rank,Player,Age,Tm,First,Pts Won,Pts Max,Share,G,MP,PTS,TRB,AST,STL,BLK,FG%,3P%,FT%,WS,WS/48,1998
1,Michael Jordan,34,CHI,92,1084,1160,0.934,82,38.8,28.7,5.8,3.5,1.7,0.5,.465,.238,.784,15.8,.238,1998
2,Karl Malone,34,UTA,20,842,1160,0.726,81,37.4,27.0,10.3,3.9,1.2,0.9,.530,.333,.761,16.4,.259,1998
3,Gary Payton,29,SEA,3,431,1160,0.372,82,38.4,19.2,4.6,8.3,2.3,0.2,.453,.338,.744,12.5,.190,1998
4,Shaquille O'Neal,25,LAL,1,311,1160,0.268,60,36.3,28.3,11.4,2.4,0.7,2.4,.584,,.527,10.2,.224,1998
5,Tim Duncan,21,SAS,0,148,1160,0.128,82,39.1,21.1,11.9,2.7,0.7,2.5,.549,.000,.662,12.8,.192,1998
6,Tim Hardaway,31,MIA,0,71,1160,0.061,81,37.4,18.9,3.7,8.3,1.7,0.2,.431,.351,.781,11.7,.185,1998
7,David Robinson,32,SAS,0,36,1160,0.031,73,33.7,21.6,10.6,2.7,0.9,2.6,.511,.250,.735,13.8,.269,1998
8,Vin Baker,26,SEA,0,24,1160,0.021,82,35.9,19.2,8.0,1.9,1.1,1.0,.542,.143,.591,10.4,.169,1998
9,Grant Hill,25,DET,0,23,1160,0.020,81,40.7,21.1,7.7,6.8,1.8,0.7,.452,.143,.740,10.2,.149,1998
10,Scottie Pippen,32,CHI,0,14,1160,0.012,44,37.5,19.1,5.2,5.8,1.8,1.0,.447,.318,.777,6.6,.193,1998
11,Glen Rice,30,CHH,0,7,1160,0.006,82,40.2,22.3,4.3,2.2,0.9,0.3,.457,.433,.849,9.3,.136,1998
12,Antoine Walker,21,BOS,0,6,1160,0.005,82,39.9,22.4,10.2,3.3,1.7,0.7,.423,.312,.645,4.8,.070,1998
13T,Jason Kidd,24,PHO,0,5,1160,0.004,82,38.0,11.6,6.2,9.1,2.0,0.3,.416,.313,.799,8.0,.123,1998
13T,John Stockton,35,UTA,0,5,1160,0.004,64,29.0,12.0,2.6,8.5,1.4,0.2,.528,.429,.827,8.0,.206,1998
15,Mitch Richmond,32,SAC,0,3,1160,0.003,70,36.7,23.2,3.3,4.0,1.3,0.2,.445,.389,.864,7.9,.148,1998
16T,Reggie Miller,32,IND,0,2,1160,0.002,81,34.5,19.5,2.9,2.1,1.0,0.1,.477,.429,.868,12.0,.206,1998
16T,Rik Smits,31,IND,0,2,1160,0.002,73,28.6,16.7,6.9,1.4,0.5,1.2,.495,.000,.783,6.1,.141,1998
18T,Michael Finley,24,DAL,0,1,1160,0.001,82,41.4,21.5,5.3,4.9,1.6,0.4,.449,.357,.784,7.5,.106,1998
18T,Rod Strickland,31,WAS,0,1,1160,0.001,76,39.7,17.8,5.3,10.5,1.7,0.3,.434,.250,.726,8.1,.129,1998
Rank,Player,Age,Tm,First,Pts Won,Pts Max,Share,G,MP,PTS,TRB,AST,STL,BLK,FG%,3P%,FT%,WS,WS/48,1999
1,Karl Malone,35,UTA,44,827,1180,0.701,49,37.4,23.8,9.4,4.1,1.3,0.6,.493,.000,.788,9.6,.252,1999
2,Alonzo Mourning,28,MIA,36,773,1180,0.655,46,38.1,20.1,11.0,1.6,0.7,3.9,.511,.000,.652,7.9,.216,1999
3,Tim Duncan,22,SAS,30,740,1180,0.627,50,39.3,21.7,11.4,2.4,0.9,2.5,.495,.143,.690,8.7,.213,1999
4,Allen Iverson,23,PHI,5,319,1180,0.270,48,41.5,26.8,4.9,4.6,2.3,0.1,.412,.291,.751,7.2,.173,1999
5,Jason Kidd,25,PHO,2,159,1180,0.135,50,41.2,16.9,6.8,10.8,2.3,0.4,.444,.366,.757,8.1,.188,1999
6,Shaquille O'Neal,26,LAL,1,89,1180,0.075,49,34.8,26.3,10.7,2.3,0.7,1.7,.576,.000,.540,9.0,.255,1999
7,Chris Webber,25,SAC,0,51,1180,0.043,42,40.9,20.0,13.0,4.1,1.4,2.1,.486,.118,.454,3.6,.102,1999
8,Grant Hill,26,DET,0,39,1180,0.033,50,37.0,21.1,7.1,6.0,1.6,0.5,.479,.000,.752,7.3,.189,1999
9,Gary Payton,30,SEA,0,35,1180,0.030,50,40.2,21.7,4.9,8.7,2.2,0.2,.434,.295,.721,7.2,.172,1999
10,Kevin Garnett,22,MIN,0,9,1180,0.008,47,37.9,20.8,10.4,4.3,1.7,1.8,.460,.286,.704,5.4,.146,1999
11,Shawn Kemp,29,CLE,0,7,1180,0.006,42,35.1,20.5,9.2,2.4,1.1,1.1,.482,.500,.789,6.3,.205,1999
12,David Robinson,33,SAS,0,6,1180,0.005,49,31.7,15.8,10.0,2.1,1.4,2.4,.509,.000,.658,8.4,.261,1999
13T,Hakeem Olajuwon,36,HOU,0,3,1180,0.003,50,35.7,18.9,9.6,1.8,1.6,2.5,.514,.308,.717,6.5,.175,1999
13T,Arvydas Sabonis,34,POR,0,3,1180,0.003,50,27.0,12.1,7.9,2.4,0.7,1.3,.485,.292,.771,5.8,.207,1999
15,Darrell Armstrong,30,ORL,0,2,1180,0.002,50,30.0,13.8,3.6,6.7,2.2,0.1,.441,.365,.904,6.4,.205,1999
16T,Vince Carter,22,TOR,0,1,1180,0.001,50,35.2,18.3,5.7,3.0,1.1,1.5,.450,.288,.761,5.0,.136,1999
16T,Anfernee Hardaway,27,ORL,0,1,1180,0.001,50,38.9,15.8,5.7,5.3,2.2,0.5,.420,.286,.706,5.0,.122,1999
16T,Mark Jackson,33,IND,0,1,1180,0.001,49,28.2,7.6,3.8,7.9,0.9,0.1,.419,.311,.823,3.8,.134,1999
16T,Glenn Robinson,26,MIL,0,1,1180,0.001,47,33.6,18.4,5.9,2.1,1.0,0.9,.459,.392,.870,4.0,.122,1999
16T,Steve Smith,29,ATL,0,1,1180,0.001,36,36.5,18.7,4.2,3.3,1.0,0.3,.402,.338,.849,4.4,.162,1999
16T,Rasheed Wallace,24,POR,0,1,1180,0.001,49,28.9,12.8,4.9,1.2,1.0,1.1,.508,.419,.732,5.0,.169,1999
Rank,Player,Age,Tm,First,Pts Won,Pts Max,Share,G,MP,PTS,TRB,AST,STL,BLK,FG%,3P%,FT%,WS,WS/48,2000
1,Shaquille O'Neal,27,LAL,120,1207,1210,0.998,79,40.0,29.7,13.6,3.8,0.5,3.0,.574,.000,.524,18.6,.283,2000
2,Kevin Garnett,23,MIN,0,408,1210,0.337,81,40.0,22.9,11.8,5.0,1.5,1.6,.497,.370,.765,11.6,.172,2000
3,Alonzo Mourning,29,MIA,0,367,1210,0.303,79,34.8,21.7,9.5,1.6,0.5,3.7,.551,.000,.711,12.9,.226,2000
4,Karl Malone,36,UTA,0,312,1210,0.258,82,35.9,25.5,9.5,3.7,1.0,0.9,.509,.250,.797,15.3,.249,2000
5,Tim Duncan,23,SAS,0,248,1210,0.205,74,38.9,23.2,12.4,3.2,0.9,2.2,.490,.091,.761,13.0,.218,2000
6,Gary Payton,31,SEA,0,180,1210,0.149,82,41.8,24.2,6.5,8.9,1.9,0.2,.448,.340,.735,13.9,.195,2000
7,Allen Iverson,24,PHI,1,132,1210,0.109,70,40.8,28.4,3.8,4.7,2.1,0.1,.421,.341,.713,6.9,.116,2000
8,Grant Hill,27,DET,0,113,1210,0.093,74,37.5,25.8,6.6,5.2,1.4,0.6,.489,.347,.795,10.7,.185,2000
9,Chris Webber,26,SAC,0,96,1210,0.079,75,38.4,24.5,10.5,4.6,1.6,1.7,.483,.284,.751,10.7,.179,2000
10,Vince Carter,23,TOR,0,51,1210,0.042,82,38.1,25.7,5.8,3.9,1.3,1.1,.465,.403,.791,11.8,.182,2000
11,Jason Kidd,26,PHO,0,25,1210,0.021,67,39.0,14.3,7.2,10.1,2.0,0.4,.409,.337,.829,8.5,.156,2000
12,Kobe Bryant,21,LAL,0,3,1210,0.002,66,38.2,22.5,6.3,4.9,1.6,0.9,.468,.319,.821,10.6,.202,2000
13T,Darrell Armstrong,31,ORL,0,1,1210,0.001,82,31.6,16.2,3.3,6.1,2.1,0.1,.433,.340,.911,8.0,.149,2000
13T,Michael Finley,26,DAL,0,1,1210,0.001,82,42.2,22.6,6.3,5.3,1.3,0.4,.457,.401,.820,8.3,.114,2000
13T,Reggie Miller,34,IND,0,1,1210,0.001,81,36.9,18.1,3.0,2.3,1.0,0.3,.448,.408,.919,10.1,.162,2000
13T,Jalen Rose,27,IND,0,1,1210,0.001,80,37.2,18.2,4.8,4.0,1.1,0.6,.471,.393,.827,7.3,.118,2000
Rank,Player,Age,Tm,First,Pts Won,Pts Max,Share,G,MP,PTS,TRB,AST,STL,BLK,FG%,3P%,FT%,WS,WS/48,2001
1,Allen Iverson,25,PHI,93,1121,1240,0.904,71,42.0,31.1,3.8,4.6,2.5,0.3,.420,.320,.814,11.8,.190,2001
2,Tim Duncan,24,SAS,18,706,1240,0.569,82,38.7,22.2,12.2,3.0,0.9,2.3,.499,.259,.618,13.2,.200,2001
3,Shaquille O'Neal,28,LAL,7,578,1240,0.466,74,39.5,28.7,12.7,3.7,0.6,2.8,.572,.000,.513,14.9,.245,2001
4,Chris Webber,27,SAC,5,521,1240,0.420,70,40.5,27.1,11.1,4.2,1.3,1.7,.481,.071,.703,11.0,.186,2001
5,Kevin Garnett,24,MIN,1,151,1240,0.122,81,39.5,22.0,11.4,5.0,1.4,1.8,.477,.288,.764,11.8,.176,2001
6,Tracy McGrady,21,ORL,0,64,1240,0.052,77,40.1,26.8,7.5,4.6,1.5,1.5,.457,.355,.733,12.2,.189,2001
7,Karl Malone,37,UTA,0,21,1240,0.017,81,35.7,23.2,8.3,4.5,1.1,0.8,.498,.400,.793,13.1,.217,2001
8,Jason Kidd,27,PHO,0,18,1240,0.015,77,39.8,16.9,6.4,9.8,2.2,0.3,.411,.297,.814,9.6,.150,2001
9,Kobe Bryant,22,LAL,0,11,1240,0.009,68,40.9,28.5,5.9,5.0,1.7,0.6,.464,.305,.853,11.3,.196,2001
10,David Robinson,35,SAS,0,8,1240,0.006,80,29.6,14.4,8.6,1.5,1.0,2.5,.486,.000,.747,12.1,.246,2001
11T,Ray Allen,25,MIL,0,7,1240,0.006,82,38.2,22.0,5.2,4.6,1.5,0.2,.480,.433,.888,13.7,.211,2001
11T,Vince Carter,24,TOR,0,7,1240,0.006,75,39.7,27.6,5.5,3.9,1.5,1.1,.460,.408,.765,12.9,.208,2001
13,Paul Pierce,23,BOS,0,5,1240,0.004,82,38.0,25.3,6.4,3.1,1.7,0.8,.454,.383,.745,10.4,.160,2001
14,Jerry Stackhouse,26,DET,0,3,1240,0.002,80,40.2,29.8,3.9,5.1,1.2,0.7,.402,.351,.822,9.2,.137,2001
15T,Michael Finley,27,DAL,0,1,1240,0.001,82,42.0,21.5,5.2,4.4,1.4,0.4,.458,.346,.775,8.5,.119,2001
15T,Anthony Mason,34,MIA,0,1,1240,0.001,80,40.7,16.1,9.6,3.1,1.0,0.3,.482,,.781,11.6,.171,2001
15T,John Stockton,38,UTA,0,1,1240,0.001,82,29.2,11.5,2.8,8.7,1.6,0.3,.504,.462,.817,10.8,.216,2001
Rank,Player,Age,Tm,First,Pts Won,Pts Max,Share,G,MP,PTS,TRB,AST,STL,BLK,FG%,3P%,FT%,WS,WS/48,2002
1,Tim Duncan,25,SAS,57,954,1260,0.757,82,40.6,25.5,12.7,3.7,0.7,2.5,.508,.100,.799,17.8,.257,2002
2,Jason Kidd,28,NJN,45,897,1260,0.712,82,37.3,14.7,7.3,9.9,2.1,0.2,.391,.321,.814,8.9,.140,2002
3,Shaquille O'Neal,29,LAL,15,696,1260,0.552,67,36.1,27.2,10.7,3.0,0.6,2.0,.579,.000,.555,13.2,.262,2002
4,Tracy McGrady,22,ORL,7,390,1260,0.310,76,38.3,25.6,7.9,5.3,1.6,1.0,.451,.364,.748,11.5,.189,2002
5,Kobe Bryant,23,LAL,1,98,1260,0.078,80,38.3,25.2,5.5,5.5,1.5,0.4,.469,.250,.829,12.7,.199,2002
6,Gary Payton,33,SEA,1,54,1260,0.043,82,40.3,22.1,4.8,9.0,1.6,0.3,.467,.314,.797,12.6,.183,2002
7,Chris Webber,28,SAC,0,37,1260,0.029,54,38.4,24.5,10.1,4.8,1.7,1.4,.495,.263,.749,8.6,.200,2002
8,Dirk Nowitzki,23,DAL,0,31,1260,0.025,76,38.0,23.4,9.9,2.4,1.1,1.0,.477,.397,.853,13.4,.222,2002
9,Allen Iverson,26,PHI,0,29,1260,0.023,60,43.7,31.4,4.5,5.5,2.8,0.2,.398,.291,.812,6.9,.126,2002
10,Ben Wallace,27,DET,0,24,1260,0.019,80,36.5,7.6,13.0,1.4,1.7,3.5,.531,.000,.423,11.6,.190,2002
11,Paul Pierce,24,BOS,0,22,1260,0.017,82,40.3,26.1,6.9,3.2,1.9,1.0,.442,.404,.809,12.9,.187,2002
12,Kevin Garnett,25,MIN,0,17,1260,0.013,81,39.2,21.2,12.1,5.2,1.2,1.6,.470,.319,.801,12.8,.194,2002
13,Michael Jordan,38,WAS,0,16,1260,0.013,60,34.9,22.9,5.7,5.2,1.4,0.4,.416,.189,.790,3.3,.075,2002
14,Steve Nash,27,DAL,0,5,1260,0.004,82,34.6,17.9,3.1,7.7,0.6,0.0,.483,.455,.887,9.9,.167,2002
15,Jerry Stackhouse,27,DET,0,3,1260,0.002,76,35.3,21.4,4.1,5.3,1.0,0.5,.397,.287,.858,5.8,.104,2002
16T,Mike Bibby,23,SAC,0,1,1260,0.001,80,33.2,13.7,2.8,5.0,1.1,0.2,.453,.370,.803,6.3,.113,2002
16T,Elton Brand,22,LAC,0,1,1260,0.001,80,37.8,18.2,11.6,2.4,1.0,2.0,.527,,.742,13.6,.216,2002
16T,Peja Stojaković,24,SAC,0,1,1260,0.001,71,37.3,21.2,5.3,2.5,1.1,0.2,.484,.416,.876,9.9,.179,2002
Rank,Player,Age,Tm,First,Pts Won,Pts Max,Share,G,MP,PTS,TRB,AST,STL,BLK,FG%,3P%,FT%,WS,WS/48,2003
1,Tim Duncan,26,SAS,60,962,1190,0.808,81,39.3,23.3,12.9,3.9,0.7,2.9,.513,.273,.710,16.5,.248,2003
2,Kevin Garnett,26,MIN,43,871,1190,0.732,82,40.5,23.0,13.4,6.0,1.4,1.6,.502,.282,.751,15.6,.225,2003
3,Kobe Bryant,24,LAL,8,496,1190,0.417,82,41.5,30.0,6.9,5.9,2.2,0.8,.451,.383,.843,14.9,.210,2003
4,Tracy McGrady,23,ORL,4,427,1190,0.359,75,39.4,32.1,6.5,5.5,1.7,0.8,.457,.386,.793,16.1,.262,2003
5,Shaquille O'Neal,30,LAL,3,126,1190,0.106,67,37.8,27.5,11.1,3.1,0.6,2.4,.574,,.622,13.2,.250,2003
6,Allen Iverson,27,PHI,0,83,1190,0.070,82,42.5,27.6,4.2,5.5,2.7,0.2,.414,.277,.774,9.2,.127,2003
7,Dirk Nowitzki,24,DAL,0,43,1190,0.036,80,39.0,25.1,9.9,3.0,1.4,1.0,.463,.379,.881,16.1,.249,2003
8,Ben Wallace,28,DET,1,33,1190,0.028,73,39.4,6.9,15.4,1.6,1.4,3.2,.481,.167,.450,10.6,.176,2003
9,Jason Kidd,29,NJN,0,31,1190,0.026,80,37.4,18.7,6.3,8.9,2.2,0.3,.414,.341,.841,11.3,.182,2003
10,Chris Webber,29,SAC,0,19,1190,0.016,67,39.1,23.0,10.5,5.4,1.6,1.3,.461,.238,.607,6.9,.127,2003
11T,Jamal Mashburn,30,NOH,0,1,1190,0.001,82,40.5,21.6,6.1,5.6,1.0,0.2,.422,.389,.848,9.0,.130,2003
11T,Steve Nash,28,DAL,0,1,1190,0.001,82,33.1,17.7,2.9,7.3,1.0,0.1,.465,.413,.909,11.6,.206,2003
11T,Paul Pierce,25,BOS,0,1,1190,0.001,79,39.2,25.9,7.3,4.4,1.8,0.8,.416,.302,.802,10.1,.157,2003
Rank,Player,Age,Tm,First,Pts Won,Pts Max,Share,G,MP,PTS,TRB,AST,STL,BLK,FG%,3P%,FT%,WS,WS/48,2004
1,Kevin Garnett,27,MIN,120,1219,1230,0.991,82,39.4,24.2,13.9,5.0,1.5,2.2,.499,.256,.791,18.3,.272,2004
2,Tim Duncan,27,SAS,0,716,1230,0.582,69,36.6,22.3,12.4,3.1,0.9,2.7,.501,.167,.599,13.1,.249,2004
3,Jermaine O'Neal,25,IND,2,523,1230,0.425,78,35.7,20.1,10.0,2.1,0.8,2.6,.434,.111,.757,9.0,.155,2004
4,Peja Stojaković,26,SAC,1,281,1230,0.228,81,40.3,24.2,6.3,2.1,1.3,0.2,.480,.433,.927,13.5,.198,2004
5,Kobe Bryant,25,LAL,0,212,1230,0.172,65,37.6,24.0,5.5,5.1,1.7,0.4,.438,.327,.852,10.7,.210,2004
6,Shaquille O'Neal,31,LAL,0,178,1230,0.145,67,36.8,21.5,11.5,2.9,0.5,2.5,.584,,.490,9.9,.192,2004
7,Ben Wallace,29,DET,0,24,1230,0.020,81,37.7,9.5,12.4,1.7,1.8,3.0,.421,.125,.490,10.2,.160,2004
8,Jason Kidd,30,NJN,0,17,1230,0.014,67,36.6,15.5,6.4,9.2,1.8,0.2,.384,.321,.827,7.2,.141,2004
9,LeBron James,19,CLE,0,11,1230,0.009,79,39.5,20.9,5.5,5.9,1.6,0.7,.417,.290,.754,5.1,.078,2004
10T,Sam Cassell,34,MIN,0,4,1230,0.003,81,35.0,19.8,3.3,7.3,1.3,0.2,.488,.398,.873,12.1,.205,2004
10T,Baron Davis,24,NOH,0,4,1230,0.003,67,40.1,22.9,4.3,7.5,2.4,0.4,.395,.321,.673,7.5,.133,2004
10T,Dirk Nowitzki,25,DAL,0,4,1230,0.003,77,37.9,21.8,8.7,2.7,1.2,1.4,.462,.341,.877,11.5,.190,2004
13,Andrei Kirilenko,22,UTA,0,2,1230,0.002,78,37.1,16.5,8.1,3.1,1.9,2.8,.443,.338,.790,11.6,.192,2004
14T,Carmelo Anthony,19,DEN,0,1,1230,0.001,82,36.5,21.0,6.1,2.8,1.2,0.5,.426,.322,.777,6.1,.098,2004
14T,Yao Ming,23,HOU,0,1,1230,0.001,82,32.8,17.5,9.0,1.5,0.3,1.9,.522,.000,.809,11.4,.202,2004
14T,Michael Redd,24,MIL,0,1,1230,0.001,82,36.8,21.7,5.0,2.3,1.0,0.1,.440,.350,.868,9.7,.154,2004
Rank,Player,Age,Tm,First,Pts Won,Pts Max,Share,G,MP,PTS,TRB,AST,STL,BLK,FG%,3P%,FT%,WS,WS/48,2005
1,Steve Nash,30,PHO,65,1066,1270,0.839,75,34.3,15.5,3.3,11.5,1.0,0.1,.502,.431,.887,10.9,.203,2005
2,Shaquille O'Neal,32,MIA,58,1032,1270,0.813,73,34.1,22.9,10.4,2.7,0.5,2.3,.601,,.461,11.0,.211,2005
3,Dirk Nowitzki,26,DAL,0,349,1270,0.275,78,38.7,26.1,9.7,3.1,1.2,1.5,.459,.399,.869,15.6,.248,2005
4,Tim Duncan,28,SAS,1,328,1270,0.258,66,33.4,20.3,11.1,2.7,0.7,2.6,.496,.333,.670,11.2,.245,2005
5,Allen Iverson,29,PHI,2,240,1270,0.189,75,42.3,30.7,4.0,7.9,2.4,0.1,.424,.308,.835,9.0,.136,2005
6,LeBron James,20,CLE,0,93,1270,0.073,80,42.4,27.2,7.4,7.2,2.2,0.7,.472,.351,.750,14.3,.203,2005
7,Tracy McGrady,25,HOU,0,44,1270,0.035,78,40.8,25.7,6.2,5.7,1.7,0.7,.431,.326,.774,12.0,.180,2005
8,Dwyane Wade,23,MIA,0,43,1270,0.034,77,38.6,24.1,5.2,6.8,1.6,1.1,.478,.289,.762,11.0,.177,2005
9T,Amar'e Stoudemire,22,PHO,1,41,1270,0.032,80,36.1,26.0,8.9,1.6,1.0,1.6,.559,.188,.733,14.6,.243,2005
9T,Ray Allen,29,SEA,0,41,1270,0.032,78,39.3,23.9,4.4,3.7,1.1,0.1,.428,.376,.883,10.7,.168,2005
11,Kevin Garnett,28,MIN,0,15,1270,0.012,82,38.1,22.2,13.5,5.7,1.5,1.4,.502,.240,.811,16.1,.248,2005
12,Gilbert Arenas,23,WAS,0,4,1270,0.003,80,40.9,25.5,4.7,5.1,1.7,0.3,.431,.365,.814,11.5,.169,2005
13,Vince Carter,28,TOT,0,3,1270,0.002,77,36.7,24.5,5.2,4.2,1.4,0.6,.452,.406,.798,9.4,.159,2005
14T,P.J. Brown,35,NOH,0,1,1270,0.001,82,34.4,10.8,9.0,2.2,0.9,0.6,.446,,.864,6.9,.118,2005
14T,Marcus Camby,30,DEN,0,1,1270,0.001,66,30.5,10.3,10.0,2.3,0.9,3.0,.465,.000,.723,5.8,.138,2005
14T,Shawn Marion,26,PHO,0,1,1270,0.001,81,38.8,19.4,11.3,1.9,2.0,1.5,.476,.334,.833,12.5,.191,2005
Rank,Player,Age,Tm,First,Pts Won,Pts Max,Share,G,MP,PTS,TRB,AST,STL,BLK,FG%,3P%,FT%,WS,WS/48,2006
1,Steve Nash,31,PHO,57,924,1250,0.739,79,35.4,18.8,4.2,10.5,0.8,0.2,.512,.439,.921,12.4,.212,2006
2,LeBron James,21,CLE,16,688,1250,0.550,79,42.5,31.4,7.0,6.6,1.6,0.8,.480,.335,.738,16.3,.232,2006
3,Dirk Nowitzki,27,DAL,14,544,1250,0.435,81,38.1,26.6,9.0,2.8,0.7,1.0,.480,.406,.901,17.7,.275,2006
4,Kobe Bryant,27,LAL,22,483,1250,0.386,80,41.0,35.4,5.3,4.5,1.8,0.4,.450,.347,.850,15.3,.224,2006
5,Chauncey Billups,29,DET,15,430,1250,0.344,81,36.1,18.5,3.1,8.6,0.9,0.1,.418,.433,.894,15.5,.254,2006
6,Dwyane Wade,24,MIA,0,87,1250,0.070,75,38.6,27.2,5.7,6.7,1.9,0.8,.495,.171,.783,14.4,.239,2006
7,Elton Brand,26,LAC,1,50,1250,0.040,79,39.2,24.7,10.0,2.6,1.0,2.5,.527,.333,.775,14.8,.229,2006
8,Tim Duncan,29,SAS,0,33,1250,0.026,80,34.8,18.6,11.0,3.2,0.9,2.0,.484,.400,.629,10.8,.187,2006
9,Tony Parker,23,SAS,0,9,1250,0.007,80,33.9,18.9,3.3,5.8,1.0,0.1,.548,.306,.707,9.6,.169,2006
10T,Allen Iverson,30,PHI,0,1,1250,0.001,72,43.1,33.0,3.2,7.4,1.9,0.1,.447,.323,.814,10.6,.165,2006
10T,Shawn Marion,27,PHO,0,1,1250,0.001,81,40.3,21.8,11.8,1.8,2.0,1.7,.525,.331,.809,14.6,.214,2006
Rank,Player,Age,Tm,First,Pts Won,Pts Max,Share,G,MP,PTS,TRB,AST,STL,BLK,FG%,3P%,FT%,WS,WS/48,2007
1,Dirk Nowitzki,28,DAL,83,1138,1290,0.882,78,36.2,24.6,8.9,3.4,0.7,0.8,.502,.416,.904,16.3,.278,2007
2,Steve Nash,32,PHO,44,1013,1290,0.785,76,35.3,18.6,3.5,11.6,0.8,0.1,.532,.455,.899,12.6,.225,2007
3,Kobe Bryant,28,LAL,2,521,1290,0.404,77,40.8,31.6,5.7,5.4,1.4,0.5,.463,.344,.868,13.0,.199,2007
4,Tim Duncan,30,SAS,0,286,1290,0.222,80,34.1,20.0,10.6,3.4,0.8,2.4,.546,.111,.637,13.0,.230,2007
5,LeBron James,22,CLE,0,183,1290,0.142,78,40.9,27.3,6.7,6.0,1.6,0.7,.476,.319,.698,13.7,.206,2007
6,Tracy McGrady,27,HOU,0,110,1290,0.085,71,35.8,24.6,5.3,6.5,1.3,0.5,.431,.331,.707,8.6,.163,2007
7,Chris Bosh,22,TOR,0,43,1290,0.033,69,38.5,22.6,10.7,2.5,0.6,1.3,.496,.343,.785,9.6,.174,2007
8,Gilbert Arenas,25,WAS,0,31,1290,0.024,74,39.8,28.4,4.6,6.0,1.9,0.2,.418,.351,.844,10.8,.177,2007
9T,Carlos Boozer,25,UTA,0,7,1290,0.005,74,34.6,20.9,11.7,3.0,0.9,0.3,.561,,.685,9.9,.185,2007
9T,Kevin Garnett,30,MIN,0,7,1290,0.005,76,39.4,22.4,12.8,4.1,1.2,1.7,.476,.214,.835,10.7,.171,2007
11,Chauncey Billups,30,DET,0,4,1290,0.003,70,36.2,17.0,3.4,7.2,1.2,0.2,.427,.345,.883,11.4,.216,2007
12T,Shaquille O'Neal,34,MIA,0,3,1290,0.002,40,28.4,17.3,7.4,2.0,0.2,1.4,.591,,.422,2.8,.119,2007
12T,Dwyane Wade,25,MIA,0,3,1290,0.002,51,37.9,27.4,4.7,7.5,2.1,1.2,.491,.266,.807,8.8,.219,2007
14,Amar'e Stoudemire,24,PHO,0,2,1290,0.002,82,32.8,20.4,9.6,1.0,1.0,1.3,.575,.000,.781,11.2,.201,2007
15T,Carmelo Anthony,22,DEN,0,1,1290,0.001,65,38.2,28.9,6.0,3.8,1.2,0.4,.476,.268,.808,7.3,.140,2007
15T,Baron Davis,27,GSW,0,1,1290,0.001,63,35.3,20.1,4.4,8.1,2.1,0.5,.439,.304,.745,6.4,.139,2007
15T,Tony Parker,24,SAS,0,1,1290,0.001,77,32.5,18.6,3.2,5.5,1.1,0.1,.520,.395,.783,9.6,.185,2007
Rank,Player,Age,Tm,First,Pts Won,Pts Max,Share,G,MP,PTS,TRB,AST,STL,BLK,FG%,3P%,FT%,WS,WS/48,2008
1,Kobe Bryant,29,LAL,82,1100,1260,0.873,82,38.9,28.3,6.3,5.4,1.8,0.5,.459,.361,.840,13.8,.208,2008
2,Chris Paul,22,NOH,28,894,1260,0.710,80,37.6,21.1,4.0,11.6,2.7,0.1,.488,.369,.851,17.8,.284,2008
3,Kevin Garnett,31,BOS,15,670,1260,0.532,71,32.8,18.8,9.2,3.4,1.4,1.3,.539,.000,.801,12.9,.265,2008
4,LeBron James,23,CLE,1,438,1260,0.348,75,40.4,30.0,7.9,7.2,1.8,1.1,.484,.315,.712,15.2,.242,2008
5,Dwight Howard,22,ORL,0,60,1260,0.048,82,37.7,20.7,14.2,1.3,0.9,2.1,.599,.000,.590,12.9,.200,2008
6,Amar'e Stoudemire,25,PHO,0,27,1260,0.021,79,33.9,25.2,9.1,1.5,0.8,2.1,.590,.161,.805,14.6,.262,2008
7,Tim Duncan,31,SAS,0,25,1260,0.020,78,34.0,19.3,11.3,2.8,0.7,1.9,.497,.000,.730,11.1,.201,2008
8,Tracy McGrady,28,HOU,0,19,1260,0.015,66,37.0,21.6,5.1,5.9,1.0,0.5,.419,.292,.684,5.8,.115,2008
9,Steve Nash,33,PHO,0,18,1260,0.014,81,34.3,16.9,3.5,11.1,0.7,0.1,.504,.470,.906,10.5,.181,2008
10,Manu Ginóbili,30,SAS,0,9,1260,0.007,74,31.1,19.5,4.8,4.5,1.5,0.4,.460,.401,.860,11.1,.232,2008
11,Dirk Nowitzki,29,DAL,0,5,1260,0.004,77,36.0,23.6,8.6,3.5,0.7,0.9,.479,.359,.879,12.9,.223,2008
12,Deron Williams,23,UTA,0,4,1260,0.003,82,37.3,18.8,3.0,10.5,1.1,0.3,.507,.395,.803,11.3,.177,2008
13,Carmelo Anthony,23,DEN,0,3,1260,0.002,77,36.4,25.7,7.4,3.4,1.3,0.5,.492,.354,.786,8.2,.140,2008
14T,Carlos Boozer,26,UTA,0,1,1260,0.001,81,34.9,21.1,10.4,2.9,1.2,0.5,.547,.000,.738,10.2,.173,2008
14T,Antawn Jamison,31,WAS,0,1,1260,0.001,79,38.7,21.4,10.2,1.5,1.3,0.4,.436,.339,.760,9.2,.144,2008
14T,Paul Pierce,30,BOS,0,1,1260,0.001,80,35.9,19.6,5.1,4.5,1.3,0.5,.464,.392,.843,12.4,.207,2008
14T,Rasheed Wallace,33,DET,0,1,1260,0.001,77,30.5,12.7,6.6,1.8,1.2,1.7,.432,.356,.767,7.6,.155,2008
Rank,Player,Age,Tm,First,Pts Won,Pts Max,Share,G,MP,PTS,TRB,AST,STL,BLK,FG%,3P%,FT%,WS,WS/48,2009
1,LeBron James,24,CLE,109,1172,1210,0.969,81,37.7,28.4,7.6,7.2,1.7,1.1,.489,.344,.780,20.3,.318,2009
2,Kobe Bryant,30,LAL,2,698,1210,0.577,82,36.1,26.8,5.2,4.9,1.5,0.5,.467,.351,.856,12.7,.206,2009
3,Dwyane Wade,27,MIA,7,680,1210,0.562,79,38.6,30.2,5.0,7.5,2.2,1.3,.491,.317,.765,14.7,.232,2009
4,Dwight Howard,23,ORL,1,328,1210,0.271,79,35.7,20.6,13.8,1.4,1.0,2.9,.572,.000,.594,13.8,.234,2009
5,Chris Paul,23,NOH,2,192,1210,0.159,78,38.5,22.8,5.5,11.0,2.8,0.1,.503,.364,.868,18.3,.292,2009
6,Chauncey Billups,32,TOT,0,33,1210,0.027,79,35.3,17.7,3.0,6.4,1.2,0.2,.418,.408,.913,10.1,.174,2009
7,Paul Pierce,31,BOS,0,21,1210,0.017,81,37.5,20.5,5.6,3.6,1.0,0.3,.457,.391,.830,10.3,.164,2009
8,Tony Parker,26,SAS,0,9,1210,0.007,72,34.1,22.0,3.1,6.9,0.9,0.1,.506,.292,.782,8.6,.168,2009
9,Brandon Roy,24,POR,0,7,1210,0.006,78,37.2,22.6,4.7,5.1,1.1,0.3,.480,.377,.824,13.5,.223,2009
10,Dirk Nowitzki,30,DAL,0,3,1210,0.002,81,37.7,25.9,8.4,2.4,0.8,0.8,.479,.359,.890,10.9,.171,2009
11,Tim Duncan,32,SAS,0,2,1210,0.002,75,33.7,19.3,10.7,3.5,0.5,1.7,.504,.000,.692,10.1,.191,2009
12,Yao Ming,28,HOU,0,1,1210,0.001,77,33.6,19.7,9.9,1.8,0.4,1.9,.548,1.000,.866,10.6,.196,2009
Rank,Player,Age,Tm,First,Pts Won,Pts Max,Share,G,MP,PTS,TRB,AST,STL,BLK,FG%,3P%,FT%,WS,WS/48,2010
1,LeBron James,25,CLE,116,1205,1230,0.980,76,39.0,29.7,7.3,8.6,1.6,1.0,.503,.333,.767,18.5,.299,2010
2,Kevin Durant,21,OKC,4,609,1230,0.495,82,39.5,30.1,7.6,2.8,1.4,1.0,.476,.365,.900,16.1,.238,2010
3,Kobe Bryant,31,LAL,0,599,1230,0.487,73,38.8,27.0,5.4,5.0,1.5,0.3,.456,.329,.811,9.4,.160,2010
4,Dwight Howard,24,ORL,3,478,1230,0.389,82,34.7,18.3,13.2,1.8,0.9,2.8,.612,.000,.592,13.2,.223,2010
5,Dwyane Wade,28,MIA,0,119,1230,0.097,77,36.3,26.6,4.8,6.5,1.8,1.1,.476,.300,.761,13.0,.224,2010
6,Carmelo Anthony,25,DEN,0,65,1230,0.053,69,38.2,28.2,6.6,3.2,1.3,0.4,.458,.316,.830,7.9,.145,2010
7,Dirk Nowitzki,31,DAL,0,55,1230,0.045,81,37.5,25.0,7.7,2.7,0.9,1.0,.481,.421,.915,12.3,.194,2010
8,Steve Nash,35,PHO,0,49,1230,0.040,81,32.8,16.5,3.3,11.0,0.5,0.1,.507,.426,.938,9.9,.178,2010
9,Deron Williams,25,UTA,0,7,1230,0.006,76,36.9,18.7,4.0,10.5,1.3,0.2,.469,.371,.801,10.3,.177,2010
10,Amar'e Stoudemire,27,PHO,0,5,1230,0.004,82,34.6,23.1,8.9,1.0,0.6,1.0,.557,.167,.771,10.7,.181,2010
11,Manu Ginóbili,32,SAS,0,3,1230,0.002,75,28.7,16.5,3.8,4.9,1.4,0.3,.441,.377,.870,9.7,.216,2010
12T,Chauncey Billups,33,DEN,0,1,1230,0.001,73,34.1,19.5,3.1,5.6,1.1,0.1,.418,.386,.910,9.5,.182,2010
12T,Chris Bosh,25,TOR,0,1,1230,0.001,70,36.1,24.0,10.8,2.4,0.6,1.0,.518,.364,.797,9.6,.182,2010
12T,Stephen Jackson,31,TOT,0,1,1230,0.001,81,38.6,20.6,5.0,3.7,1.6,0.5,.423,.328,.779,5.0,.077,2010
12T,Joe Johnson,28,ATL,0,1,1230,0.001,76,38.0,21.3,4.6,4.9,1.1,0.1,.458,.369,.818,8.4,.140,2010
Rank,Player,Age,Tm,First,Pts Won,Pts Max,Share,G,MP,PTS,TRB,AST,STL,BLK,FG%,3P%,FT%,WS,WS/48,2011
1,Derrick Rose,22,CHI,113,1182,1210,0.977,81,37.4,25.0,4.1,7.7,1.0,0.6,.445,.332,.858,13.1,.208,2011
2,Dwight Howard,25,ORL,3,643,1210,0.531,78,37.6,22.9,14.1,1.4,1.4,2.4,.593,.000,.596,14.4,.235,2011
3,LeBron James,26,MIA,4,522,1210,0.431,79,38.8,26.7,7.5,7.0,1.6,0.6,.510,.330,.759,15.6,.244,2011
4,Kobe Bryant,32,LAL,1,428,1210,0.354,82,33.9,25.3,5.1,4.7,1.2,0.1,.451,.323,.828,10.3,.178,2011
5,Kevin Durant,22,OKC,0,190,1210,0.157,78,38.9,27.7,6.8,2.7,1.1,1.0,.462,.350,.880,12.0,.189,2011
6,Dirk Nowitzki,32,DAL,0,113,1210,0.093,73,34.3,23.0,7.0,2.6,0.5,0.6,.517,.393,.892,11.1,.213,2011
7,Dwyane Wade,29,MIA,0,24,1210,0.020,76,37.1,25.5,6.4,4.6,1.5,1.1,.500,.306,.758,12.8,.218,2011
8,Manu Ginóbili,33,SAS,0,20,1210,0.017,80,30.3,17.4,3.7,4.9,1.5,0.4,.433,.349,.871,9.9,.195,2011
9,Amar'e Stoudemire,28,NYK,0,9,1210,0.007,78,36.8,25.3,8.2,2.6,0.9,1.9,.502,.435,.792,8.0,.134,2011
10T,Blake Griffin,21,LAC,0,5,1210,0.004,82,38.0,22.5,12.1,3.8,0.8,0.5,.506,.292,.642,9.8,.152,2011
10T,Rajon Rondo,24,BOS,0,5,1210,0.004,68,37.2,10.6,4.4,11.2,2.3,0.2,.475,.233,.568,6.6,.126,2011
12,Tony Parker,28,SAS,0,3,1210,0.002,78,32.4,17.5,3.1,6.6,1.2,0.0,.519,.357,.769,8.2,.156,2011
13,Chris Paul,25,NOH,0,2,1210,0.002,80,36.0,15.9,4.1,9.8,2.4,0.1,.463,.388,.878,13.9,.232,2011
Rank,Player,Age,Tm,First,Pts Won,Pts Max,Share,G,MP,PTS,TRB,AST,STL,BLK,FG%,3P%,FT%,WS,WS/48,2012
1,LeBron James,27,MIA,85,1074,1210,0.888,62,37.5,27.1,7.9,6.2,1.9,0.8,.531,.362,.771,14.5,.298,2012
2,Kevin Durant,23,OKC,24,889,1210,0.735,66,38.6,28.0,8.0,3.5,1.3,1.2,.496,.387,.860,12.2,.230,2012
3,Chris Paul,26,LAC,6,385,1210,0.318,60,36.4,19.8,3.6,9.1,2.5,0.1,.478,.371,.861,12.7,.278,2012
4,Kobe Bryant,33,LAL,2,352,1210,0.291,58,38.5,27.9,5.4,4.6,1.2,0.3,.430,.303,.845,6.2,.132,2012
5,Tony Parker,29,SAS,4,331,1210,0.274,60,32.1,18.3,2.9,7.7,1.0,0.1,.480,.230,.799,7.1,.177,2012
6,Kevin Love,23,MIN,0,58,1210,0.048,55,39.0,26.0,13.3,2.0,0.9,0.5,.448,.372,.824,10.0,.223,2012
7,Dwight Howard,26,ORL,0,13,1210,0.011,54,38.3,20.6,14.5,1.9,1.5,2.1,.573,.000,.491,7.7,.179,2012
8,Rajon Rondo,25,BOS,0,12,1210,0.010,53,36.9,11.9,4.8,11.7,1.8,0.1,.448,.238,.597,4.9,.121,2012
9,Steve Nash,37,PHO,0,7,1210,0.006,62,31.6,12.5,3.0,10.7,0.6,0.1,.532,.390,.894,5.9,.144,2012
10,Dwyane Wade,30,MIA,0,6,1210,0.005,49,33.2,22.1,4.8,4.6,1.7,1.3,.497,.268,.791,7.7,.227,2012
11,Derrick Rose,23,CHI,0,5,1210,0.004,39,35.3,21.8,3.4,7.9,0.9,0.7,.435,.312,.812,6.0,.211,2012
12T,Dirk Nowitzki,33,DAL,0,4,1210,0.003,62,33.5,21.6,6.7,2.2,0.7,0.5,.457,.368,.896,7.6,.175,2012
12T,Russell Westbrook,23,OKC,0,4,1210,0.003,66,35.3,23.6,4.6,5.5,1.7,0.3,.457,.316,.823,7.9,.163,2012
14,Tim Duncan,35,SAS,0,3,1210,0.002,58,28.2,15.4,9.0,2.3,0.7,1.5,.492,.000,.695,5.9,.174,2012
15,Joe Johnson,30,ATL,0,1,1210,0.001,60,35.5,18.8,3.7,3.9,0.8,0.2,.454,.388,.849,6.4,.145,2012
Rank,Player,Age,Tm,First,Pts Won,Pts Max,Share,G,MP,PTS,TRB,AST,STL,BLK,FG%,3P%,FT%,WS,WS/48,2013
1,LeBron James,28,MIA,120,1207,1210,0.998,76,37.9,26.8,8.0,7.3,1.7,0.9,.565,.406,.753,19.3,.322,2013
2,Kevin Durant,24,OKC,0,765,1210,0.632,81,38.5,28.1,7.9,4.6,1.4,1.3,.510,.416,.905,18.9,.291,2013
3,Carmelo Anthony,28,NYK,1,475,1210,0.393,67,37.0,28.7,6.9,2.6,0.8,0.5,.449,.379,.830,9.5,.184,2013
4,Chris Paul,27,LAC,0,289,1210,0.239,70,33.4,16.9,3.7,9.7,2.4,0.1,.481,.328,.885,13.9,.287,2013
5,Kobe Bryant,34,LAL,0,184,1210,0.152,78,38.6,27.3,5.6,6.0,1.4,0.3,.463,.324,.839,10.9,.174,2013
6,Tony Parker,30,SAS,0,86,1210,0.071,66,32.9,20.3,3.0,7.6,0.8,0.1,.522,.353,.845,9.3,.206,2013
7,Tim Duncan,36,SAS,0,65,1210,0.054,69,30.1,17.8,9.9,2.7,0.7,2.7,.502,.286,.817,8.3,.191,2013
8,James Harden,23,HOU,0,33,1210,0.027,78,38.3,25.9,4.9,5.8,1.8,0.5,.438,.368,.851,12.8,.206,2013
9,Russell Westbrook,24,OKC,0,9,1210,0.007,82,34.9,23.2,5.2,7.4,1.8,0.3,.438,.323,.800,11.6,.195,2013
10,Dwyane Wade,31,MIA,0,5,1210,0.004,69,34.7,21.2,5.0,5.1,1.9,0.8,.521,.258,.725,9.6,.192,2013
11,Stephen Curry,24,GSW,0,3,1210,0.002,78,38.2,22.9,4.0,6.9,1.6,0.2,.451,.453,.900,11.2,.180,2013
12T,Kevin Garnett,36,BOS,0,1,1210,0.001,68,29.7,14.8,7.8,2.3,1.1,0.9,.496,.125,.786,5.6,.133,2013
12T,Marc Gasol,28,MEM,0,1,1210,0.001,80,35.0,14.1,7.8,4.0,1.0,1.7,.494,.071,.848,11.5,.197,2013
12T,Ty Lawson,25,DEN,0,1,1210,0.001,73,34.4,16.7,2.7,6.9,1.5,0.1,.461,.366,.756,7.4,.141,2013
12T,David Lee,29,GSW,0,1,1210,0.001,79,36.8,18.5,11.2,3.5,0.8,0.3,.519,.000,.797,9.1,.150,2013
12T,Joakim Noah,27,CHI,0,1,1210,0.001,66,36.8,11.9,11.1,4.0,1.2,2.1,.481,.000,.751,7.3,.145,2013
Rank,Player,Age,Tm,First,Pts Won,Pts Max,Share,G,MP,PTS,TRB,AST,STL,BLK,FG%,3P%,FT%,WS,WS/48,2014
1,Kevin Durant,25,OKC,119,1232,1250,0.986,81,38.5,32.0,7.4,5.5,1.3,0.7,.503,.391,.873,19.2,.295,2014
2,LeBron James,29,MIA,6,891,1250,0.713,77,37.7,27.1,6.9,6.3,1.6,0.3,.567,.379,.750,15.9,.264,2014
3,Blake Griffin,24,LAC,0,434,1250,0.347,80,35.8,24.1,9.5,3.9,1.2,0.6,.528,.273,.715,12.2,.205,2014
4,Joakim Noah,28,CHI,0,322,1250,0.258,80,35.3,12.6,11.3,5.4,1.2,1.5,.475,.000,.737,11.2,.190,2014
5,James Harden,24,HOU,0,85,1250,0.068,73,38.0,25.4,4.7,6.1,1.6,0.4,.456,.366,.866,12.8,.221,2014
6,Stephen Curry,25,GSW,0,66,1250,0.053,78,36.5,24.0,4.3,8.5,1.6,0.2,.471,.424,.885,13.4,.225,2014
7,Chris Paul,28,LAC,0,45,1250,0.036,62,35.0,19.1,4.3,10.7,2.5,0.1,.467,.368,.855,12.2,.270,2014
8,Al Jefferson,29,CHA,0,34,1250,0.027,73,35.0,21.8,10.8,2.1,0.9,1.1,.509,.200,.690,7.8,.146,2014
9,Paul George,23,IND,0,33,1250,0.026,80,36.2,21.7,6.8,3.5,1.9,0.3,.424,.364,.864,10.8,.178,2014
10,LaMarcus Aldridge,28,POR,0,26,1250,0.021,69,36.2,23.2,11.1,2.6,0.9,1.0,.458,.200,.822,7.5,.144,2014
11,Kevin Love,25,MIN,0,25,1250,0.020,77,36.3,26.1,12.5,4.4,0.8,0.5,.457,.376,.821,14.3,.245,2014
12T,Tim Duncan,37,SAS,0,21,1250,0.017,74,29.2,15.1,9.7,3.0,0.6,1.9,.490,.000,.731,7.4,.164,2014
12T,Tony Parker,31,SAS,0,21,1250,0.017,68,29.4,16.7,2.3,5.7,0.5,0.1,.499,.373,.811,5.9,.141,2014
14,Dirk Nowitzki,35,DAL,0,7,1250,0.006,80,32.9,21.7,6.2,2.7,0.9,0.6,.497,.398,.899,10.9,.199,2014
15,Carmelo Anthony,29,NYK,0,4,1250,0.003,77,38.7,27.4,8.1,3.1,1.2,0.7,.452,.402,.848,10.7,.172,2014
16,Goran Dragić,27,PHO,0,3,1250,0.002,76,35.1,20.3,3.2,5.9,1.4,0.3,.505,.408,.760,10.3,.186,2014
17,Mike Conley,26,MEM,0,1,1250,0.001,73,33.5,17.2,2.9,6.0,1.5,0.2,.450,.361,.815,8.2,.161,2014
Rank,Player,Age,Tm,First,Pts Won,Pts Max,Share,G,MP,PTS,TRB,AST,STL,BLK,FG%,3P%,FT%,WS,WS/48,2015
1,Stephen Curry,26,GSW,100,1198,1300,0.922,80,32.7,23.8,4.3,7.7,2.0,0.2,.487,.443,.914,15.7,.288,2015
2,James Harden,25,HOU,25,936,1300,0.720,81,36.8,27.4,5.7,7.0,1.9,0.7,.440,.375,.868,16.4,.265,2015
3,LeBron James,30,CLE,5,552,1300,0.425,69,36.1,25.3,6.0,7.4,1.6,0.7,.488,.354,.710,10.4,.199,2015
4,Russell Westbrook,26,OKC,0,352,1300,0.271,67,34.4,28.1,7.3,8.6,2.1,0.2,.426,.299,.835,10.6,.222,2015
5,Anthony Davis,21,NOP,0,203,1300,0.156,68,36.1,24.4,10.2,2.2,1.5,2.9,.535,.083,.805,14.0,.274,2015
6,Chris Paul,29,LAC,0,124,1300,0.095,82,34.8,19.1,4.6,10.2,1.9,0.2,.485,.398,.900,16.1,.270,2015
7,LaMarcus Aldridge,29,POR,0,6,1300,0.005,71,35.4,23.4,10.2,1.7,0.7,1.0,.466,.352,.845,8.6,.165,2015
8T,Marc Gasol,30,MEM,0,3,1300,0.002,81,33.2,17.4,7.8,3.8,0.9,1.6,.494,.176,.795,10.2,.182,2015
8T,Blake Griffin,25,LAC,0,3,1300,0.002,67,35.2,21.9,7.6,5.3,0.9,0.5,.502,.400,.728,9.0,.183,2015
10T,Tim Duncan,38,SAS,0,1,1300,0.001,77,28.9,13.9,9.1,3.0,0.8,2.0,.512,.286,.740,9.6,.207,2015
10T,Kawhi Leonard,23,SAS,0,1,1300,0.001,64,31.8,16.5,7.2,2.5,2.3,0.8,.479,.349,.802,8.6,.204,2015
10T,Klay Thompson,24,GSW,0,1,1300,0.001,77,31.9,21.7,3.2,2.9,1.1,0.8,.463,.439,.879,8.8,.172,2015
Rank,Player,Age,Tm,First,Pts Won,Pts Max,Share,G,MP,PTS,TRB,AST,STL,BLK,FG%,3P%,FT%,WS,WS/48,2016
1,Stephen Curry,27,GSW,131,1310,1310,1.000,79,34.2,30.1,5.4,6.7,2.1,0.2,.504,.454,.908,17.9,.318,2016
2,Kawhi Leonard,24,SAS,0,634,1310,0.484,72,33.1,21.2,6.8,2.6,1.8,1.0,.506,.443,.874,13.7,.277,2016
3,LeBron James,31,CLE,0,631,1310,0.482,76,35.6,25.3,7.4,6.8,1.4,0.6,.520,.309,.731,13.6,.242,2016
4,Russell Westbrook,27,OKC,0,486,1310,0.371,80,34.4,23.5,7.8,10.4,2.0,0.3,.454,.296,.812,14.0,.245,2016
5,Kevin Durant,27,OKC,0,147,1310,0.112,72,35.8,28.2,8.2,5.0,1.0,1.2,.505,.387,.898,14.5,.270,2016
6,Chris Paul,30,LAC,0,107,1310,0.082,74,32.7,19.5,4.2,10.0,2.1,0.2,.462,.371,.896,12.7,.253,2016
7,Draymond Green,25,GSW,0,50,1310,0.038,81,34.7,14.0,9.5,7.4,1.5,1.4,.490,.388,.696,11.1,.190,2016
8,Damian Lillard,25,POR,0,26,1310,0.020,75,35.7,25.1,4.0,6.8,0.9,0.4,.419,.375,.892,9.2,.165,2016
9,James Harden,26,HOU,0,9,1310,0.007,82,38.1,29.0,6.1,7.5,1.7,0.6,.439,.359,.860,13.3,.204,2016
10,Kyle Lowry,29,TOR,0,6,1310,0.005,77,37.0,21.2,4.7,6.4,2.1,0.4,.427,.388,.811,11.6,.196,2016
Rank,Player,Age,Tm,First,Pts Won,Pts Max,Share,G,MP,PTS,TRB,AST,STL,BLK,FG%,3P%,FT%,WS,WS/48,2017
1,Russell Westbrook,28,OKC,69,888,1010,0.879,81,34.6,31.6,10.7,10.4,1.6,0.4,.425,.343,.845,13.1,.224,2017
2,James Harden,27,HOU,22,753,1010,0.746,81,36.4,29.1,8.1,11.2,1.5,0.5,.440,.347,.847,15.0,.245,2017
3,Kawhi Leonard,25,SAS,9,500,1010,0.495,74,33.4,25.5,5.8,3.5,1.8,0.7,.485,.380,.880,13.6,.264,2017
4,LeBron James,32,CLE,1,333,1010,0.330,74,37.8,26.4,8.6,8.7,1.2,0.6,.548,.363,.674,12.9,.221,2017
5,Isaiah Thomas,27,BOS,0,81,1010,0.080,76,33.8,28.9,2.7,5.9,0.9,0.2,.463,.379,.909,12.5,.234,2017
6,Stephen Curry,28,GSW,0,52,1010,0.051,79,33.4,25.3,4.5,6.6,1.8,0.2,.468,.411,.898,12.6,.229,2017
7T,Giannis Antetokounmpo,22,MIL,0,7,1010,0.007,80,35.6,22.9,8.8,5.4,1.6,1.9,.521,.272,.770,12.4,.210,2017
7T,John Wall,26,WAS,0,7,1010,0.007,78,36.4,23.1,4.2,10.7,2.0,0.6,.451,.327,.801,8.8,.149,2017
9T,Anthony Davis,23,NOP,0,2,1010,0.002,75,36.1,28.0,11.8,2.1,1.3,2.2,.505,.299,.802,11.0,.195,2017
9T,Kevin Durant,28,GSW,0,2,1010,0.002,62,33.4,25.1,8.3,4.8,1.1,1.6,.537,.375,.875,12.0,.278,2017
11,DeMar DeRozan,27,TOR,0,1,1010,0.001,74,35.4,27.3,5.2,3.9,1.1,0.2,.467,.266,.842,9.0,.166,2017
Rank,Player,Age,Tm,First,Pts Won,Pts Max,Share,G,MP,PTS,TRB,AST,STL,BLK,FG%,3P%,FT%,WS,WS/48,2018
1,James Harden,28,HOU,86,965,1010,0.955,72,35.4,30.4,5.4,8.8,1.8,0.7,.449,.367,.858,15.4,.289,2018
2,LeBron James,33,CLE,15,738,1010,0.731,82,36.9,27.5,8.6,9.1,1.4,0.9,.542,.367,.731,14.0,.221,2018
3,Anthony Davis,24,NOP,0,445,1010,0.441,75,36.4,28.1,11.1,2.3,1.5,2.6,.534,.340,.828,13.7,.241,2018
4,Damian Lillard,27,POR,0,207,1010,0.205,73,36.6,26.9,4.5,6.6,1.1,0.4,.439,.361,.916,12.6,.227,2018
5,Russell Westbrook,29,OKC,0,76,1010,0.075,80,36.4,25.4,10.1,10.3,1.8,0.3,.449,.298,.737,10.1,.166,2018
6,Giannis Antetokounmpo,23,MIL,0,75,1010,0.074,75,36.7,26.9,10.0,4.8,1.5,1.4,.529,.307,.760,11.9,.207,2018
7,Kevin Durant,29,GSW,0,66,1010,0.065,68,34.2,26.4,6.8,5.4,0.7,1.8,.516,.419,.889,10.4,.215,2018
8,DeMar DeRozan,28,TOR,0,32,1010,0.032,80,33.9,23.0,3.9,5.2,1.1,0.3,.456,.310,.825,9.6,.170,2018
9,LaMarcus Aldridge,32,SAS,0,6,1010,0.006,75,33.5,23.1,8.5,2.0,0.6,1.2,.510,.293,.837,10.9,.209,2018
10T,Jimmy Butler,28,MIN,0,5,1010,0.005,59,36.7,22.2,5.3,4.9,2.0,0.4,.474,.350,.854,8.9,.198,2018
10T,Stephen Curry,29,GSW,0,5,1010,0.005,51,32.0,26.4,5.1,6.1,1.6,0.2,.495,.423,.921,9.1,.267,2018
12,Joel Embiid,23,PHI,0,4,1010,0.004,63,30.3,22.9,11.0,3.2,0.6,1.8,.483,.308,.769,6.2,.155,2018
13,Victor Oladipo,25,IND,0,2,1010,0.002,75,34.0,23.1,5.2,4.3,2.4,0.8,.477,.371,.799,8.2,.155,2018
Rank,Player,Age,Tm,First,Pts Won,Pts Max,Share,G,MP,PTS,TRB,AST,STL,BLK,FG%,3P%,FT%,WS,WS/48,2019
1,Giannis Antetokounmpo,24,MIL,78,941,1010,0.932,72,32.8,27.7,12.5,5.9,1.3,1.5,.578,.256,.729,14.4,.292,2019
2,James Harden,29,HOU,23,776,1010,0.768,78,36.8,36.1,6.6,7.5,2.0,0.7,.442,.368,.879,15.2,.254,2019
3,Paul George,28,OKC,0,356,1010,0.352,77,36.9,28.0,8.2,4.1,2.2,0.4,.438,.386,.839,11.9,.201,2019
4,Nikola Jokić,23,DEN,0,212,1010,0.210,80,31.3,20.1,10.8,7.3,1.4,0.7,.511,.307,.821,11.8,.226,2019
5,Stephen Curry,30,GSW,0,175,1010,0.173,69,33.8,27.3,5.3,5.2,1.3,0.4,.472,.437,.916,9.7,.199,2019
6,Damian Lillard,28,POR,0,69,1010,0.068,80,35.5,25.8,4.6,6.9,1.1,0.4,.444,.369,.912,12.1,.205,2019
7,Joel Embiid,24,PHI,0,49,1010,0.049,64,33.7,27.5,13.6,3.7,0.7,1.9,.484,.300,.804,8.7,.194,2019
8,Kevin Durant,30,GSW,0,25,1010,0.025,78,34.6,26.0,6.4,5.9,0.7,1.1,.521,.353,.885,11.5,.204,2019
9,Kawhi Leonard,27,TOR,0,13,1010,0.013,60,34.0,26.6,7.3,3.3,1.8,0.4,.496,.371,.854,9.5,.224,2019
10,Russell Westbrook,30,OKC,0,8,1010,0.008,73,36.0,22.9,11.1,10.7,1.9,0.5,.428,.290,.656,6.8,.124,2019
11T,Rudy Gobert,26,UTA,0,1,1010,0.001,81,31.8,15.9,12.9,2.0,0.8,2.3,.669,,.636,14.4,.268,2019
11T,LeBron James,34,LAL,0,1,1010,0.001,55,35.2,27.4,8.5,8.3,1.3,0.6,.510,.339,.665,7.2,.179,2019
Rank,Player,Age,Tm,First,Pts Won,Pts Max,Share,G,MP,PTS,TRB,AST,STL,BLK,FG%,3P%,FT%,WS,WS/48,2020
1,Giannis Antetokounmpo,25,MIL,85,962,1010,0.952,63,30.4,29.5,13.6,5.6,1.0,1.0,.553,.304,.633,11.1,.279,2020
2,LeBron James,35,LAL,16,753,1010,0.746,67,34.6,25.3,7.8,10.2,1.2,0.5,.493,.348,.693,9.8,.204,2020
3,James Harden,30,HOU,0,367,1010,0.363,68,36.5,34.3,6.6,7.5,1.8,0.9,.444,.355,.865,13.1,.254,2020
4,Luka Dončić,20,DAL,0,200,1010,0.198,61,33.6,28.8,9.4,8.8,1.0,0.2,.463,.316,.758,8.8,.207,2020
5,Kawhi Leonard,28,LAC,0,168,1010,0.166,57,32.4,27.1,7.1,4.9,1.8,0.6,.470,.378,.886,8.7,.226,2020
6,Anthony Davis,26,LAL,0,82,1010,0.081,62,34.4,26.1,9.3,3.2,1.5,2.3,.503,.330,.846,11.1,.250,2020
7,Chris Paul,34,OKC,0,26,1010,0.026,70,31.5,17.6,5.0,6.7,1.6,0.2,.489,.365,.907,8.9,.193,2020
8,Damian Lillard,29,POR,0,23,1010,0.023,66,37.5,30.0,4.3,8.0,1.1,0.3,.463,.401,.888,11.6,.225,2020
9,Nikola Jokić,24,DEN,0,18,1010,0.018,73,32.0,19.9,9.7,7.0,1.2,0.6,.528,.314,.817,9.8,.202,2020
10,Pascal Siakam,25,TOR,0,17,1010,0.017,60,35.2,22.9,7.3,3.5,1.0,0.9,.453,.359,.792,5.4,.123,2020
11,Jimmy Butler,30,MIA,0,9,1010,0.009,58,33.8,19.9,6.7,6.0,1.8,0.6,.455,.244,.834,9.0,.221,2020
12,Jayson Tatum,21,BOS,0,1,1010,0.001,66,34.3,23.4,7.0,3.0,1.4,0.9,.450,.403,.812,6.9,.146,2020
Rank,Player,Age,Tm,First,Pts Won,Pts Max,Share,G,MP,PTS,TRB,AST,STL,BLK,FG%,3P%,FT%,WS,WS/48,2021
1,Nikola Jokić,25,DEN,91,971,1010,0.961,72,34.6,26.4,10.8,8.3,1.3,0.7,.566,.388,.868,15.6,.301,2021
2,Joel Embiid,26,PHI,1,586,1010,0.580,51,31.1,28.5,10.6,2.8,1.0,1.4,.513,.377,.859,8.8,.266,2021
3,Stephen Curry,32,GSW,5,453,1010,0.449,63,34.2,32.0,5.5,5.8,1.2,0.1,.482,.421,.916,9.0,.201,2021
4,Giannis Antetokounmpo,26,MIL,1,348,1010,0.345,61,33.0,28.1,11.0,5.9,1.2,1.2,.569,.303,.685,10.2,.244,2021
5,Chris Paul,35,PHO,2,139,1010,0.138,70,31.4,16.4,4.5,8.9,1.4,0.3,.499,.395,.934,9.2,.201,2021
6,Luka Dončić,21,DAL,0,42,1010,0.042,66,34.3,27.7,8.0,8.6,1.0,0.5,.479,.350,.730,7.7,.163,2021
7,Damian Lillard,30,POR,0,38,1010,0.038,67,35.8,28.8,4.2,7.5,0.9,0.3,.451,.391,.928,10.4,.209,2021
8,Julius Randle,26,NYK,0,20,1010,0.020,71,37.6,24.1,10.2,6.0,0.9,0.3,.456,.411,.811,7.8,.140,2021
9,Derrick Rose,32,TOT,1,10,1010,0.010,50,25.6,14.7,2.6,4.2,1.0,0.4,.470,.388,.866,3.1,.118,2021
10,Rudy Gobert,28,UTA,0,8,1010,0.008,71,30.8,14.3,13.5,1.3,0.6,2.7,.675,.000,.623,11.3,.248,2021
11,Russell Westbrook,32,WAS,0,5,1010,0.005,65,36.4,22.2,11.5,11.7,1.4,0.4,.439,.315,.656,3.7,.075,2021
12,Ben Simmons,24,PHI,0,3,1010,0.003,58,32.4,14.3,7.2,6.9,1.6,0.6,.557,.300,.613,6.0,.153,2021
13T,James Harden,31,TOT,0,1,1010,0.001,44,36.6,24.6,7.9,10.8,1.2,0.8,.466,.362,.861,7.0,.208,2021
13T,LeBron James,36,LAL,0,1,1010,0.001,45,33.4,25.0,7.7,7.8,1.1,0.6,.513,.365,.698,5.6,.179,2021
13T,Kawhi Leonard,29,LAC,0,1,1010,0.001,52,34.1,24.8,6.5,5.2,1.6,0.4,.512,.398,.885,8.8,.238,2021
Rank,Player,Age,Tm,First,Pts Won,Pts Max,Share,G,MP,PTS,TRB,AST,STL,BLK,FG%,3P%,FT%,WS,WS/48,2022
1,Nikola Jokić,26,DEN,65,875,1000,0.875,74,33.5,27.1,13.8,7.9,1.5,0.9,.583,.337,.810,15.2,.296,2022
2,Joel Embiid,27,PHI,26,706,1000,0.706,68,33.8,30.6,11.7,4.2,1.1,1.5,.499,.371,.814,12.0,.252,2022
3,Giannis Antetokounmpo,27,MIL,9,595,1000,0.595,67,32.9,29.9,11.6,5.8,1.1,1.4,.553,.293,.722,12.9,.281,2022
4,Devin Booker,25,PHO,0,216,1000,0.216,68,34.5,26.8,5.0,4.8,1.1,0.4,.466,.383,.868,7.6,.156,2022
5,Luka Dončić,22,DAL,0,146,1000,0.146,65,35.4,28.4,9.1,8.7,1.2,0.6,.457,.353,.744,7.6,.159,2022
6,Jayson Tatum,23,BOS,0,43,1000,0.043,76,35.9,26.9,8.0,4.4,1.0,0.6,.453,.353,.853,9.6,.169,2022
7,Ja Morant,22,MEM,0,10,1000,0.010,57,33.1,27.4,5.7,6.7,1.2,0.4,.493,.344,.761,6.7,.171,2022
8,Stephen Curry,33,GSW,0,4,1000,0.004,64,34.5,25.5,5.2,6.3,1.3,0.4,.437,.380,.923,8.0,.173,2022
9,Chris Paul,36,PHO,0,2,1000,0.002,65,32.9,14.7,4.4,10.8,1.9,0.3,.493,.317,.837,9.4,.210,2022
10T,DeMar DeRozan,32,CHI,0,1,1000,0.001,76,36.1,27.9,5.2,4.9,0.9,0.3,.504,.352,.877,8.8,.154,2022
10T,Kevin Durant,33,BRK,0,1,1000,0.001,55,37.2,29.9,7.4,6.4,0.9,0.9,.518,.383,.910,8.4,.198,2022
10T,LeBron James,37,LAL,0,1,1000,0.001,56,37.2,30.3,8.2,6.2,1.3,1.1,.524,.359,.756,7.5,.172,2022
Rank,Player,Age,Tm,First,Pts Won,Pts Max,Share,G,MP,PTS,TRB,AST,STL,BLK,FG%,3P%,FT%,WS,WS/48,2023
1,Joel Embiid,28,PHI,73,915,1000,0.915,66,34.6,33.1,10.2,4.2,1.0,1.7,.548,.330,.857,12.3,.259,2023
2,Nikola Jokić,27,DEN,15,674,1000,0.674,69,33.7,24.5,11.8,9.8,1.3,0.7,.632,.383,.822,14.9,.308,2023
3,Giannis Antetokounmpo,28,MIL,12,606,1000,0.606,63,32.1,31.1,11.8,5.7,0.8,0.8,.553,.275,.645,8.6,.204,2023
4,Jayson Tatum,24,BOS,0,280,1000,0.280,74,36.9,30.1,8.8,4.6,1.1,0.7,.466,.350,.854,10.5,.185,2023
5,Shai Gilgeous-Alexander,24,OKC,0,46,1000,0.046,68,35.5,31.4,4.8,5.5,1.6,1.0,.510,.345,.905,11.4,.226,2023
6,Donovan Mitchell,26,CLE,0,30,1000,0.030,68,35.8,28.3,4.3,4.4,1.5,0.4,.484,.386,.867,8.9,.176,2023
7,Domantas Sabonis,26,SAC,0,27,1000,0.027,79,34.6,19.1,12.3,7.3,0.8,0.5,.615,.373,.742,12.6,.221,2023
8,Luka Dončić,23,DAL,0,10,1000,0.010,66,36.2,32.4,8.6,8.0,1.4,0.5,.496,.342,.742,10.2,.204,2023
9,Stephen Curry,34,GSW,0,5,1000,0.005,56,34.7,29.4,6.1,6.3,0.9,0.4,.493,.427,.915,7.8,.192,2023
10,Jimmy Butler,33,MIA,0,3,1000,0.003,64,33.4,22.9,5.9,5.3,1.8,0.3,.539,.350,.850,12.3,.277,2023
11,De'Aaron Fox,25,SAC,0,2,1000,0.002,73,33.4,25.0,4.2,6.1,1.1,0.3,.512,.324,.780,7.4,.146,2023
12T,Jalen Brunson,26,NYK,0,1,1000,0.001,68,35.0,24.0,3.5,6.2,0.9,0.2,.491,.416,.829,8.7,.175,2023
12T,Ja Morant,23,MEM,0,1,1000,0.001,61,31.9,26.2,5.9,8.1,1.1,0.3,.466,.307,.748,6.0,.148,2023
Rank,Player,Age,Tm,First,Pts Won,Pts Max,Share,G,MP,PTS,TRB,AST,STL,BLK,FG%,3P%,FT%,WS,WS/48,2024
1,Nikola Jokić,28,DEN,79,926,990,0.935,79,34.6,26.4,12.4,9.0,1.4,0.9,.583,.359,.817,17.0,.299,2024
2,Shai Gilgeous-Alexander,25,OKC,15,640,990,0.646,75,34.0,30.1,5.5,6.2,2.0,0.9,.535,.353,.874,14.6,.275,2024
3,Luka Dončić,24,DAL,4,566,990,0.572,70,37.5,33.9,9.2,9.8,1.4,0.5,.487,.382,.786,12.0,.220,2024
4,Giannis Antetokounmpo,29,MIL,1,192,990,0.194,73,35.2,30.4,11.5,6.5,1.2,1.1,.611,.274,.657,13.2,.246,2024
5,Jalen Brunson,27,NYK,0,142,990,0.143,77,35.4,28.7,3.6,6.7,0.9,0.2,.479,.401,.847,11.2,.198,2024
6,Jayson Tatum,25,BOS,0,86,990,0.087,74,35.7,26.9,8.1,4.9,1.0,0.6,.471,.376,.833,10.4,.189,2024
7,Anthony Edwards,22,MIN,0,18,990,0.018,79,35.1,25.9,5.4,5.1,1.3,0.5,.461,.357,.836,7.5,.130,2024
8,Domantas Sabonis,27,SAC,0,3,990,0.003,82,35.7,19.4,13.7,8.2,0.9,0.6,.594,.379,.704,12.6,.206,2024
9,Kevin Durant,35,PHO,0,1,990,0.001,75,37.2,27.1,6.6,5.0,0.9,1.2,.523,.413,.856,8.3,.142,2024
Rank,Player,Age,Tm,First,Pts Won,Pts Max,Share,G,MP,PTS,TRB,AST,STL,BLK,FG%,3P%,FT%,WS,WS/48,2025
1,Shai Gilgeous-Alexander,26,OKC,71,913,1000,0.913,76,34.2,32.7,5.0,6.4,1.7,1.0,.519,.375,.898,16.7,.309,2025
2,Nikola Jokić,29,DEN,29,787,1000,0.787,70,36.7,29.6,12.7,10.2,1.8,0.6,.576,.417,.800,16.4,.307,2025
3,Giannis Antetokounmpo,30,MIL,0,470,1000,0.470,67,34.2,30.4,11.9,6.5,0.9,1.2,.601,.222,.617,11.5,.241,2025
4,Jayson Tatum,26,BOS,0,311,1000,0.311,72,36.4,26.8,8.7,6.0,1.1,0.5,.452,.343,.814,9.5,.174,2025
5,Donovan Mitchell,28,CLE,0,74,1000,0.074,71,31.4,24.0,4.5,5.0,1.3,0.2,.443,.368,.823,7.6,.163,2025
6,LeBron James,40,LAL,0,16,1000,0.016,70,34.9,24.4,7.8,8.2,1.0,0.6,.513,.376,.782,7.7,.152,2025
7T,Cade Cunningham,23,DET,0,12,1000,0.012,70,35.0,26.1,6.1,9.1,1.0,0.8,.469,.356,.846,5.9,.115,2025
7T,Anthony Edwards,23,MIN,0,12,1000,0.012,79,36.3,27.6,5.7,4.5,1.2,0.6,.447,.395,.837,8.4,.140,2025
9,Stephen Curry,36,GSW,0,2,1000,0.002,70,32.2,24.5,4.4,6.0,1.1,0.4,.448,.397,.933,7.9,.168,2025
10T,Jalen Brunson,28,NYK,0,1,1000,0.001,65,35.4,26.0,2.9,7.3,0.9,0.1,.488,.383,.821,8.3,.172,2025
10T,James Harden,35,LAC,0,1,1000,0.001,79,35.3,22.8,5.8,8.7,1.5,0.7,.410,.352,.874,8.3,.143,2025
10T,Evan Mobley,23,CLE,0,1,1000,0.001,71,30.5,18.5,9.3,3.2,0.9,1.6,.557,.370,.725,9.0,.200,2025
