0,1,2,3,4,5,6,7,8,9,10,11,12,13,14,15,16,17,18,19,20,21,22,23,24,25,26,27,28,29,30,Year
1,Luka Dončić,26,LAL,PG,34,34,36.3,10.5,22.5,.467,3.4,10.2,.337,7.1,12.3,.576,.544,9.0,11.5,.787,0.9,6.8,7.7,8.7,1.6,0.5,4.4,2.7,33.5,,2026
2,Shai Gilgeous-Alexander,27,OKC,PG,43,43,33.3,10.9,19.7,.555,1.9,4.8,.399,9.0,14.9,.606,.604,8.2,9.2,.891,0.5,3.9,4.4,6.3,1.3,0.8,2.0,2.0,32.0,,2026
3,Tyrese Maxey,25,PHI,PG,40,40,39.5,10.5,22.4,.469,3.6,9.0,.397,7.0,13.4,.518,.549,5.4,6.2,.879,0.3,4.1,4.4,6.7,2.1,1.0,2.5,2.1,30.0,,2026
4,Anthony Edwards,24,MIN,SG,35,35,35.2,10.3,20.5,.499,3.5,8.6,.413,6.7,12.0,.561,.586,5.8,7.3,.794,0.6,4.4,5.0,3.7,1.3,0.8,2.7,1.9,29.9,,2026
5,Jaylen Brown,29,BOS,SF,40,40,34.1,10.9,22.4,.488,2.2,5.9,.364,8.8,16.5,.532,.536,5.9,7.4,.791,1.3,5.4,6.7,4.8,1.0,0.4,3.8,3.0,29.8,,2026
6,Nikola Jokić,30,DEN,C,32,32,34.6,10.6,17.5,.605,2.1,4.8,.435,8.5,12.7,.670,.665,6.3,7.4,.853,3.0,9.1,12.2,11.0,1.4,0.8,3.5,2.8,29.6,,2026
7,Donovan Mitchell,29,CLE,SG,41,41,34.1,10.0,20.7,.483,3.8,9.9,.382,6.2,10.8,.576,.574,5.1,6.1,.840,0.9,3.9,4.8,5.7,1.5,0.2,3.1,2.4,28.9,,2026
8,Giannis Antetokounmpo,31,MIL,PF,29,29,29.1,10.7,16.5,.647,0.5,1.3,.395,10.2,15.2,.669,.663,6.3,9.7,.645,2.9,7.1,9.9,5.6,0.9,0.8,3.3,2.7,28.2,,2026
9,Kawhi Leonard,34,LAC,SF,30,30,33.8,9.7,19.6,.497,2.9,7.3,.399,6.8,12.3,.556,.572,5.9,6.2,.941,0.9,5.4,6.3,3.5,2.2,0.6,2.1,1.4,28.2,,2026
10,Jalen Brunson,29,NYK,PG,39,39,34.4,10.0,20.9,.478,2.9,7.6,.379,7.1,13.2,.535,.547,5.0,5.9,.852,0.5,2.7,3.2,6.1,0.7,0.1,2.3,2.4,27.9,,2026
11,Lauri Markkanen,28,UTA,PF,33,33,36.0,9.5,19.7,.483,2.9,8.0,.365,6.6,11.7,.563,.557,6.0,6.8,.884,2.0,5.2,7.2,2.2,1.0,0.5,1.6,2.0,27.9,,2026
12,Stephen Curry,37,GSW,PG,35,35,31.6,8.9,19.1,.468,4.5,11.5,.387,4.5,7.6,.590,.584,4.7,5.1,.927,0.4,3.3,3.7,5.1,1.1,0.4,2.8,2.0,27.1,,2026
13,Austin Reaves,27,LAL,SG,23,22,35.3,8.2,16.2,.507,2.7,7.4,.365,5.5,8.8,.626,.590,7.5,8.6,.873,0.7,4.5,5.2,6.3,1.0,0.2,3.3,2.3,26.6,,2026
14,Deni Avdija,25,POR,SF,41,41,35.3,8.0,17.0,.470,2.3,6.5,.355,5.7,10.5,.541,.537,7.9,9.9,.804,1.0,6.1,7.1,6.9,0.9,0.6,3.9,2.7,26.2,,2026
15,James Harden,36,LAC,PG,40,40,35.7,7.5,17.8,.423,3.1,9.0,.342,4.5,8.8,.507,.510,7.9,8.8,.897,0.6,4.2,4.8,8.0,1.3,0.4,3.6,2.0,26.0,,2026
16,Jamal Murray,28,DEN,PG,40,40,35.4,9.3,19.0,.489,3.4,7.6,.449,5.9,11.4,.516,.579,4.1,4.5,.895,0.5,3.9,4.4,7.4,1.0,0.3,2.3,1.6,26.0,,2026
17,Kevin Durant,37,HOU,SF,39,39,36.6,9.1,17.8,.511,2.2,5.5,.395,6.9,12.3,.563,.572,5.5,6.2,.888,0.5,4.9,5.4,4.6,0.7,0.9,3.1,2.1,25.9,,2026
18,Cade Cunningham,24,DET,PG,36,36,35.4,8.9,19.6,.452,1.9,5.9,.327,6.9,13.6,.507,.502,6.0,7.3,.824,1.0,4.9,5.9,9.8,1.4,0.8,3.8,3.3,25.7,,2026
19,Devin Booker,29,PHO,SG,40,40,34.1,8.3,18.3,.453,1.6,5.4,.302,6.7,13.0,.515,.497,7.1,8.2,.863,0.9,3.2,4.0,6.3,0.9,0.3,3.4,2.7,25.3,,2026
20,Michael Porter Jr.,27,BRK,SF,34,34,32.9,9.0,18.6,.481,3.8,9.5,.396,5.2,9.1,.569,.582,3.6,4.2,.846,1.3,6.1,7.4,3.2,1.0,0.2,2.6,2.0,25.3,,2026
21,Keyonte George,22,UTA,PG,43,43,34.4,7.7,16.7,.459,2.6,6.9,.376,5.0,9.7,.518,.537,6.5,7.2,.903,0.5,3.5,4.0,6.7,1.0,0.3,3.5,2.3,24.4,,2026
22,Victor Wembanyama,22,SAS,C,30,21,28.7,8.4,16.7,.506,1.8,4.7,.380,6.6,11.9,.556,.560,5.7,6.8,.843,2.0,8.8,10.8,2.9,0.8,2.5,2.7,2.8,24.4,,2026
23,Joel Embiid,31,PHI,C,23,23,29.7,8.2,17.1,.477,1.0,4.0,.261,7.1,13.1,.543,.508,6.8,8.0,.858,2.0,4.9,7.0,3.3,0.6,1.1,3.0,2.1,24.2,,2026
24,Pascal Siakam,31,IND,PF,43,43,33.8,8.9,18.5,.484,1.9,4.8,.386,7.1,13.7,.518,.534,4.1,6.0,.681,1.7,5.3,7.0,4.0,1.2,0.4,2.2,2.6,23.8,,2026
25,Norman Powell,32,MIA,SG,38,38,30.9,7.9,16.3,.485,3.1,7.3,.416,4.9,9.0,.541,.578,4.8,5.6,.846,0.3,3.4,3.7,2.7,1.2,0.2,2.0,2.3,23.7,,2026
26,Jalen Johnson,24,ATL,SF,42,42,35.5,8.6,16.8,.511,1.6,4.6,.358,7.0,12.2,.568,.559,4.3,5.5,.788,1.5,8.8,10.3,8.0,1.2,0.5,3.5,2.0,23.2,,2026
27,LeBron James,41,LAL,SF,25,25,33.2,8.3,16.2,.510,1.6,4.8,.333,6.7,11.4,.584,.559,4.3,5.8,.740,0.7,5.3,6.0,7.0,1.0,0.7,2.8,1.4,22.5,,2026
28,Julius Randle,31,MIN,PF,44,44,33.7,7.8,15.8,.491,1.6,4.7,.333,6.2,11.1,.559,.541,5.3,6.6,.807,1.7,5.3,7.0,5.4,1.1,0.2,2.5,2.7,22.4,,2026
29,Franz Wagner,24,ORL,SF,26,26,32.8,7.6,15.8,.482,1.5,4.1,.368,6.1,11.7,.521,.529,5.5,6.6,.826,1.6,4.5,6.1,3.6,1.1,0.3,1.8,2.3,22.2,,2026
30,Trey Murphy III,25,NOP,SF,42,42,35.7,7.8,15.8,.492,3.1,8.1,.383,4.6,7.6,.607,.590,3.4,3.8,.899,1.1,4.9,6.0,3.6,1.5,0.3,2.0,2.2,22.0,,2026
31,Tyler Herro,26,MIA,SG,11,10,31.7,8.2,16.5,.497,2.2,6.1,.358,6.0,10.4,.579,.564,3.4,3.7,.902,0.5,4.2,4.7,2.7,1.0,0.5,1.5,2.0,21.9,,2026
32,Zion Williamson,25,NOP,PF,30,23,28.8,8.1,14.0,.582,0.0,0.1,.000,8.1,13.9,.587,.582,5.6,8.0,.701,2.2,3.5,5.7,3.4,1.1,0.6,2.4,2.3,21.9,,2026
33,Brandon Ingram,28,TOR,SF,44,44,34.0,8.1,17.2,.471,1.8,5.0,.365,6.3,12.2,.514,.524,3.8,4.5,.838,0.8,5.1,5.9,3.8,0.8,0.8,2.7,2.0,21.8,,2026
34,Shaedon Sharpe,22,POR,SG,40,34,30.0,8.1,17.9,.454,2.0,6.1,.335,6.1,11.9,.515,.510,3.5,4.5,.777,1.2,3.4,4.5,2.6,1.5,0.1,3.0,2.1,21.8,,2026
35,Alperen Şengün,23,HOU,C,34,34,34.2,8.4,16.4,.511,0.6,2.2,.297,7.7,14.2,.543,.530,4.1,5.8,.707,2.9,6.4,9.3,6.4,1.4,1.0,3.3,3.3,21.5,,2026
36,Paolo Banchero,23,ORL,PF,32,32,33.9,7.1,15.8,.452,1.0,3.7,.269,6.1,12.0,.509,.484,5.7,7.4,.761,1.0,7.8,8.8,5.0,0.7,0.7,2.9,2.2,20.9,,2026
37,Karl-Anthony Towns,30,NYK,C,41,41,32.0,6.8,14.5,.469,1.7,4.7,.363,5.1,9.8,.520,.528,5.5,6.4,.860,3.0,8.6,11.5,3.0,0.9,0.7,2.6,3.6,20.8,,2026
38,Nickeil Alexander-Walker,27,ATL,SG,44,37,32.9,7.0,15.8,.444,3.1,8.2,.379,3.9,7.6,.513,.542,3.4,3.9,.871,0.6,3.0,3.6,3.5,1.1,0.6,2.0,2.1,20.5,,2026
39,Dillon Brooks,30,PHO,SF,38,38,30.8,7.5,16.9,.441,2.5,7.1,.347,5.0,9.8,.509,.514,3.1,3.6,.853,0.7,2.7,3.4,1.7,1.1,0.1,1.9,3.4,20.5,,2026
40,Anthony Davis,32,DAL,PF,20,20,31.3,8.5,16.7,.506,0.5,1.9,.270,8.0,14.9,.535,.521,3.0,4.1,.728,3.1,8.0,11.1,2.8,1.1,1.7,2.1,2.1,20.4,,2026
41,De'Aaron Fox,28,SAS,PG,35,35,32.5,7.5,15.8,.472,2.0,5.9,.341,5.4,9.9,.551,.536,3.2,4.1,.796,0.7,3.4,4.1,6.0,1.3,0.3,2.5,2.3,20.2,,2026
42,Jimmy Butler,36,GSW,SF,38,38,31.1,6.3,12.2,.519,0.8,2.2,.376,5.5,9.9,.552,.554,6.5,7.6,.864,2.3,3.2,5.6,4.9,1.4,0.2,1.6,1.2,20.0,,2026
43,Brandon Miller,23,CHO,SF,27,27,30.1,7.0,16.8,.416,2.9,8.1,.358,4.1,8.7,.470,.502,3.1,3.7,.840,1.0,3.2,4.3,3.4,1.0,1.0,2.6,2.9,20.0,,2026
44,Jerami Grant,31,POR,PF,28,14,29.8,5.9,13.5,.438,2.5,6.3,.394,3.5,7.3,.475,.529,5.6,6.5,.857,1.1,2.8,3.9,2.6,0.7,0.6,2.1,2.9,19.9,,2026
45,Scottie Barnes,24,TOR,PF,45,45,34.6,7.7,15.4,.504,1.0,3.2,.319,6.7,12.2,.552,.537,3.3,4.0,.828,2.2,6.1,8.2,5.6,1.4,1.3,2.6,2.8,19.8,,2026
46,Zach LaVine,30,SAC,SG,33,32,32.5,7.0,14.3,.486,2.7,6.8,.399,4.3,7.6,.564,.580,3.1,3.6,.866,0.2,2.7,2.8,2.4,0.7,0.3,2.0,2.2,19.8,,2026
47,RJ Barrett,25,TOR,SF,23,23,30.3,7.3,14.7,.496,1.9,5.4,.355,5.4,9.3,.577,.560,3.1,4.5,.689,0.8,4.3,5.0,3.7,0.8,0.2,1.6,2.4,19.6,,2026
48,Ja Morant,26,MEM,PG,20,20,28.5,6.6,16.1,.410,1.0,4.3,.235,5.6,11.9,.473,.441,5.3,5.9,.897,0.4,2.9,3.3,8.1,1.0,0.3,3.6,2.0,19.5,,2026
49,LaMelo Ball,24,CHO,PG,34,31,27.3,6.8,16.8,.405,3.3,9.3,.359,3.5,7.5,.461,.504,2.5,2.8,.884,0.9,4.1,5.0,7.6,1.2,0.2,3.2,2.7,19.4,,2026
50,Trae Young,27,ATL,PG,10,10,28.0,5.6,13.5,.415,1.8,5.9,.305,3.8,7.6,.500,.481,6.3,7.3,.863,0.0,1.5,1.5,8.9,1.0,0.1,2.6,2.0,19.3,,2026
51,Josh Giddey,23,CHI,PG,30,30,32.8,6.7,14.3,.466,1.9,4.8,.386,4.8,9.5,.507,.531,4.0,5.3,.761,1.2,7.8,8.9,9.0,0.9,0.4,3.6,1.8,19.2,,2026
52,Kon Knueppel,20,CHO,SF,43,42,32.3,6.7,13.7,.484,3.4,7.9,.428,3.3,5.9,.560,.607,2.4,2.7,.897,1.2,4.2,5.4,3.5,0.7,0.2,2.2,2.3,19.1,,2026
53,Desmond Bane,27,ORL,SG,42,42,33.9,6.9,15.3,.449,1.6,4.9,.333,5.2,10.4,.503,.502,3.5,3.8,.930,1.3,3.2,4.5,4.5,0.8,0.5,2.2,3.0,18.9,,2026
54,Miles Bridges,27,CHO,PF,43,43,32.9,6.7,15.0,.445,2.3,6.7,.334,4.4,8.3,.535,.520,3.3,3.9,.843,1.0,5.2,6.2,3.5,0.5,0.5,1.4,1.8,18.9,,2026
55,DeMar DeRozan,36,SAC,PF,45,45,33.6,6.7,13.3,.506,0.8,2.1,.358,6.0,11.2,.534,.534,4.6,5.3,.874,0.5,2.7,3.3,4.0,1.4,0.2,1.1,2.1,18.8,,2026
56,Cooper Flagg,19,DAL,SF,41,41,33.9,7.2,15.0,.478,1.0,3.4,.286,6.2,11.6,.535,.511,3.5,4.3,.807,1.1,5.1,6.3,4.1,1.3,0.8,2.2,2.3,18.8,,2026
57,Jaren Jackson Jr.,26,MEM,C,40,40,30.5,7.0,14.5,.482,1.7,4.6,.368,5.3,9.9,.534,.540,3.1,4.0,.770,0.9,4.7,5.5,1.9,0.9,1.5,2.3,3.8,18.7,,2026
58,CJ McCollum,34,2TM,PG,41,36,30.2,6.8,15.1,.447,2.5,6.8,.374,4.2,8.3,.506,.531,2.4,3.1,.775,0.6,2.7,3.4,3.7,0.7,0.3,1.6,2.0,18.5,,2026
58,CJ McCollum,34,WAS,SG,35,35,30.9,6.9,15.1,.454,2.7,7.0,.393,4.1,8.1,.505,.544,2.3,2.9,.804,0.7,2.9,3.5,3.6,0.7,0.3,1.7,2.1,18.8,,2026
58,CJ McCollum,34,ATL,PG,6,1,26.2,6.2,15.2,.407,1.3,5.7,.235,4.8,9.5,.509,.451,3.0,4.5,.667,0.5,1.8,2.3,4.0,0.8,0.8,1.5,1.7,16.7,,2026
59,Amen Thompson,23,HOU,PG,41,41,37.2,7.1,14.0,.512,0.4,2.0,.195,6.8,12.0,.565,.526,3.8,4.8,.797,2.8,4.9,7.7,5.1,1.3,0.6,2.6,2.3,18.5,,2026
60,Coby White,25,CHI,SG,22,19,28.5,6.1,13.3,.459,2.5,6.9,.355,3.6,6.4,.571,.551,3.9,5.0,.789,0.3,3.3,3.5,4.6,0.8,0.1,3.0,2.3,18.5,,2026
61,Darius Garland,26,CLE,PG,26,26,30.5,6.5,14.5,.451,2.3,6.3,.360,4.3,8.2,.521,.529,2.6,3.0,.861,0.5,2.0,2.4,6.9,0.8,0.1,2.8,1.8,18.0,,2026
62,Aaron Gordon,30,DEN,PF,21,18,28.2,6.2,12.0,.516,1.9,4.6,.412,4.3,7.4,.581,.595,3.7,4.7,.778,1.4,4.8,6.2,2.4,0.6,0.2,1.1,1.7,18.0,,2026
63,Jalen Duren,22,DET,C,35,35,28.3,7.0,11.1,.630,0.0,0.0,,7.0,11.1,.630,.630,3.8,5.3,.717,4.0,6.9,10.9,1.8,0.9,0.9,2.1,3.1,17.8,,2026
64,Chet Holmgren,23,OKC,PF,39,39,29.1,6.7,11.7,.572,1.4,3.6,.380,5.3,8.1,.658,.631,3.0,3.9,.765,1.8,6.6,8.4,1.6,0.6,2.0,1.7,2.7,17.8,,2026
65,Bennedict Mathurin,23,IND,SF,24,24,32.2,5.6,13.2,.423,2.2,6.0,.366,3.4,7.2,.471,.506,4.4,5.0,.876,0.8,4.7,5.5,2.2,0.7,0.2,2.4,2.9,17.8,,2026
66,Evan Mobley,24,CLE,PF,39,37,33.3,6.8,13.2,.516,1.2,3.7,.317,5.6,9.5,.593,.560,2.9,4.6,.637,2.3,6.4,8.7,4.1,1.0,1.9,2.2,2.6,17.7,,2026
67,Derrick White,31,BOS,SG,42,42,34.1,6.0,15.5,.391,2.9,9.1,.323,3.1,6.4,.489,.486,2.6,2.9,.886,1.0,3.6,4.6,5.4,1.3,1.5,1.8,1.7,17.6,,2026
68,Andrew Nembhard,26,IND,PG,35,35,31.9,6.1,13.7,.445,1.8,5.1,.356,4.3,8.6,.497,.510,3.4,4.2,.816,0.4,2.2,2.7,7.1,0.9,0.1,2.3,2.2,17.4,,2026
69,Bam Adebayo,28,MIA,C,36,36,30.8,6.2,14.0,.445,1.5,4.3,.359,4.7,9.7,.483,.500,3.2,4.2,.768,1.9,7.7,9.6,2.8,0.9,0.8,1.8,1.7,17.2,,2026
70,Alex Sarr,20,WAS,C,33,33,27.8,6.9,13.7,.506,1.0,2.8,.348,6.0,10.9,.546,.541,2.4,3.4,.699,2.1,5.3,7.4,2.8,0.8,2.2,1.8,2.0,17.2,,2026
71,Kristaps Porziņģis,30,ATL,C,17,12,24.3,5.6,12.4,.457,1.8,5.1,.360,3.8,7.3,.524,.531,4.0,4.8,.840,1.2,3.9,5.1,2.7,0.5,1.3,0.9,3.2,17.1,,2026
72,Nikola Vučević,35,CHI,C,42,42,30.7,7.0,13.9,.508,1.7,4.7,.371,5.3,9.2,.578,.570,1.2,1.5,.803,2.2,7.0,9.1,3.8,0.7,0.6,1.4,2.0,17.0,,2026
73,Stephon Castle,21,SAS,PG,35,35,30.8,5.7,12.5,.454,1.1,4.0,.281,4.6,8.5,.535,.499,4.5,6.2,.722,1.1,3.9,5.0,7.0,1.3,0.3,3.6,3.5,16.9,,2026
74,Immanuel Quickley,26,TOR,PG,43,43,32.5,5.8,13.4,.435,2.5,7.1,.359,3.3,6.3,.520,.530,2.7,3.4,.814,0.6,3.6,4.2,6.3,1.2,0.1,1.7,2.0,16.9,,2026
75,Kevin Porter Jr.,25,MIL,PG,23,22,33.6,5.8,13.0,.443,1.7,4.6,.358,4.1,8.4,.490,.507,3.6,4.2,.845,0.7,4.3,5.0,7.4,2.1,0.4,3.3,2.1,16.8,,2026
76,Jalen Williams,24,OKC,SG,24,24,29.6,6.6,14.0,.470,0.8,2.5,.300,5.8,11.5,.507,.497,2.9,3.5,.833,0.7,4.1,4.8,5.6,1.3,0.4,2.0,2.1,16.8,,2026
77,Cam Thomas,24,BRK,SG,19,8,24.6,5.4,13.6,.399,1.7,5.1,.340,3.7,8.5,.435,.463,4.1,4.7,.856,0.3,1.4,1.7,3.1,0.2,0.1,1.8,1.5,16.6,,2026
78,Payton Pritchard,28,BOS,PG,42,42,32.7,6.1,13.7,.447,2.5,7.3,.337,3.7,6.5,.572,.536,1.7,2.0,.867,1.0,3.4,4.4,5.4,0.9,0.1,1.1,1.5,16.5,,2026
79,Grayson Allen,30,PHO,SG,27,19,29.4,5.4,13.1,.416,3.4,9.0,.379,2.0,4.1,.500,.547,2.0,2.3,.841,0.7,2.3,2.9,3.8,1.5,0.3,1.6,2.4,16.3,,2026
80,Onyeka Okongwu,25,ATL,C,44,33,32.0,6.0,12.5,.481,2.0,5.4,.364,4.0,7.1,.571,.560,2.1,2.7,.775,2.0,6.0,8.0,3.3,1.2,1.0,2.0,3.6,16.1,,2026
81,Ryan Rollins,23,MIL,PG,43,38,31.5,6.1,13.3,.461,2.2,5.7,.392,3.9,7.6,.512,.545,1.6,2.0,.761,0.8,3.7,4.5,5.5,1.5,0.4,2.3,2.9,16.0,,2026
82,Anthony Black,22,ORL,PG,42,22,30.6,5.7,12.3,.467,1.6,4.5,.358,4.1,7.8,.531,.533,2.8,3.9,.728,0.8,3.3,4.1,4.0,1.3,0.6,2.4,2.7,15.9,,2026
83,Paul George,35,PHI,PF,23,23,29.8,5.4,13.0,.418,2.3,6.3,.370,3.1,6.7,.464,.508,2.7,3.1,.859,0.6,4.7,5.2,3.7,1.3,0.5,1.7,2.1,15.9,,2026
84,Andrew Wiggins,30,MIA,SF,40,40,31.6,6.1,13.1,.467,1.9,4.8,.399,4.2,8.2,.508,.541,1.8,2.3,.780,1.8,3.1,4.9,2.8,1.2,1.0,1.7,2.4,15.9,,2026
85,Mikal Bridges,29,NYK,SF,44,44,34.7,6.3,12.6,.504,2.3,5.6,.399,4.1,7.0,.588,.593,0.8,1.1,.787,1.1,3.3,4.5,4.2,1.6,0.9,1.0,1.9,15.8,,2026
86,VJ Edgecombe,20,PHI,SG,38,38,35.8,5.9,13.7,.429,2.2,5.8,.374,3.7,7.8,.470,.509,1.9,2.5,.766,1.7,3.6,5.3,4.2,1.5,0.5,1.9,3.2,15.8,,2026
87,Jaime Jaquez Jr.,24,MIA,SF,39,1,28.8,6.3,12.1,.522,0.5,1.7,.279,5.8,10.4,.563,.542,2.5,3.4,.740,1.3,3.9,5.2,4.7,0.8,0.2,2.2,2.0,15.6,,2026
88,Russell Westbrook,37,SAC,SF,45,39,29.8,5.8,13.1,.439,2.0,5.7,.353,3.7,7.4,.506,.516,2.0,3.0,.692,1.4,4.7,6.1,6.9,1.4,0.2,3.4,2.5,15.6,,2026
89,OG Anunoby,28,NYK,PF,34,34,32.7,5.3,11.8,.453,1.9,5.5,.339,3.5,6.3,.551,.531,3.0,3.7,.803,1.4,4.1,5.5,2.2,1.7,0.7,2.1,2.6,15.5,,2026
90,Kyshawn George,22,WAS,SF,33,33,31.2,5.6,12.2,.464,2.2,5.5,.399,3.4,6.6,.518,.555,2.0,2.6,.756,0.9,4.6,5.6,4.9,1.1,0.9,3.1,4.1,15.5,,2026
91,Jabari Smith Jr.,22,HOU,PF,40,40,34.9,5.6,12.9,.432,2.3,6.3,.356,3.3,6.6,.506,.519,2.1,2.8,.739,1.6,5.3,6.9,1.8,0.7,0.9,1.3,2.7,15.5,,2026
92,Domantas Sabonis,29,SAC,C,14,11,30.2,6.0,11.6,.519,0.3,1.6,.174,5.7,9.9,.576,.531,3.1,4.4,.721,2.9,8.4,11.4,3.6,1.0,0.2,2.7,3.6,15.4,,2026
93,Saddiq Bey,26,NOP,SF,39,31,29.8,5.3,11.9,.442,1.6,5.0,.320,3.7,6.9,.530,.509,3.1,3.8,.823,1.6,4.0,5.6,2.2,0.9,0.1,0.6,1.1,15.2,,2026
94,Jrue Holiday,35,POR,PG,16,14,29.9,5.6,12.8,.436,2.3,6.6,.349,3.3,6.1,.531,.527,1.6,2.0,.813,1.3,3.8,5.0,7.1,1.4,0.2,2.6,1.7,15.1,,2026
95,Matas Buzelis,21,CHI,PF,43,43,27.9,5.4,11.3,.479,1.8,5.2,.353,3.6,6.1,.588,.561,2.3,3.0,.773,1.1,4.0,5.1,1.9,0.7,1.4,1.7,2.5,15.0,,2026
96,Jaden McDaniels,25,MIN,PF,42,42,32.2,5.7,11.1,.513,1.4,3.4,.408,4.3,7.8,.558,.575,2.2,2.7,.839,1.2,3.4,4.5,2.9,1.1,1.0,1.7,3.4,15.0,,2026
97,Jalen Suggs,24,ORL,PG,23,23,25.4,5.3,11.2,.471,1.9,5.8,.331,3.3,5.4,.621,.556,2.6,3.0,.857,0.7,2.9,3.7,4.7,1.9,0.5,2.7,3.0,15.0,,2026
98,Devin Vassell,25,SAS,SG,32,32,31.9,5.3,12.4,.422,2.7,7.0,.379,2.6,5.4,.477,.529,1.8,2.1,.868,0.5,3.6,4.0,2.4,0.9,0.5,0.9,2.0,15.0,,2026
99,Jordan Poole,26,NOP,PG,27,6,25.9,4.6,12.2,.373,2.6,7.6,.338,2.0,4.7,.429,.477,3.1,3.6,.876,0.2,1.5,1.7,3.1,0.7,0.3,1.9,2.4,14.8,,2026
100,Collin Sexton,27,CHO,SG,35,12,23.3,5.0,10.3,.486,1.3,3.4,.370,3.8,6.9,.543,.547,3.5,4.0,.871,0.5,1.6,2.0,4.0,0.8,0.1,2.2,1.8,14.8,,2026
101,Ivica Zubac,28,LAC,C,37,36,31.2,6.3,10.5,.605,0.0,0.0,,6.3,10.5,.605,.605,2.1,2.9,.722,3.5,7.4,10.8,2.4,0.4,0.9,2.0,2.4,14.8,,2026
102,Ayo Dosunmu,26,CHI,SG,37,7,26.1,5.4,10.4,.518,1.9,4.2,.461,3.5,6.3,.556,.610,1.9,2.2,.864,0.6,2.0,2.6,3.6,0.8,0.3,1.2,1.7,14.6,,2026
103,Keegan Murray,25,SAC,PF,19,18,35.9,5.8,13.6,.429,1.3,4.8,.272,4.5,8.8,.515,.477,1.6,2.0,.789,1.6,4.5,6.1,1.5,1.2,1.6,1.2,1.9,14.6,,2026
104,P.J. Washington,27,DAL,PF,31,31,31.4,5.5,12.1,.455,1.3,4.2,.310,4.2,7.9,.531,.508,2.4,3.5,.685,1.4,6.0,7.4,1.9,1.0,1.4,2.2,2.3,14.6,,2026
105,Naz Reid,26,MIN,C,44,2,26.2,5.4,11.5,.469,2.4,6.3,.388,3.0,5.3,.567,.575,1.2,1.6,.783,1.2,5.0,6.2,2.4,0.9,0.8,1.5,2.5,14.5,,2026
106,Walker Kessler,24,UTA,C,5,5,30.8,5.2,7.4,.703,1.2,1.6,.750,4.0,5.8,.690,.784,2.8,4.0,.700,4.6,6.2,10.8,3.0,1.4,1.8,3.2,4.4,14.4,,2026
107,Jalen Green,23,PHO,SG,3,2,16.7,5.0,11.3,.441,2.7,6.0,.444,2.3,5.3,.438,.559,1.7,2.3,.714,0.7,1.3,2.0,2.3,0.7,0.0,1.3,1.0,14.3,,2026
108,Naji Marshall,28,DAL,SF,44,21,28.9,5.2,9.7,.540,0.9,2.9,.305,4.3,6.8,.641,.586,2.8,3.6,.781,0.8,3.9,4.7,2.9,1.1,0.1,1.3,2.0,14.2,,2026
109,Cedric Coward,22,MEM,SG,39,26,26.6,5.1,10.7,.474,1.6,4.5,.345,3.5,6.2,.568,.547,2.3,2.7,.850,1.5,5.0,6.5,2.8,0.6,0.4,1.7,2.0,14.1,,2026
110,Ajay Mitchell,23,OKC,SG,43,9,26.3,5.2,10.6,.487,1.1,3.2,.350,4.0,7.4,.545,.539,2.7,3.0,.870,0.7,2.8,3.5,3.7,1.4,0.3,1.6,2.2,14.1,,2026
111,Kelly Oubre Jr.,30,PHI,SF,20,15,31.9,5.2,10.9,.475,1.8,5.0,.364,3.4,5.9,.568,.558,2.0,2.6,.750,1.0,3.6,4.6,1.3,1.2,0.8,1.4,2.6,14.1,,2026
112,Santi Aldama,25,MEM,PF,41,9,28.0,5.3,11.1,.478,1.6,4.7,.349,3.7,6.4,.573,.552,1.8,2.6,.673,1.5,5.1,6.7,3.0,0.9,0.7,1.3,1.6,14.0,,2026
113,Obi Toppin,27,IND,PF,3,0,27.3,5.0,12.0,.417,1.0,5.7,.176,4.0,6.3,.632,.458,3.0,3.0,1.000,1.0,5.7,6.7,1.7,1.0,0.0,2.0,2.3,14.0,,2026
114,Peyton Watson,23,DEN,SF,42,32,29.7,5.1,10.1,.504,1.4,3.4,.403,3.7,6.6,.556,.572,2.5,3.4,.730,0.9,4.1,5.0,1.8,1.0,1.0,1.7,2.5,14.0,,2026
115,Deandre Ayton,27,LAL,C,37,37,29.1,6.4,9.4,.685,0.0,0.0,,6.4,9.4,.685,.685,1.1,1.8,.636,2.5,6.3,8.8,0.9,0.7,1.0,1.5,2.4,13.9,,2026
116,Jeremiah Fears,19,NOP,PG,46,44,26.4,5.3,12.1,.435,1.0,3.2,.320,4.2,8.9,.477,.478,2.3,2.9,.806,0.8,3.0,3.7,3.1,1.2,0.2,2.3,1.8,13.9,,2026
117,Tim Hardaway Jr.,33,DEN,SG,43,5,27.4,4.6,10.1,.452,2.8,7.0,.401,1.7,3.1,.568,.591,2.0,2.2,.896,0.2,2.1,2.3,1.4,0.5,0.2,0.4,1.3,13.9,,2026
118,De'Andre Hunter,28,CLE,SF,40,23,26.6,4.7,11.1,.422,1.7,5.5,.306,3.0,5.6,.536,.498,2.9,3.3,.877,0.7,3.7,4.4,2.2,0.7,0.2,1.7,2.6,13.9,,2026
119,Anfernee Simons,26,BOS,SG,43,0,24.2,4.9,11.2,.439,2.6,6.5,.400,2.3,4.7,.493,.555,1.4,1.6,.896,0.5,1.9,2.4,2.4,0.5,0.1,1.1,1.6,13.9,,2026
120,Quentin Grimes,25,PHI,SG,40,7,31.2,4.4,10.1,.433,2.1,5.9,.355,2.3,4.3,.541,.536,2.9,3.4,.860,0.7,3.3,4.0,3.7,1.0,0.5,2.1,2.1,13.8,,2026
121,Sam Merrill,29,CLE,SG,24,15,25.8,4.5,9.6,.470,3.5,7.8,.455,1.0,1.8,.535,.654,1.3,1.4,.882,0.7,1.7,2.4,2.3,0.7,0.1,0.9,2.8,13.8,,2026
122,Zach Edey,23,MEM,C,11,11,25.8,5.6,8.9,.633,0.1,0.5,.200,5.5,8.5,.656,.638,2.3,2.9,.781,3.9,7.2,11.1,1.1,0.6,1.9,2.4,3.4,13.6,,2026
123,Tobias Harris,33,DET,PF,27,27,27.5,5.0,10.9,.461,1.4,4.1,.336,3.6,6.8,.536,.524,2.2,2.6,.857,1.0,3.7,4.7,2.5,0.7,0.3,1.1,2.0,13.6,,2026
124,Jarrett Allen,27,CLE,C,33,33,26.9,5.3,8.9,.592,0.0,0.2,.143,5.2,8.7,.603,.594,2.9,3.8,.762,2.2,5.7,7.9,2.0,0.9,0.8,1.5,1.8,13.5,,2026
125,Jaylon Tyson,23,CLE,SG,40,25,27.5,5.2,10.1,.515,2.0,4.4,.455,3.2,5.7,.562,.614,1.2,1.6,.746,2.0,3.4,5.5,2.1,1.0,0.5,1.5,2.9,13.5,,2026
126,Collin Gillespie,26,PHO,PG,44,25,28.1,4.7,10.6,.443,2.9,6.9,.422,1.8,3.7,.481,.581,1.1,1.3,.845,1.0,3.1,4.1,4.8,1.4,0.3,1.7,1.5,13.4,,2026
127,John Collins,28,LAC,PF,40,31,27.4,5.1,9.2,.556,1.4,3.2,.430,3.8,6.0,.622,.630,1.6,2.0,.802,1.4,3.5,4.9,0.8,0.9,0.9,1.4,2.7,13.3,,2026
128,Keldon Johnson,26,SAS,SF,44,0,23.8,5.0,8.9,.560,1.3,3.0,.410,3.7,5.8,.638,.630,2.1,2.6,.784,1.9,4.2,6.1,1.3,0.7,0.1,1.0,1.9,13.3,,2026
129,Donte DiVincenzo,29,MIN,SG,44,44,31.8,4.5,10.8,.414,3.0,8.1,.375,1.4,2.6,.534,.556,1.3,1.7,.767,1.0,3.6,4.6,4.3,1.3,0.5,1.4,2.5,13.2,,2026
130,Bobby Portis,30,MIL,PF,43,6,23.6,5.3,10.7,.490,2.0,4.2,.467,3.3,6.5,.505,.581,0.7,0.9,.750,1.3,5.1,6.4,1.5,0.6,0.2,1.0,1.7,13.2,,2026
131,Noah Clowney,21,BRK,PF,42,36,28.4,4.0,10.2,.389,2.1,6.5,.320,1.9,3.7,.510,.491,3.0,3.8,.800,1.0,3.2,4.1,1.9,0.8,0.8,1.7,2.7,13.1,,2026
132,Miles McBride,25,NYK,SG,33,14,28.0,4.5,10.3,.441,3.0,6.9,.437,1.5,3.4,.450,.588,1.0,1.2,.846,0.7,2.0,2.7,2.8,0.8,0.2,0.8,1.8,13.1,,2026
133,Aaron Nesmith,26,IND,SF,24,21,30.2,4.3,12.1,.352,2.4,7.0,.341,1.9,5.1,.366,.450,2.3,2.8,.806,1.5,3.7,5.2,2.1,0.7,0.6,1.4,2.8,13.1,,2026
134,Reed Sheppard,21,HOU,SG,41,4,25.0,4.8,10.8,.444,2.5,6.2,.409,2.2,4.6,.492,.562,0.9,1.1,.761,0.3,2.2,2.6,3.2,1.4,0.5,1.1,2.0,13.0,,2026
135,Toumani Camara,25,POR,PF,44,44,33.8,4.6,10.7,.427,2.5,7.1,.347,2.1,3.6,.586,.542,1.3,1.8,.709,1.7,3.3,5.0,2.6,1.0,0.5,2.0,3.3,12.9,,2026
136,Max Christie,22,DAL,SG,40,31,29.1,4.4,9.0,.487,2.5,5.5,.459,1.9,3.5,.532,.628,1.6,1.9,.851,0.2,3.3,3.5,2.2,0.5,0.4,1.1,1.5,12.9,,2026
137,Nic Claxton,26,BRK,C,40,39,29.6,5.1,8.8,.583,0.1,0.3,.167,5.1,8.5,.598,.586,2.4,3.7,.642,2.6,4.9,7.5,4.0,0.7,1.4,1.5,2.2,12.6,,2026
138,Wendell Carter Jr.,26,ORL,C,40,40,30.3,4.4,8.6,.512,1.2,3.4,.360,3.2,5.2,.611,.583,2.5,3.2,.766,2.4,5.3,7.7,2.2,0.7,0.8,1.3,3.7,12.5,,2026
139,Kyle Kuzma,30,MIL,PF,41,17,26.0,4.7,9.6,.495,0.9,2.9,.314,3.8,6.7,.573,.542,2.1,2.8,.750,0.9,3.6,4.5,2.1,0.6,0.5,1.5,2.2,12.5,,2026
140,Derik Queen,21,NOP,C,45,33,26.0,4.8,9.8,.494,0.2,0.9,.190,4.7,8.9,.526,.503,2.6,3.3,.780,1.7,5.7,7.4,4.4,1.0,0.9,2.5,2.8,12.5,,2026
141,Dennis Schröder,32,SAC,PG,35,12,26.3,4.3,10.4,.411,1.4,4.1,.336,2.9,6.3,.459,.477,2.6,3.2,.805,0.5,2.6,3.1,5.5,0.8,0.1,1.9,1.7,12.5,,2026
142,Tre Johnson,19,WAS,SG,35,17,24.7,4.5,10.1,.446,2.1,5.3,.391,2.5,4.9,.506,.548,1.3,1.5,.885,0.5,2.4,2.8,2.0,0.7,0.3,1.5,1.8,12.4,,2026
143,Tre Jones,26,CHI,PG,37,20,26.8,4.4,8.0,.546,0.5,1.7,.323,3.8,6.3,.605,.580,3.1,3.7,.853,0.6,2.3,3.0,5.8,1.3,0.2,1.4,1.4,12.4,,2026
144,Brandin Podziemski,22,GSW,SG,45,13,26.7,4.4,9.3,.468,1.8,4.6,.401,2.5,4.7,.533,.567,1.7,2.3,.740,0.6,3.8,4.4,3.2,1.1,0.2,1.4,1.9,12.3,,2026
145,Jonathan Kuminga,23,GSW,PF,19,13,24.6,4.5,10.1,.445,0.9,2.8,.321,3.6,7.3,.493,.490,2.4,3.3,.726,1.5,4.6,6.1,2.5,0.3,0.3,2.4,1.7,12.2,,2026
146,Malik Monk,27,SAC,SG,37,0,22.1,4.4,9.8,.446,1.9,4.6,.421,2.4,5.2,.469,.545,1.5,1.7,.859,0.3,1.8,2.1,2.4,0.6,0.4,1.4,1.6,12.2,,2026
147,Duncan Robinson,31,DET,SF,40,40,28.9,4.1,9.2,.442,3.0,7.3,.407,1.1,2.0,.570,.602,1.1,1.5,.746,0.4,2.4,2.8,1.9,0.7,0.4,0.7,2.2,12.2,,2026
148,Myles Turner,29,MIL,C,41,41,28.3,4.0,9.4,.421,2.2,5.8,.390,1.7,3.7,.470,.540,2.0,2.7,.757,1.2,4.2,5.3,1.6,0.6,1.5,1.0,2.6,12.2,,2026
149,Mark Williams,24,PHO,C,39,35,23.9,4.7,7.2,.659,0.0,0.0,1.000,4.7,7.1,.658,.661,2.7,3.4,.784,3.2,5.1,8.3,1.0,1.1,1.0,1.2,2.3,12.2,,2026
150,Brandon Williams,26,DAL,PG,38,11,22.1,4.2,9.4,.448,0.5,2.6,.196,3.7,6.9,.542,.475,3.1,3.9,.785,0.6,2.3,2.8,3.7,1.1,0.2,1.9,1.7,12.1,,2026
151,Rui Hachimura,27,LAL,PF,32,27,30.7,4.7,9.3,.503,1.7,4.0,.426,3.0,5.3,.562,.596,0.9,1.2,.763,0.8,2.7,3.5,0.8,0.6,0.3,0.8,1.8,12.0,,2026
152,Josh Hart,30,NYK,SF,33,19,30.3,4.5,9.1,.498,1.6,3.9,.400,2.9,5.1,.574,.585,1.4,1.7,.789,1.6,6.1,7.7,5.1,1.2,0.3,2.2,2.6,12.0,,2026
153,Klay Thompson,35,DAL,SF,41,8,22.1,4.2,10.9,.390,3.0,7.8,.380,1.3,3.0,.416,.527,0.6,0.8,.742,0.3,2.2,2.4,1.5,0.4,0.4,0.8,1.0,12.0,,2026
154,Jaylen Wells,22,MEM,SG,42,42,27.0,4.1,10.1,.402,1.7,5.3,.326,2.4,4.9,.485,.487,2.0,2.6,.780,0.9,2.5,3.5,1.7,0.9,0.1,1.1,2.0,11.9,,2026
155,Cam Spencer,25,MEM,SG,41,10,23.7,3.8,8.0,.476,2.3,5.0,.458,1.6,3.1,.504,.617,1.9,2.0,.927,0.5,2.2,2.7,5.4,0.7,0.0,1.5,1.5,11.8,,2026
156,Tari Eason,24,HOU,PF,22,9,23.5,4.5,9.3,.478,2.0,4.4,.469,2.4,5.0,.486,.588,0.7,1.1,.640,1.9,4.0,6.0,1.5,1.1,0.6,1.7,2.0,11.7,,2026
157,Cameron Johnson,29,DEN,SF,28,28,30.6,4.0,8.8,.461,1.9,4.5,.429,2.1,4.3,.496,.571,1.7,2.1,.810,0.7,2.9,3.6,2.4,0.6,0.3,1.0,2.3,11.7,,2026
158,Brice Sensabaugh,22,UTA,SF,41,9,20.9,4.1,9.1,.456,1.6,5.0,.328,2.5,4.1,.609,.546,1.8,2.0,.869,0.9,2.1,3.0,1.5,0.7,0.1,1.2,1.8,11.7,,2026
159,Julian Champagnie,24,SAS,SF,44,30,28.5,3.7,8.8,.423,2.5,6.8,.374,1.2,2.1,.582,.566,1.6,2.0,.826,1.0,5.3,6.3,1.5,0.9,0.4,1.0,1.6,11.6,,2026
160,Dyson Daniels,22,ATL,SG,44,44,34.1,5.2,10.4,.496,0.2,1.5,.109,5.0,9.0,.558,.503,1.2,1.9,.622,2.2,4.5,6.7,6.2,1.9,0.5,2.1,2.2,11.6,,2026
161,Kel'el Ware,21,MIA,C,43,27,23.8,4.6,8.5,.540,1.2,2.9,.415,3.4,5.7,.602,.609,1.2,1.5,.815,3.2,6.6,9.8,0.6,0.9,1.1,1.0,1.6,11.6,,2026
162,Kevin Huerter,27,CHI,SF,38,10,24.2,4.4,9.5,.461,1.6,5.2,.313,2.8,4.3,.640,.547,1.1,1.4,.769,0.5,3.2,3.7,2.6,0.8,0.6,1.2,2.0,11.5,,2026
163,Donovan Clingan,21,POR,C,40,40,27.4,4.3,8.1,.537,0.9,2.9,.310,3.4,5.2,.665,.593,1.8,2.7,.670,4.4,6.5,10.9,1.9,0.5,1.3,1.0,2.4,11.3,,2026
164,Jock Landale,30,MEM,C,40,20,22.9,4.4,8.4,.521,1.1,2.8,.398,3.3,5.6,.583,.588,1.4,2.1,.671,3.0,3.4,6.4,1.7,0.5,0.5,1.0,2.4,11.3,,2026
165,Isaiah Hartenstein,27,OKC,C,24,24,26.9,4.8,7.5,.644,0.0,0.2,.000,4.8,7.3,.659,.644,1.5,2.4,.649,3.4,7.0,10.4,3.0,1.1,0.8,2.1,2.9,11.2,,2026
166,Zaccharie Risacher,20,ATL,SF,36,36,24.6,4.3,9.4,.462,1.6,4.4,.358,2.8,5.0,.553,.546,0.9,1.5,.642,0.9,2.4,3.3,1.4,0.9,0.5,0.9,2.2,11.2,,2026
167,Caleb Love,24,POR,SG,36,1,21.9,4.1,10.4,.391,2.1,6.3,.329,2.0,4.1,.486,.491,0.9,1.2,.744,0.5,2.1,2.7,2.6,0.6,0.1,1.3,1.3,11.1,,2026
168,Rudy Gobert,33,MIN,C,42,42,31.6,4.5,6.3,.718,0.0,0.0,.000,4.5,6.3,.721,.718,1.9,3.8,.497,3.9,7.5,11.4,1.8,0.7,1.7,1.3,2.8,11.0,,2026
169,Harrison Barnes,33,SAS,PF,44,44,28.4,3.8,8.6,.435,1.9,5.2,.364,1.9,3.4,.543,.545,1.5,1.8,.870,0.8,2.2,3.0,2.2,0.8,0.2,1.0,1.3,10.9,,2026
170,Sandro Mamukelashvili,26,TOR,C,44,9,21.8,4.2,7.9,.527,1.3,3.5,.375,2.9,4.4,.646,.610,1.3,1.7,.750,1.5,3.5,5.1,2.0,0.7,0.6,0.8,1.8,10.9,,2026
171,Jusuf Nurkić,31,UTA,C,34,29,26.1,4.4,8.6,.512,0.6,1.6,.364,3.8,6.9,.547,.546,1.5,2.7,.559,2.7,7.5,10.2,4.5,1.4,0.4,2.4,3.3,10.9,,2026
172,Ausar Thompson,23,DET,SF,38,37,26.0,4.4,8.7,.508,0.1,0.5,.263,4.3,8.2,.522,.515,1.9,3.3,.567,2.1,3.8,5.9,2.6,1.7,0.8,1.5,2.9,10.9,,2026
173,De'Anthony Melton,27,GSW,PG,19,0,20.7,3.8,9.1,.419,1.4,4.5,.306,2.4,4.6,.529,.494,1.8,2.2,.829,0.6,2.1,2.7,2.0,1.4,0.5,1.5,2.3,10.7,,2026
174,Moses Moody,23,GSW,SG,43,32,24.4,3.6,8.4,.427,2.2,5.6,.392,1.4,2.9,.496,.556,1.3,1.6,.794,0.8,2.2,3.0,1.5,0.9,0.6,0.9,2.0,10.7,,2026
175,Dylan Harper,19,SAS,SG,34,0,21.5,4.2,9.6,.437,0.6,2.6,.244,3.6,7.0,.511,.471,1.5,2.0,.739,0.7,2.4,3.2,3.6,0.9,0.2,1.4,1.9,10.6,,2026
176,Ace Bailey,19,UTA,SF,37,26,24.3,4.2,9.5,.442,1.4,4.2,.344,2.8,5.3,.518,.517,0.7,0.9,.714,1.5,1.9,3.4,1.6,0.7,0.4,1.3,2.5,10.5,,2026
177,A.J. Green,26,MIL,SG,40,40,29.5,3.4,7.7,.445,3.1,7.0,.437,0.4,0.7,.517,.643,0.6,0.8,.800,0.2,2.4,2.6,2.0,0.6,0.1,0.9,2.5,10.5,,2026
178,Royce O'Neale,32,PHO,SF,44,39,29.3,3.6,8.4,.431,2.9,7.0,.418,0.7,1.5,.492,.604,0.3,0.4,.632,0.7,4.3,5.0,2.9,1.2,0.3,1.5,2.2,10.5,,2026
179,Derrick Jones Jr.,28,LAC,SF,17,13,24.2,3.8,6.9,.556,1.3,3.2,.400,2.5,3.6,.694,.650,1.4,1.8,.774,0.9,1.8,2.6,1.2,0.8,1.1,0.8,2.1,10.4,,2026
180,Neemias Queta,26,BOS,C,41,41,24.9,4.4,6.7,.657,0.0,0.1,.000,4.4,6.6,.667,.657,1.6,2.4,.650,3.0,5.2,8.2,1.3,0.9,1.3,1.0,2.8,10.4,,2026
181,Aaron Wiggins,27,OKC,SG,31,11,23.2,3.9,8.7,.454,1.8,4.7,.390,2.1,4.0,.528,.559,0.7,0.9,.724,0.6,2.8,3.4,1.7,0.8,0.6,1.1,1.5,10.4,,2026
182,Egor Dёmin,19,BRK,PG,37,30,24.6,3.5,8.7,.402,2.4,6.1,.396,1.1,2.6,.417,.542,0.8,1.0,.838,0.5,2.5,3.0,3.4,0.9,0.3,1.7,1.8,10.3,,2026
183,D'Angelo Russell,29,DAL,PG,26,3,19.0,3.6,8.9,.405,1.3,4.3,.295,2.3,4.6,.508,.476,1.7,2.3,.717,0.3,2.0,2.3,4.0,0.5,0.1,1.9,1.2,10.2,,2026
184,Bilal Coulibaly,21,WAS,SG,25,25,26.6,3.3,8.4,.392,1.0,3.5,.273,2.3,4.8,.479,.450,2.6,3.4,.765,0.9,3.8,4.7,2.5,1.4,0.9,1.6,2.9,10.1,,2026
185,Isaiah Stewart,24,DET,C,38,11,23.5,3.8,7.3,.527,0.9,2.4,.355,3.0,4.8,.614,.587,1.5,2.0,.740,1.8,3.8,5.6,1.2,0.3,2.0,1.3,3.0,10.1,,2026
186,Marvin Bagley III,26,WAS,PF,36,7,19.3,4.0,6.4,.619,0.2,0.5,.389,3.8,5.9,.638,.634,1.8,2.6,.710,2.6,3.1,5.7,1.5,0.5,0.7,1.2,2.1,10.0,,2026
187,Maxime Raynaud,22,SAC,C,37,23,23.4,4.3,7.8,.545,0.2,0.8,.300,4.0,7.0,.573,.560,1.2,1.7,.714,1.8,4.8,6.6,1.2,0.4,0.5,1.0,2.6,10.0,,2026
188,Marcus Smart,31,LAL,SG,33,26,28.4,3.2,8.0,.407,1.7,5.1,.327,1.6,2.9,.547,.511,1.8,2.1,.884,0.7,2.5,3.1,2.8,1.4,0.3,1.8,2.8,10.0,,2026
189,Khris Middleton,34,WAS,SF,29,29,24.3,3.7,8.5,.429,0.9,2.8,.325,2.8,5.8,.479,.482,1.6,2.0,.825,1.0,3.1,4.0,3.3,0.8,0.3,1.6,2.7,9.8,,2026
190,Bub Carrington,20,WAS,PG,42,15,28.3,3.4,8.3,.403,2.0,4.8,.414,1.4,3.5,.388,.523,1.0,1.3,.745,0.4,3.5,3.9,4.6,0.5,0.2,2.3,2.4,9.7,,2026
191,Zach Collins,28,CHI,C,10,0,18.4,3.7,6.4,.578,0.9,2.1,.429,2.8,4.3,.651,.648,1.4,2.0,.700,1.6,4.0,5.6,1.5,0.2,0.4,1.0,1.8,9.7,,2026
192,T.J. McConnell,33,IND,PG,32,0,17.2,4.5,8.4,.535,0.3,1.1,.324,4.2,7.3,.566,.556,0.4,0.4,.923,0.4,1.8,2.3,4.9,1.2,0.2,1.3,1.2,9.7,,2026
193,Jakob Poeltl,30,TOR,C,21,21,25.3,4.2,6.0,.693,0.0,0.0,,4.2,6.0,.693,.693,1.3,2.2,.596,2.7,5.0,7.7,2.1,0.8,0.5,1.6,3.1,9.7,,2026
194,Tristan Da Silva,24,ORL,SF,37,13,23.1,3.6,8.1,.443,1.5,4.0,.383,2.1,4.1,.503,.538,0.9,1.0,.842,0.8,2.8,3.6,1.2,0.8,0.2,0.9,1.3,9.6,,2026
195,Isaiah Joe,26,OKC,SG,36,0,19.6,2.9,6.7,.442,2.2,5.4,.408,0.7,1.2,.591,.608,1.4,1.7,.852,0.5,2.1,2.5,1.3,0.5,0.2,0.6,1.7,9.6,,2026
196,Christian Braun,24,DEN,SG,14,14,28.9,3.6,7.9,.459,0.5,2.4,.212,3.1,5.6,.564,.491,1.7,2.3,.750,1.4,2.8,4.2,2.5,0.6,0.4,1.2,2.1,9.5,,2026
197,Jordan Clarkson,33,NYK,SG,44,0,19.5,3.5,8.3,.425,1.3,4.0,.330,2.2,4.3,.513,.504,1.1,1.4,.778,0.8,1.0,1.8,1.3,0.5,0.1,1.1,1.9,9.5,,2026
198,Herbert Jones,27,NOP,SF,23,23,28.3,3.5,8.8,.394,1.4,4.2,.333,2.1,4.7,.449,.473,1.1,1.4,.813,1.1,2.6,3.7,2.3,1.7,0.3,1.3,3.3,9.5,,2026
199,Vit Krejci,25,ATL,PG,42,7,23.4,3.3,7.1,.461,2.4,5.5,.425,0.9,1.5,.594,.628,0.6,0.9,.750,0.5,1.7,2.2,1.6,0.8,0.3,0.7,2.4,9.5,,2026
200,Jake LaRavia,24,LAL,PF,42,21,27.3,3.4,7.4,.463,1.2,3.5,.336,2.3,3.9,.576,.542,1.5,2.0,.759,1.5,2.7,4.2,2.0,1.3,0.4,1.1,2.2,9.5,,2026
201,Pelle Larsson,24,MIA,SG,36,23,23.0,3.4,7.2,.471,0.9,2.9,.317,2.5,4.3,.574,.535,1.8,2.4,.739,0.7,2.1,2.9,3.2,0.6,0.2,0.9,1.9,9.5,,2026
202,Kyle Filipowski,22,UTA,C,43,15,22.5,3.5,7.6,.462,0.8,2.7,.307,2.7,5.0,.545,.515,1.6,2.2,.708,1.6,4.6,6.2,2.1,0.7,0.5,1.2,2.8,9.4,,2026
203,Jalen Smith,25,CHI,C,36,6,19.2,3.4,7.4,.459,1.4,4.1,.347,2.0,3.4,.595,.554,1.2,1.6,.729,2.0,4.9,6.9,1.4,0.4,0.9,0.9,1.9,9.4,,2026
204,Ziaire Williams,24,BRK,SF,31,4,22.5,3.0,7.1,.416,1.6,5.0,.321,1.4,2.1,.646,.529,1.8,2.1,.875,0.5,1.8,2.4,0.6,1.2,0.5,1.0,2.0,9.4,,2026
205,Landry Shamet,28,NYK,SG,19,6,20.2,2.8,6.1,.461,1.9,4.5,.435,0.8,1.6,.533,.622,1.6,2.1,.775,0.4,1.4,1.7,1.1,0.5,0.3,0.4,1.2,9.2,,2026
206,Jarace Walker,22,IND,PF,45,13,23.2,3.1,8.3,.375,1.6,4.3,.359,1.6,4.0,.393,.469,1.5,1.9,.786,0.4,3.8,4.2,1.9,0.7,0.4,1.5,1.6,9.2,,2026
207,Cam Whitmore,21,WAS,SF,21,0,16.9,3.7,8.0,.456,0.8,2.7,.286,2.9,5.4,.540,.503,1.1,1.5,.742,0.9,1.9,2.8,0.7,0.7,0.4,0.9,1.2,9.2,,2026
208,Corey Kispert,26,2TM,SF,25,4,19.2,3.0,6.4,.472,1.5,4.1,.373,1.5,2.3,.649,.591,1.4,1.8,.783,0.4,1.9,2.3,1.6,0.5,0.1,0.8,1.0,9.0,,2026
208,Corey Kispert,26,WAS,SF,19,2,19.5,3.1,6.3,.496,1.6,4.0,.395,1.5,2.3,.674,.622,1.4,1.8,.765,0.3,2.0,2.3,1.7,0.4,0.2,0.7,1.1,9.2,,2026
208,Corey Kispert,26,ATL,SF,6,2,18.2,2.7,6.7,.400,1.3,4.3,.308,1.3,2.3,.571,.500,1.7,2.0,.833,0.7,1.5,2.2,1.3,0.8,0.0,1.0,0.8,8.3,,2026
209,Jordan Goodwin,27,PHO,PG,41,2,21.6,3.4,8.4,.407,1.5,4.3,.350,1.9,4.1,.467,.497,0.6,0.8,.735,1.9,2.8,4.7,2.2,1.4,0.2,1.1,1.7,9.0,,2026
210,Davion Mitchell,27,MIA,PG,40,40,29.2,3.6,7.6,.470,1.2,2.9,.400,2.4,4.7,.513,.546,0.7,1.1,.651,0.4,2.2,2.6,7.2,1.2,0.1,1.7,2.7,9.0,,2026
211,Isaiah Collier,21,UTA,PG,36,5,23.3,3.3,6.4,.513,0.5,1.4,.333,2.8,5.0,.564,.550,1.8,2.8,.653,0.4,1.9,2.3,6.6,0.8,0.3,2.2,2.3,8.9,,2026
212,Sam Hauser,28,BOS,PF,42,14,23.1,3.0,7.4,.414,2.6,6.5,.403,0.4,0.9,.500,.592,0.2,0.2,.900,0.6,3.1,3.7,1.4,0.6,0.3,0.6,1.3,8.9,,2026
213,Svi Mykhailiuk,28,UTA,SF,37,37,24.5,3.3,7.1,.466,1.8,4.7,.385,1.5,2.4,.625,.594,0.5,0.6,.905,0.7,1.9,2.6,2.0,0.5,0.1,0.8,1.4,8.9,,2026
214,Draymond Green,35,GSW,PF,37,37,26.8,3.2,7.5,.430,1.5,4.5,.333,1.7,3.0,.571,.529,0.9,1.3,.681,0.8,5.0,5.8,5.2,0.8,0.7,2.8,3.1,8.8,,2026
215,Ryan Kalkbrenner,24,CHO,C,32,26,24.3,3.7,4.8,.768,0.0,0.1,.000,3.7,4.8,.778,.768,1.2,1.7,.722,2.5,3.7,6.2,0.7,0.6,1.5,1.0,1.7,8.7,,2026
216,Luguentz Dort,26,OKC,SF,35,35,26.9,3.0,7.5,.403,1.9,5.5,.347,1.1,2.0,.557,.530,0.6,0.7,.880,0.8,2.9,3.7,1.1,0.9,0.6,0.7,3.1,8.6,,2026
217,Jay Huff,27,IND,C,45,26,19.9,3.2,6.8,.469,1.4,4.4,.316,1.8,2.4,.743,.570,0.9,1.1,.833,1.0,2.8,3.8,1.3,0.5,2.1,0.8,2.5,8.6,,2026
218,Jonas Valančiūnas,33,DEN,C,33,1,13.3,3.5,5.9,.593,0.1,0.4,.250,3.4,5.5,.615,.601,1.4,1.8,.770,1.3,3.3,4.7,1.2,0.2,0.6,1.1,2.0,8.5,,2026
219,Jaden Ivey,23,DET,SG,27,2,17.1,3.1,6.7,.461,1.2,3.3,.364,1.9,3.4,.554,.550,1.0,1.3,.778,0.6,1.6,2.1,1.7,0.5,0.4,1.1,1.3,8.4,,2026
220,Isaac Okoro,25,CHI,SG,35,35,25.0,3.1,6.7,.472,1.0,3.1,.327,2.1,3.6,.595,.547,1.1,1.5,.769,1.2,1.6,2.7,1.5,0.6,0.5,0.6,2.7,8.4,,2026
221,Kentavious Caldwell-Pope,32,MEM,SG,41,13,21.0,2.9,7.0,.411,1.2,3.5,.350,1.6,3.5,.472,.498,1.4,1.5,.933,0.4,2.0,2.4,2.9,0.8,0.2,1.2,1.0,8.3,,2026
222,Simone Fontecchio,30,MIA,SF,41,1,16.5,2.7,6.7,.395,1.8,4.8,.369,0.9,2.0,.457,.525,1.2,1.5,.810,0.7,2.3,3.0,1.4,0.5,0.1,0.9,1.5,8.3,,2026
223,Gary Trent Jr.,27,MIL,SG,40,17,24.2,2.8,7.5,.378,1.9,5.4,.356,0.9,2.1,.434,.507,0.7,0.8,.818,0.1,1.1,1.2,1.6,0.7,0.1,0.6,1.4,8.3,,2026
224,Dominick Barlow,22,PHI,PF,32,29,24.3,3.3,5.9,.550,0.4,1.5,.250,2.9,4.4,.652,.582,1.3,1.7,.778,2.2,3.0,5.1,1.3,0.9,0.7,0.9,2.2,8.2,,2026
225,Bradley Beal,32,LAC,SG,6,6,20.2,3.0,8.0,.375,1.2,3.2,.368,1.8,4.8,.379,.448,1.0,1.3,.750,0.3,0.5,0.8,1.7,0.5,0.0,1.5,2.3,8.2,,2026
226,Ron Holland,20,DET,SF,40,5,20.8,3.0,7.3,.411,0.6,2.6,.240,2.4,4.7,.505,.454,1.6,2.1,.780,1.1,3.3,4.3,1.4,1.4,0.4,1.4,2.2,8.2,,2026
227,Nikola Jović,22,MIA,PF,33,1,18.9,2.7,7.2,.376,1.1,3.7,.293,1.6,3.5,.465,.451,1.7,2.3,.724,0.5,3.2,3.7,2.7,0.7,0.4,1.7,1.7,8.2,,2026
228,Luke Kornet,30,SAS,C,36,22,24.3,3.2,4.8,.667,0.0,0.0,,3.2,4.8,.667,.667,1.8,2.2,.821,3.0,3.8,6.8,2.0,0.4,1.3,0.5,2.1,8.2,,2026
229,Buddy Hield,33,GSW,SG,38,3,17.0,2.9,6.6,.446,1.6,4.4,.361,1.3,2.2,.614,.566,0.7,0.7,.926,0.7,1.8,2.4,1.4,0.8,0.2,0.9,1.2,8.1,,2026
230,Jordan Miller,26,LAC,SF,22,0,18.0,2.8,5.5,.512,0.8,2.1,.391,2.0,3.4,.587,.587,1.7,2.0,.822,0.9,2.1,3.0,1.6,0.7,0.2,0.9,0.9,8.1,,2026
231,Quinten Post,25,GSW,PF,45,31,18.0,3.0,6.9,.442,1.6,4.5,.351,1.5,2.4,.611,.556,0.4,0.5,.792,1.0,3.0,4.0,1.4,0.5,0.5,0.8,2.0,8.1,,2026
232,Bogdan Bogdanović,33,LAC,SG,16,3,22.5,2.8,7.3,.376,1.5,4.5,.333,1.3,2.8,.444,.479,1.0,1.2,.842,0.3,2.6,2.9,2.7,0.5,0.1,1.2,2.5,8.0,,2026
233,Moussa Diabaté,24,CHO,C,40,14,24.6,3.0,4.9,.617,0.0,0.0,,3.0,4.9,.617,.617,1.9,2.9,.650,3.7,4.7,8.3,1.5,0.8,1.1,0.9,2.6,8.0,,2026
234,Kris Dunn,31,LAC,PG,43,37,27.5,3.0,6.2,.487,1.1,3.0,.378,1.9,3.2,.587,.577,0.9,1.1,.792,0.8,2.1,3.0,3.2,1.5,0.2,1.3,2.3,8.0,,2026
235,Jose Alvarado,27,NOP,PG,35,0,22.2,2.9,6.8,.424,1.6,4.4,.361,1.3,2.4,.542,.542,0.5,0.7,.826,0.4,2.4,2.8,3.3,1.0,0.1,1.3,2.1,7.9,,2026
236,Caris LeVert,31,DET,SG,31,0,19.7,2.8,6.6,.431,1.1,3.2,.340,1.7,3.4,.519,.515,1.2,1.7,.679,0.3,1.5,1.8,2.8,0.9,0.6,1.4,1.5,7.9,,2026
237,Day'Ron Sharpe,24,BRK,C,40,3,18.1,3.1,5.0,.607,0.2,0.8,.200,2.9,4.3,.678,.622,1.7,2.5,.673,2.4,3.8,6.2,2.4,1.0,0.5,1.5,2.2,7.9,,2026
238,Daniel Gafford,27,DAL,C,29,20,20.8,3.0,4.8,.629,0.0,0.0,,3.0,4.8,.629,.629,1.8,2.3,.761,2.0,4.5,6.5,0.8,0.8,1.3,1.3,2.6,7.8,,2026
239,Luke Kennard,29,ATL,SG,40,0,20.4,2.8,5.3,.524,1.6,3.3,.473,1.2,2.0,.608,.671,0.7,0.8,.933,0.4,1.6,2.0,2.2,0.8,0.1,0.7,1.2,7.8,,2026
240,Tre Mann,24,CHO,PG,28,1,16.9,3.0,8.0,.372,1.3,4.1,.322,1.6,3.9,.426,.455,0.5,0.6,.882,0.7,1.8,2.4,2.3,0.5,0.1,1.4,1.8,7.8,,2026
241,Collin Murray-Boyles,20,TOR,PF,37,13,21.5,3.2,6.0,.536,0.4,1.2,.349,2.8,4.8,.581,.570,0.9,1.4,.642,2.5,2.6,5.1,2.0,0.9,0.7,1.1,2.6,7.8,,2026
242,Precious Achiuwa,26,SAC,C,38,24,20.9,3.2,6.1,.519,0.4,1.2,.341,2.8,4.9,.561,.552,1.0,1.8,.529,1.9,3.7,5.6,1.2,0.8,0.6,0.6,1.7,7.7,,2026
243,Daniss Jenkins,24,DET,PG,34,7,16.3,2.7,6.4,.431,1.0,2.5,.400,1.7,3.9,.450,.509,1.2,1.6,.792,0.6,1.2,1.7,3.3,1.0,0.2,1.5,1.3,7.7,,2026
244,Tyrese Martin,26,BRK,SG,34,6,19.3,2.9,7.0,.408,1.5,4.1,.355,1.4,2.9,.485,.513,0.6,0.8,.731,0.9,1.9,2.9,2.0,0.6,0.1,0.9,0.9,7.7,,2026
245,Danny Wolf,21,BRK,PF,28,4,19.1,2.8,7.0,.395,1.2,3.2,.367,1.6,3.8,.419,.479,1.0,1.2,.824,1.0,3.1,4.1,1.8,0.6,0.4,1.0,1.8,7.7,,2026
246,Jamaree Bouyea,26,PHO,PG,19,0,14.7,3.1,5.5,.562,0.8,2.1,.410,2.3,3.5,.652,.638,0.6,0.8,.688,0.5,1.5,2.1,1.7,0.6,0.4,0.4,0.7,7.6,,2026
247,Luka Garza,27,BOS,C,35,1,16.5,2.7,4.6,.590,0.7,1.5,.471,2.0,3.1,.645,.665,1.5,1.8,.810,2.5,1.9,4.4,0.9,0.4,0.5,0.4,2.5,7.6,,2026
248,Terance Mann,29,BRK,SG,38,35,25.4,2.8,6.2,.447,0.8,2.5,.337,1.9,3.7,.521,.515,1.2,1.5,.821,1.3,2.1,3.3,3.7,0.8,0.3,1.1,2.6,7.6,,2026
249,Bryce McGowens,23,NOP,SG,29,11,19.4,2.5,5.3,.477,0.8,1.9,.436,1.7,3.4,.500,.556,1.8,2.3,.761,0.3,1.7,2.0,1.3,0.6,0.1,0.5,1.9,7.6,,2026
250,Vince Williams Jr.,25,MEM,PG,28,11,21.6,2.6,7.5,.348,1.3,4.5,.296,1.3,3.0,.424,.436,1.0,1.3,.829,0.8,3.3,4.0,4.6,0.8,0.5,1.9,2.1,7.6,,2026
251,Kyle Anderson,32,UTA,SF,16,0,20.0,3.1,5.9,.521,0.1,0.3,.500,2.9,5.6,.522,.532,1.3,2.1,.606,1.0,2.5,3.5,2.9,1.3,0.5,0.9,2.3,7.5,,2026
252,Ryan Nembhard,22,DAL,PG,31,17,20.6,3.1,6.9,.455,1.0,2.5,.395,2.2,4.4,.489,.526,0.3,0.4,.727,0.2,1.7,1.9,5.2,0.2,0.0,1.5,1.5,7.5,,2026
253,Moritz Wagner,28,ORL,C,2,0,12.0,2.5,5.0,.500,0.5,2.0,.250,2.0,3.0,.667,.550,2.0,2.0,1.000,0.0,3.0,3.0,1.0,0.0,0.0,0.5,1.5,7.5,,2026
254,Javonte Green,32,DET,SG,42,4,19.3,2.5,5.6,.449,1.1,3.1,.369,1.4,2.5,.548,.551,1.2,1.5,.778,0.7,2.0,2.7,0.8,1.4,0.4,0.7,1.5,7.3,,2026
255,Quenton Jackson,27,IND,PG,22,9,15.8,2.4,5.4,.437,0.8,2.1,.370,1.6,3.3,.479,.508,1.8,2.3,.784,0.5,1.4,2.0,1.9,0.6,0.2,1.2,1.7,7.3,,2026
256,Jamal Shead,23,TOR,PG,46,7,22.4,2.5,6.7,.367,1.2,3.6,.335,1.2,3.1,.404,.458,1.2,1.5,.789,0.4,1.5,1.8,5.6,1.0,0.1,1.4,2.1,7.3,,2026
257,Cason Wallace,22,OKC,SG,43,34,26.5,2.7,6.7,.411,1.3,3.8,.356,1.4,2.9,.484,.512,0.5,0.7,.750,0.8,2.2,3.0,2.1,2.1,0.2,0.9,2.0,7.3,,2026
258,Justin Champagnie,24,WAS,SF,40,10,18.5,2.8,5.6,.502,0.6,2.0,.308,2.2,3.6,.607,.556,1.0,1.3,.736,2.1,3.6,5.7,1.0,0.8,0.6,0.6,1.7,7.2,,2026
259,Walter Clayton,22,UTA,PG,39,0,18.3,2.4,5.8,.408,1.0,3.3,.313,1.4,2.6,.530,.496,1.4,1.5,.948,0.3,1.7,2.1,3.4,0.6,0.2,1.2,1.8,7.2,,2026
260,Kevin Love,37,UTA,PF,24,4,17.5,2.3,5.8,.393,1.5,4.1,.354,0.8,1.7,.488,.518,1.1,1.4,.818,1.8,3.9,5.7,1.9,0.3,0.3,0.8,1.8,7.2,,2026
261,Andre Drummond,32,PHI,C,35,16,20.0,2.7,5.5,.497,0.5,1.3,.362,2.3,4.2,.541,.541,1.1,1.7,.655,3.4,5.5,9.0,0.8,0.5,0.9,0.9,2.0,7.1,,2026
262,Will Richard,23,GSW,SG,40,15,19.3,2.5,5.2,.488,1.2,3.1,.368,1.4,2.1,.671,.599,0.9,1.1,.814,1.0,1.6,2.5,1.3,1.0,0.1,0.8,1.9,7.1,,2026
263,Bruce Brown,29,DEN,SG,44,2,24.5,2.8,6.1,.451,0.5,1.4,.317,2.3,4.7,.493,.489,1.0,1.4,.767,1.1,3.0,4.1,2.2,1.0,0.3,1.0,2.4,7.0,,2026
264,Seth Curry,35,GSW,SG,2,0,16.0,3.0,4.5,.667,1.0,2.0,.500,2.0,2.5,.800,.778,0.0,0.0,,0.5,1.5,2.0,1.5,1.0,0.0,0.0,1.5,7.0,,2026
265,Al Horford,39,GSW,C,25,1,19.3,2.5,6.3,.395,1.6,4.4,.351,0.9,1.8,.500,.519,0.4,0.4,1.000,0.9,3.9,4.8,2.0,0.8,1.0,0.9,1.1,7.0,,2026
266,TyTy Washington Jr.,24,LAC,PG,2,0,11.0,3.0,4.5,.667,1.0,2.0,.500,2.0,2.5,.800,.778,0.0,0.0,,0.0,0.5,0.5,1.5,1.0,0.5,0.0,0.0,7.0,,2026
267,Jaden Hardy,23,DAL,SG,31,4,12.3,2.3,5.8,.398,1.4,3.7,.371,0.9,2.1,.446,.517,0.9,1.1,.800,0.4,1.0,1.4,0.8,0.2,0.1,0.8,1.3,6.9,,2026
268,Isaiah Jackson,24,IND,C,32,14,17.6,2.8,4.7,.583,0.0,0.0,.000,2.8,4.7,.587,.583,1.4,2.0,.730,2.4,3.2,5.6,0.8,0.7,0.8,1.2,2.9,6.9,,2026
269,Tristan Vukcevic,22,WAS,C,30,2,11.4,2.3,5.1,.455,0.4,2.0,.200,1.9,3.1,.617,.494,1.8,2.4,.764,0.6,1.8,2.4,1.0,0.3,0.7,1.0,1.2,6.9,,2026
270,Cole Anthony,25,MIL,PG,30,0,15.0,2.9,6.4,.446,0.6,2.0,.322,2.2,4.5,.500,.495,0.4,0.7,.591,0.4,2.1,2.6,3.5,0.6,0.3,2.0,2.1,6.8,,2026
271,GG Jackson II,21,MEM,PF,22,3,15.4,2.5,5.5,.455,0.7,2.7,.271,1.8,2.8,.629,.521,1.1,1.5,.750,0.4,2.4,2.8,0.7,0.7,0.5,0.9,1.4,6.8,,2026
272,Micah Potter,27,IND,C,14,2,16.9,1.9,4.2,.441,1.1,2.9,.375,0.8,1.4,.579,.568,2.0,2.1,.933,0.6,2.9,3.5,1.4,0.3,0.3,0.7,1.6,6.8,,2026
273,Gradey Dick,22,TOR,SG,46,1,16.3,2.3,5.5,.417,0.9,3.0,.299,1.4,2.5,.556,.498,1.1,1.3,.847,0.6,1.6,2.2,0.7,0.7,0.1,0.5,1.5,6.6,,2026
274,Kobe Sanders,23,LAC,SG,35,8,20.6,2.4,5.5,.435,1.0,2.6,.374,1.4,2.9,.490,.524,0.9,1.1,.865,0.5,1.9,2.3,1.5,0.6,0.1,1.3,2.1,6.6,,2026
275,Ryan Dunn,23,PHO,SF,37,11,21.0,2.6,5.7,.453,0.8,2.6,.320,1.8,3.1,.565,.526,0.5,0.7,.692,1.6,2.8,4.4,1.7,0.9,0.5,1.1,2.4,6.5,,2026
276,Bones Hyland,25,MIN,PG,35,3,13.7,2.4,5.2,.456,1.1,3.2,.360,1.2,2.0,.606,.566,0.7,0.9,.719,0.2,1.1,1.3,2.5,0.5,0.2,0.8,1.6,6.5,,2026
277,Patrick Williams,24,CHI,PF,39,1,18.4,2.3,6.0,.374,1.3,3.2,.397,1.0,2.8,.349,.481,0.7,1.1,.683,0.6,2.3,2.9,1.2,0.7,0.3,0.9,1.2,6.5,,2026
278,Drake Powell,20,BRK,SG,31,6,19.2,2.3,5.1,.447,0.8,2.5,.308,1.5,2.6,.580,.522,1.0,1.2,.889,0.2,1.4,1.6,1.7,0.6,0.2,1.0,1.5,6.4,,2026
279,Ben Sheppard,24,IND,SG,34,12,22.7,2.2,6.0,.374,1.2,3.7,.315,1.1,2.2,.474,.473,0.8,1.0,.765,0.6,2.7,3.3,1.8,0.6,0.1,0.5,1.9,6.4,,2026
280,Trendon Watford,25,PHI,PF,21,4,16.1,2.4,4.7,.520,0.4,1.0,.400,2.0,3.7,.551,.561,1.1,1.5,.750,0.9,2.6,3.5,2.9,0.3,0.2,1.1,2.1,6.4,,2026
281,Sidy Cissoko,21,POR,SF,39,19,21.5,2.1,5.3,.395,1.1,3.3,.333,1.0,1.9,.500,.500,1.0,1.4,.714,0.9,1.4,2.3,1.5,0.7,0.3,1.1,2.7,6.3,,2026
282,Jaxson Hayes,25,LAL,C,34,4,17.6,2.6,3.3,.770,0.0,0.0,1.000,2.5,3.3,.768,.774,1.2,1.9,.625,1.5,2.6,4.1,0.8,0.4,0.6,0.6,2.1,6.3,,2026
283,Spencer Jones,24,DEN,SF,39,28,23.0,2.3,4.4,.520,1.0,2.6,.400,1.3,1.8,.690,.637,0.7,1.1,.634,1.2,1.9,3.0,0.9,0.9,0.4,0.6,2.8,6.3,,2026
284,Brook Lopez,37,LAC,C,36,7,17.0,2.1,6.0,.353,1.4,4.4,.323,0.7,1.6,.439,.472,0.6,0.7,.846,0.4,2.2,2.6,0.8,0.5,1.0,0.8,1.6,6.3,,2026
285,Mac McClung,27,IND,SG,3,0,11.3,2.3,6.0,.389,0.7,3.3,.200,1.7,2.7,.625,.444,1.0,1.3,.750,0.0,1.3,1.3,0.3,1.7,0.3,0.7,2.0,6.3,,2026
286,Josh Minott,23,BOS,PF,29,10,17.6,2.3,4.5,.504,1.1,2.5,.438,1.2,2.0,.586,.626,0.7,0.9,.769,1.3,2.6,4.0,1.1,0.8,0.4,0.6,1.7,6.3,,2026
287,Tidjane Salaün,20,CHO,PF,28,0,16.4,2.3,4.5,.504,1.0,2.3,.415,1.3,2.2,.597,.610,0.8,1.1,.700,0.8,3.6,4.3,0.9,0.4,0.3,0.8,1.6,6.3,,2026
288,Goga Bitadze,26,ORL,C,38,1,16.8,2.6,3.7,.688,0.1,0.3,.200,2.5,3.4,.725,.695,1.0,1.4,.731,2.2,3.1,5.3,1.3,0.8,1.2,0.6,2.2,6.2,,2026
289,Jalen Pickett,26,DEN,SG,29,11,17.9,2.4,5.2,.454,1.2,2.8,.427,1.2,2.4,.486,.569,0.2,0.2,1.000,0.5,2.3,2.8,2.7,0.3,0.1,0.8,1.0,6.2,,2026
290,Nae'Qwan Tomlin,25,CLE,PF,34,2,16.1,2.5,5.2,.475,0.4,1.9,.219,2.1,3.3,.619,.514,0.8,1.1,.718,1.5,1.8,3.3,0.8,0.7,0.7,0.3,1.9,6.2,,2026
291,Alex Caruso,31,OKC,SG,32,0,18.2,2.2,5.3,.417,1.0,3.2,.301,1.2,2.0,.600,.509,0.7,0.9,.821,0.6,2.3,2.8,2.1,1.4,0.4,0.8,1.3,6.1,,2026
292,Sion James,23,CHO,SG,44,18,25.3,1.9,4.9,.384,1.0,2.9,.359,0.8,2.0,.420,.491,1.3,1.5,.866,0.6,2.8,3.4,2.0,0.6,0.4,0.8,1.8,6.1,,2026
293,Jared McCain,21,PHI,SG,31,1,16.7,2.2,6.3,.354,1.0,3.0,.323,1.3,3.3,.382,.431,0.7,0.8,.880,0.1,2.0,2.1,1.5,0.7,0.0,0.7,1.2,6.1,,2026
294,Kris Murray,25,POR,SF,34,11,25.7,2.3,5.1,.446,0.6,2.3,.256,1.7,2.9,.598,.503,0.9,1.2,.738,1.8,2.2,4.0,1.2,1.2,0.4,0.9,2.0,6.1,,2026
295,Taurean Prince,31,MIL,SF,8,0,21.1,2.1,4.8,.447,1.5,3.5,.429,0.6,1.3,.500,.605,0.4,0.4,1.000,0.0,1.6,1.6,1.0,0.8,0.3,0.6,2.5,6.1,,2026
296,Dru Smith,28,MIA,SG,43,1,16.6,2.0,4.9,.419,0.7,2.0,.330,1.4,2.8,.484,.488,1.3,1.6,.812,0.7,1.6,2.3,2.5,1.4,0.3,0.9,1.6,6.1,,2026
297,Nick Smith Jr.,21,LAL,SG,23,1,13.0,2.3,5.4,.427,1.2,3.0,.397,1.1,2.4,.464,.536,0.3,0.5,.636,0.1,0.7,0.8,1.2,0.3,0.1,0.8,1.0,6.1,,2026
298,Ja'Kobe Walter,21,TOR,SG,37,9,17.7,2.1,4.9,.431,1.2,3.2,.367,0.9,1.6,.557,.552,0.7,1.0,.750,0.7,1.4,2.1,0.9,0.9,0.2,0.5,1.9,6.1,,2026
299,Aaron Holiday,29,HOU,PG,30,1,14.0,1.9,4.8,.400,1.3,3.3,.380,0.7,1.5,.444,.531,0.8,1.0,.862,0.1,0.7,0.8,1.0,0.4,0.1,0.7,1.4,6.0,,2026
300,Jase Richardson,20,ORL,SG,29,0,12.1,2.3,4.4,.512,0.8,1.8,.423,1.5,2.7,.571,.597,0.7,1.0,.700,0.5,1.0,1.5,1.3,0.3,0.1,0.6,1.1,6.0,,2026
301,KJ Simpson,23,CHO,PG,14,2,15.9,2.2,6.4,.348,0.9,2.8,.308,1.4,3.6,.380,.416,0.7,1.1,.625,0.4,1.7,2.1,2.5,1.1,0.0,1.7,1.0,6.0,,2026
302,Blake Wesley,22,POR,SG,6,0,16.3,2.3,5.7,.412,0.3,1.7,.200,2.0,4.0,.500,.441,1.0,1.7,.600,0.3,2.0,2.3,3.2,1.7,0.2,1.2,2.3,6.0,,2026
303,Robert Williams,28,POR,C,30,1,15.9,2.7,3.7,.727,0.1,0.4,.273,2.6,3.3,.778,.741,0.6,0.8,.750,2.0,4.2,6.2,1.0,0.6,1.3,0.6,1.2,6.0,,2026
304,Jordan Walsh,21,BOS,PF,38,20,19.1,2.2,4.0,.556,0.7,1.7,.431,1.5,2.3,.648,.647,0.7,0.8,.806,1.4,3.2,4.6,0.8,0.9,0.5,0.5,2.3,5.9,,2026
305,Steven Adams,32,HOU,C,32,11,22.8,2.2,4.3,.504,0.0,0.0,,2.2,4.3,.504,.504,1.5,2.5,.580,4.5,4.1,8.6,1.5,0.7,0.6,1.1,1.7,5.8,,2026
306,Paul Reed,26,DET,C,31,6,12.2,2.5,4.2,.592,0.2,0.6,.350,2.3,3.5,.636,.619,0.6,1.0,.563,1.9,2.4,4.3,1.2,0.9,0.6,1.0,1.6,5.8,,2026
307,Marcus Sasser,25,DET,PG,12,0,10.1,1.9,4.3,.442,1.2,2.8,.412,0.8,1.5,.500,.577,0.8,0.9,.909,0.1,1.0,1.1,1.9,0.6,0.2,0.7,1.0,5.8,,2026
308,Kenrich Williams,31,OKC,PF,25,0,14.2,2.4,4.6,.513,0.9,2.3,.379,1.5,2.3,.649,.609,0.2,0.6,.429,0.8,2.2,3.0,1.5,0.6,0.1,0.6,1.0,5.8,,2026
309,Jaylin Williams,23,OKC,PF,30,4,17.9,1.8,4.9,.367,1.2,3.8,.304,0.6,1.1,.594,.486,0.9,1.3,.718,0.5,4.1,4.6,2.4,0.6,0.5,0.9,1.9,5.7,,2026
310,Dean Wade,29,CLE,PF,36,15,22.6,1.9,4.8,.391,1.1,3.6,.318,0.8,1.3,.600,.509,0.7,0.9,.750,0.8,3.3,4.1,1.6,0.7,0.4,0.3,1.7,5.6,,2026
311,Eric Gordon,37,PHI,SG,6,0,12.3,2.0,3.5,.571,1.3,2.3,.571,0.7,1.2,.571,.762,0.2,0.3,.500,0.2,0.2,0.3,0.5,0.7,0.2,0.5,0.5,5.5,,2026
312,Yves Missi,21,NOP,C,38,7,18.8,2.4,4.3,.549,0.0,0.0,.000,2.4,4.3,.552,.549,0.8,1.3,.592,2.9,2.5,5.5,1.2,0.3,1.3,0.8,1.7,5.5,,2026
313,Josh Okogie,27,HOU,SG,41,25,19.5,1.9,4.4,.433,0.9,2.4,.381,1.0,2.0,.494,.536,0.8,1.2,.646,1.1,1.6,2.7,0.9,1.0,0.2,0.7,1.6,5.5,,2026
314,Jevon Carter,30,CHI,PG,21,0,11.1,1.8,4.4,.398,1.4,3.3,.414,0.4,1.1,.348,.554,0.5,0.5,1.000,0.2,0.8,1.0,0.9,0.6,0.0,0.5,0.8,5.4,,2026
315,Johnny Furphy,21,IND,SG,27,13,17.3,2.1,4.0,.514,0.8,2.0,.389,1.3,2.0,.636,.610,0.5,1.0,.464,0.9,3.1,4.0,0.8,0.6,0.2,0.9,1.7,5.4,,2026
316,Oso Ighodaro,23,PHO,PF,44,7,19.9,2.4,3.9,.618,0.0,0.0,.000,2.4,3.8,.621,.618,0.7,1.3,.500,1.3,3.0,4.3,1.8,1.0,0.5,1.2,2.6,5.4,,2026
317,Ben Saraf,19,BRK,SG,12,5,16.9,1.8,5.2,.355,0.8,2.8,.273,1.1,2.4,.448,.427,1.0,1.3,.800,0.4,1.2,1.6,2.8,0.7,0.3,1.9,1.3,5.4,,2026
318,Pat Spencer,29,GSW,PG,30,3,13.7,2.1,5.1,.408,0.6,1.6,.362,1.5,3.5,.429,.464,0.7,0.8,.875,0.6,1.3,2.0,3.0,0.6,0.0,0.9,1.1,5.4,,2026
319,Nique Clifford,23,SAC,SG,41,3,18.7,2.0,5.1,.399,0.7,2.3,.295,1.3,2.8,.487,.466,0.6,0.8,.676,0.7,2.3,3.0,1.3,0.6,0.3,1.1,1.9,5.3,,2026
320,Keon Ellis,26,SAC,SG,39,5,17.3,1.8,4.7,.384,1.2,3.2,.357,0.7,1.5,.441,.505,0.5,0.8,.633,0.4,1.0,1.3,0.6,1.1,0.5,0.5,1.6,5.3,,2026
321,Cody Williams,21,UTA,SG,31,8,17.3,2.3,5.0,.458,0.4,1.8,.218,1.9,3.2,.590,.497,0.4,0.6,.579,0.7,1.4,2.0,0.8,0.4,0.3,0.5,1.6,5.3,,2026
322,Drew Eubanks,28,SAC,C,30,11,14.0,2.2,3.7,.600,0.0,0.1,.250,2.2,3.5,.613,.605,0.8,1.4,.558,0.8,1.9,2.7,0.3,0.4,0.6,0.8,1.4,5.2,,2026
323,Garrison Mathews,29,IND,SG,15,1,13.1,1.4,3.5,.404,1.1,3.1,.370,0.3,0.4,.667,.567,1.3,1.5,.826,0.1,1.0,1.1,0.7,0.4,0.2,0.2,1.3,5.2,,2026
324,Asa Newell,20,ATL,PF,33,0,10.6,2.0,3.6,.558,0.8,1.7,.439,1.3,1.9,.667,.663,0.3,0.6,.550,0.8,1.1,1.9,0.5,0.4,0.3,0.5,1.6,5.2,,2026
325,Tolu Smith,25,DET,PF,5,0,11.0,1.4,3.0,.467,0.0,0.0,,1.4,3.0,.467,.467,2.4,3.0,.800,2.0,3.6,5.6,0.8,0.4,1.0,0.8,1.4,5.2,,2026
326,Grant Williams,27,CHO,PF,5,0,16.8,1.6,5.0,.320,1.0,4.2,.238,0.6,0.8,.750,.420,1.0,1.2,.833,0.8,2.8,3.6,1.2,0.8,0.4,0.4,1.0,5.2,,2026
327,Jeremiah Robinson-Earl,25,2TM,PF,20,3,17.8,1.9,5.0,.374,0.5,2.0,.250,1.4,3.0,.458,.424,0.9,0.9,.944,1.8,3.3,5.1,0.8,0.5,0.1,0.6,1.3,5.1,,2026
327,Jeremiah Robinson-Earl,25,IND,PF,17,3,17.6,1.7,4.9,.349,0.5,1.9,.242,1.2,2.9,.420,.398,0.8,0.8,.929,1.9,3.3,5.2,0.7,0.4,0.1,0.6,1.4,4.6,,2026
327,Jeremiah Robinson-Earl,25,DAL,PF,3,0,18.3,2.7,5.3,.500,0.7,2.3,.286,2.0,3.0,.667,.563,1.3,1.3,1.000,1.3,3.3,4.7,1.0,0.7,0.0,0.3,1.0,7.3,,2026
328,Branden Carlson,26,OKC,C,31,2,11.1,2.1,4.0,.528,0.6,1.8,.351,1.5,2.1,.682,.610,0.3,0.5,.529,0.6,2.0,2.6,0.6,0.2,0.5,0.4,0.9,5.1,,2026
329,Will Riley,19,WAS,SF,34,0,13.8,1.9,4.5,.409,0.4,1.6,.232,1.5,2.9,.510,.451,1.0,1.2,.829,0.7,1.2,2.0,1.1,0.4,0.1,0.8,0.7,5.1,,2026
330,Nolan Traoré,19,BRK,PG,22,0,17.8,1.8,5.5,.322,0.9,2.8,.311,0.9,2.7,.333,.401,0.7,0.9,.800,0.1,1.0,1.1,2.7,0.4,0.2,1.3,1.6,5.1,,2026
331,Jalen Wilson,25,BRK,PF,29,0,13.7,1.6,4.2,.377,0.9,2.7,.351,0.7,1.6,.422,.488,1.0,1.3,.757,0.1,1.1,1.2,0.6,0.3,0.1,0.5,1.2,5.1,,2026
332,Taylor Hendricks,22,UTA,PF,31,6,15.0,1.8,3.8,.470,0.7,2.0,.365,1.0,1.7,.593,.568,0.7,1.0,.767,0.9,2.2,3.1,0.7,0.4,0.3,0.5,1.3,5.0,,2026
333,Karlo Matković,24,NOP,PF,33,2,12.8,2.2,3.4,.628,0.5,1.1,.429,1.7,2.4,.718,.695,0.2,0.5,.533,0.8,2.4,3.1,0.7,0.2,0.8,0.5,1.5,5.0,,2026
334,Gary Payton II,33,GSW,SG,42,1,12.7,2.2,4.1,.550,0.3,1.1,.298,1.9,3.0,.645,.591,0.2,0.3,.571,1.1,2.1,3.2,1.6,0.5,0.3,0.9,1.5,5.0,,2026
335,Noah Penda,21,ORL,SF,27,2,13.9,1.8,4.1,.436,0.7,1.7,.422,1.1,2.4,.446,.523,0.7,1.1,.613,1.6,2.4,4.1,1.1,0.5,0.4,0.7,1.3,5.0,,2026
336,Matisse Thybulle,28,POR,SG,4,0,12.3,1.5,2.5,.600,1.0,1.5,.667,0.5,1.0,.500,.800,1.0,1.0,1.000,0.0,1.0,1.0,0.8,2.5,0.0,0.3,1.8,5.0,,2026
337,Gabe Vincent,29,LAL,PG,22,7,20.0,1.6,4.8,.333,1.4,3.8,.361,0.2,1.0,.227,.476,0.5,0.5,.909,0.3,0.6,0.9,1.3,0.4,0.0,0.4,2.3,5.0,,2026
338,Lonzo Ball,28,CLE,PG,30,3,21.2,1.6,5.4,.304,1.2,4.4,.271,0.4,0.9,.464,.416,0.5,0.7,.700,0.8,3.1,3.9,4.1,1.2,0.3,1.5,1.3,4.9,,2026
339,Tyler Kolek,24,NYK,PG,39,1,13.3,2.0,4.6,.430,0.6,1.9,.329,1.3,2.6,.505,.500,0.3,0.4,.688,0.3,1.6,1.9,2.7,0.4,0.1,1.0,1.4,4.9,,2026
340,Micah Peavy,24,NOP,SG,38,1,16.1,2.1,5.1,.405,0.5,1.9,.268,1.6,3.3,.484,.454,0.3,0.4,.733,0.9,1.3,2.3,1.2,0.7,0.2,0.3,1.7,4.9,,2026
341,Craig Porter Jr.,25,CLE,PG,40,2,17.7,2.0,4.2,.467,0.6,1.4,.404,1.4,2.8,.500,.536,0.4,0.7,.577,1.5,2.1,3.6,3.0,1.0,0.7,0.9,1.2,4.9,,2026
342,Mike Conley,38,MIN,PG,38,8,18.6,1.4,4.1,.342,1.0,3.0,.339,0.4,1.1,.350,.468,1.0,1.1,.881,0.3,1.4,1.7,2.9,0.6,0.2,0.6,1.6,4.8,,2026
343,Justin Edwards,22,PHI,SF,33,5,14.4,1.7,4.4,.384,1.0,2.9,.333,0.7,1.5,.480,.493,0.5,0.5,.882,0.5,1.1,1.5,1.2,0.6,0.2,0.6,1.5,4.8,,2026
344,Dalton Knecht,24,LAL,SF,36,1,12.5,1.8,4.2,.437,0.8,2.5,.319,1.0,1.7,.617,.533,0.3,0.4,.688,0.3,1.3,1.6,0.4,0.2,0.3,0.4,1.0,4.8,,2026
345,Tyrese Proctor,21,CLE,PG,31,1,10.7,1.6,4.5,.362,0.9,2.9,.315,0.7,1.7,.442,.461,0.6,0.7,.826,0.2,1.1,1.3,1.2,0.3,0.0,0.5,1.2,4.8,,2026
346,Olivier-Maxence Prosper,23,MEM,PF,20,0,11.3,1.6,3.2,.484,0.4,1.1,.318,1.2,2.1,.571,.539,1.3,1.4,.929,0.6,1.7,2.3,0.8,0.2,0.1,0.6,0.8,4.8,,2026
347,Mitchell Robinson,27,NYK,C,31,13,19.3,2.1,3.1,.677,0.0,0.0,,2.1,3.1,.677,.677,0.6,1.7,.377,4.9,4.3,9.1,1.1,0.8,1.2,0.7,2.4,4.8,,2026
348,Jarred Vanderbilt,26,LAL,PF,33,3,19.8,1.8,3.8,.480,0.5,1.6,.302,1.4,2.2,.608,.543,0.7,0.9,.710,1.7,3.5,5.2,1.3,0.8,0.4,1.2,1.9,4.8,,2026
349,Nicolas Batum,37,LAC,PF,42,4,20.2,1.5,3.8,.400,1.5,3.6,.401,0.1,0.2,.375,.591,0.2,0.3,.818,0.4,2.2,2.6,0.8,0.8,0.4,0.6,1.7,4.7,,2026
350,Dylan Cardwell,24,SAC,C,18,1,18.9,1.9,3.7,.530,0.0,0.1,.000,1.9,3.6,.538,.530,0.8,1.4,.538,3.0,4.2,7.2,1.1,0.7,1.6,0.7,3.8,4.7,,2026
351,Mouhamed Gueye,23,ATL,PF,44,4,16.1,1.9,4.2,.441,0.5,1.8,.275,1.4,2.4,.566,.500,0.5,0.8,.595,1.2,2.4,3.5,1.0,0.8,0.6,0.6,1.8,4.7,,2026
352,PJ Hall,23,2TM,C,15,2,10.3,1.7,2.9,.591,0.2,0.3,.600,1.5,2.6,.590,.625,0.9,1.3,.700,1.5,1.9,3.5,0.5,0.1,0.6,0.7,1.1,4.6,,2026
352,PJ Hall,23,MEM,C,7,0,3.9,0.7,1.3,.556,0.1,0.4,.333,0.6,0.9,.667,.611,0.3,0.4,.667,0.4,0.9,1.3,0.3,0.0,0.3,0.1,0.4,1.9,,2026
352,PJ Hall,23,CHO,C,8,2,15.9,2.6,4.4,.600,0.3,0.3,1.000,2.4,4.1,.576,.629,1.5,2.1,.706,2.5,2.9,5.4,0.6,0.1,0.9,1.3,1.6,7.0,,2026
353,Thomas Bryant,28,CLE,C,31,0,9.1,1.6,3.2,.520,0.5,1.5,.340,1.1,1.6,.686,.602,0.8,0.9,.828,0.7,1.8,2.5,0.4,0.2,0.4,0.3,1.1,4.6,,2026
354,DaRon Holmes,23,DEN,PF,11,6,14.0,1.5,3.5,.421,1.2,2.8,.419,0.3,0.6,.429,.592,0.5,0.7,.750,0.5,1.4,1.8,1.4,0.0,0.4,0.5,1.2,4.6,,2026
355,Jett Howard,22,ORL,SF,27,0,10.7,1.6,4.3,.368,0.9,2.7,.329,0.7,1.6,.432,.470,0.6,0.6,.938,0.4,1.1,1.4,0.9,0.1,0.1,0.2,1.0,4.6,,2026
356,Ochai Agbaji,25,TOR,SG,37,13,16.4,1.8,4.3,.411,0.3,1.6,.197,1.4,2.6,.546,.449,0.6,0.7,.889,0.8,1.6,2.3,0.8,0.4,0.3,0.4,1.9,4.5,,2026
357,DeAndre Jordan,37,NOP,C,2,1,11.5,2.0,2.5,.800,0.0,0.0,,2.0,2.5,.800,.800,0.5,1.0,.500,2.0,3.0,5.0,0.0,0.0,0.0,0.5,0.5,4.5,,2026
358,A.J. Lawson,25,TOR,SG,11,0,9.6,1.5,3.7,.390,0.7,2.0,.364,0.7,1.7,.421,.488,0.8,0.8,1.000,0.6,1.4,2.0,0.3,0.4,0.3,0.4,1.4,4.5,,2026
359,Zeke Nnaji,25,DEN,PF,31,1,13.1,1.6,3.2,.500,0.3,1.2,.278,1.3,2.0,.629,.551,1.0,1.2,.816,0.6,2.0,2.6,0.5,0.4,0.5,0.5,1.4,4.5,,2026
360,Terrence Shannon Jr.,25,MIN,SG,22,0,12.8,1.5,3.7,.395,0.7,1.7,.405,0.8,2.0,.386,.488,1.0,1.2,.778,0.3,1.0,1.3,0.6,0.3,0.0,0.7,1.3,4.5,,2026
361,Josh Green,25,CHO,SG,20,0,15.9,1.6,3.6,.431,1.1,2.8,.382,0.5,0.9,.588,.576,0.2,0.3,.667,1.1,1.2,2.2,1.1,0.6,0.1,0.5,1.0,4.4,,2026
362,Jeremy Sochan,22,SAS,PF,26,0,13.5,1.8,3.8,.480,0.3,1.3,.257,1.5,2.4,.603,.526,0.4,0.6,.688,1.0,1.8,2.8,1.1,0.4,0.2,0.7,1.9,4.4,,2026
363,Ethan Thompson,26,IND,SG,19,5,16.1,1.5,4.3,.358,0.8,2.9,.286,0.7,1.3,.520,.457,0.5,0.8,.667,0.6,1.3,1.8,1.4,0.5,0.3,0.6,1.9,4.4,,2026
364,RayJ Dennis,24,3TM,PG,15,0,11.8,1.5,4.9,.301,0.8,2.6,.308,0.7,2.3,.294,.384,0.5,0.6,.889,0.5,1.0,1.5,2.0,0.3,0.3,1.0,1.1,4.3,,2026
364,RayJ Dennis,24,IND,PG,13,0,12.9,1.7,5.5,.306,0.9,2.9,.316,0.8,2.6,.294,.389,0.6,0.7,.889,0.6,1.0,1.6,2.0,0.2,0.3,1.1,1.2,4.9,,2026
364,RayJ Dennis,24,LAC,PG,1,0,4.0,0.0,0.0,,0.0,0.0,,0.0,0.0,,,0.0,0.0,,0.0,2.0,2.0,0.0,0.0,0.0,1.0,0.0,0.0,,2026
364,RayJ Dennis,24,ATL,PG,1,0,5.0,0.0,1.0,.000,0.0,1.0,.000,0.0,0.0,,.000,0.0,0.0,,0.0,0.0,0.0,4.0,1.0,0.0,0.0,1.0,0.0,,2026
365,Jordan Hawkins,23,NOP,SG,35,0,14.1,1.5,4.8,.320,0.8,2.7,.301,0.7,2.2,.342,.402,0.4,0.5,.778,0.4,1.4,1.8,0.7,0.2,0.2,0.6,0.6,4.3,,2026
366,Trayce Jackson-Davis,25,GSW,C,32,1,11.9,1.8,2.9,.596,0.0,0.0,1.000,1.7,2.9,.591,.601,0.8,1.4,.565,1.4,1.9,3.3,0.9,0.3,0.6,0.4,1.1,4.3,,2026
367,Dereck Lively II,21,DAL,C,7,4,16.4,1.6,2.6,.611,0.0,0.0,,1.6,2.6,.611,.611,1.1,1.4,.800,2.0,3.3,5.3,1.9,0.6,1.6,1.4,3.0,4.3,,2026
368,Liam McNeeley,20,CHO,SF,27,0,12.4,1.3,3.2,.395,0.8,2.1,.379,0.4,1.0,.429,.523,0.9,1.1,.806,0.4,1.8,2.2,0.9,0.2,0.1,0.4,1.3,4.3,,2026
369,Javon Small,23,MEM,PG,14,0,12.6,1.4,4.0,.339,0.7,2.2,.323,0.6,1.8,.360,.429,0.9,1.1,.800,0.4,1.1,1.4,3.3,0.3,0.1,1.3,1.3,4.3,,2026
370,Adem Bona,22,PHI,C,33,3,17.1,1.5,2.5,.593,0.1,0.2,.400,1.4,2.3,.605,.605,1.2,1.8,.678,1.8,2.2,4.0,0.2,0.3,1.4,0.8,2.0,4.2,,2026
371,Keaton Wallace,26,ATL,PG,36,2,12.2,1.6,3.7,.421,0.9,2.3,.402,0.6,1.4,.451,.545,0.2,0.3,.545,0.1,1.2,1.3,2.2,0.6,0.1,0.6,1.0,4.2,,2026
372,Tony Bradley,28,IND,C,37,3,11.2,1.6,2.9,.557,0.0,0.1,.500,1.6,2.8,.558,.561,0.9,1.2,.744,1.5,1.4,2.9,0.5,0.2,0.2,0.5,1.6,4.1,,2026
373,Malaki Branham,22,WAS,SG,24,0,9.6,1.4,3.0,.458,0.3,1.1,.296,1.0,1.9,.556,.514,1.0,1.3,.833,0.4,1.2,1.6,0.9,0.4,0.1,0.5,0.7,4.1,,2026
374,Jaylen Clark,24,MIN,SG,41,0,14.1,1.5,3.4,.435,0.4,1.4,.298,1.0,2.0,.531,.496,0.8,1.2,.647,1.0,1.0,2.0,0.6,0.8,0.2,0.3,1.5,4.1,,2026
375,Drew Timme,25,LAL,PF,9,0,8.1,1.8,2.9,.615,0.6,1.0,.556,1.2,1.9,.647,.712,0.0,0.1,.000,0.4,0.9,1.3,1.0,0.3,0.0,0.3,0.6,4.1,,2026
376,Moussa Cisse,23,DAL,C,25,1,11.8,1.6,2.4,.661,0.0,0.0,,1.6,2.4,.661,.661,0.9,1.9,.458,1.9,2.8,4.7,0.2,0.4,1.2,0.8,1.8,4.0,,2026
377,Brandon Clarke,29,MEM,PF,2,2,10.0,1.5,4.5,.333,0.0,0.0,,1.5,4.5,.333,.333,1.0,2.0,.500,2.0,1.0,3.0,0.5,1.0,0.0,0.0,2.5,4.0,,2026
378,Ousmane Dieng,22,OKC,C,21,0,10.9,1.4,3.3,.435,0.8,1.8,.432,0.7,1.5,.438,.551,0.3,0.3,1.000,0.3,1.3,1.6,0.9,0.0,0.2,0.3,0.9,3.9,,2026
379,Hugo González,19,BOS,SF,38,2,14.9,1.6,3.2,.496,0.5,1.4,.358,1.1,1.8,.600,.573,0.2,0.4,.529,0.9,2.4,3.3,0.6,0.6,0.3,0.6,1.9,3.9,,2026
380,Kasparas Jakučionis,19,MIA,PG,18,2,14.7,1.1,3.6,.308,0.9,2.2,.425,0.2,1.4,.120,.438,0.8,0.9,.875,0.7,1.4,2.1,1.7,0.5,0.0,0.8,1.7,3.9,,2026
381,Jabari Walker,23,PHI,PF,40,6,12.7,1.4,3.3,.417,0.4,1.4,.246,1.0,1.9,.547,.470,0.8,1.1,.727,1.3,2.1,3.3,0.5,0.3,0.3,0.4,1.8,3.9,,2026
382,Julian Strawther,23,DEN,SG,22,0,9.7,1.2,3.3,.370,0.3,1.4,.226,0.9,1.9,.476,.418,1.0,1.3,.759,0.1,1.2,1.3,0.7,0.2,0.0,0.5,1.0,3.8,,2026
383,Clint Capela,31,HOU,C,35,1,11.4,1.6,3.0,.548,0.0,0.0,,1.6,3.0,.548,.548,0.4,0.7,.538,2.4,2.0,4.4,0.5,0.5,0.7,0.5,0.9,3.7,,2026
384,Cam Christie,20,LAC,SG,29,0,10.1,1.2,2.9,.400,0.3,1.2,.278,0.8,1.7,.490,.459,1.0,1.3,.744,0.3,1.4,1.8,0.6,0.3,0.1,0.4,0.5,3.7,,2026
385,Gui Santos,23,GSW,PF,34,2,11.4,1.3,2.8,.468,0.6,1.8,.367,0.6,1.0,.647,.585,0.5,0.7,.667,0.8,1.5,2.3,1.0,0.4,0.2,0.8,1.3,3.7,,2026
386,Rob Dillingham,21,MIN,PG,32,0,9.8,1.4,4.2,.338,0.3,1.0,.355,1.1,3.2,.333,.380,0.5,0.6,.750,0.2,1.1,1.2,1.8,0.5,0.1,1.0,1.1,3.6,,2026
387,Miles Kelly,23,DAL,PG,8,0,9.5,1.4,3.5,.393,0.9,2.8,.318,0.5,0.8,.667,.518,0.0,0.0,,0.5,1.0,1.5,0.6,0.3,0.0,0.4,1.0,3.6,,2026
388,Yanic Konan Niederhäuser,22,LAC,C,24,0,8.8,1.4,2.1,.647,0.0,0.1,.000,1.4,2.0,.673,.647,0.8,1.3,.645,0.8,1.3,2.2,0.3,0.1,0.5,0.5,1.2,3.6,,2026
389,Larry Nance Jr.,33,CLE,PF,18,2,14.3,1.4,3.9,.371,0.7,2.0,.333,0.8,1.9,.412,.457,0.1,0.2,.333,0.8,1.9,2.7,1.2,0.6,0.2,0.5,2.3,3.6,,2026
390,Charles Bassey,25,MEM,C,2,0,15.5,1.5,4.0,.375,0.0,0.0,,1.5,4.0,.375,.375,0.5,1.5,.333,3.5,4.0,7.5,1.0,0.5,0.5,0.5,2.5,3.5,,2026
391,Jamison Battle,24,TOR,SF,33,2,8.8,1.3,2.5,.543,0.6,1.4,.447,0.7,1.0,.676,.673,0.2,0.3,.667,0.3,1.2,1.5,0.4,0.2,0.1,0.4,0.8,3.5,,2026
392,Kelly Olynyk,34,SAS,C,27,0,9.6,1.2,2.5,.485,0.3,1.3,.250,0.9,1.2,.750,.551,0.7,1.1,.667,0.6,1.3,1.9,1.3,0.4,0.0,0.5,1.2,3.5,,2026
393,Antonio Reeves,25,CHO,SG,6,0,8.8,1.3,2.7,.500,0.8,1.7,.500,0.5,1.0,.500,.656,0.0,0.0,,0.2,0.7,0.8,0.3,0.2,0.0,0.0,0.5,3.5,,2026
394,Doug McDermott,34,SAC,SF,7,0,10.0,1.1,3.3,.348,1.1,3.3,.348,0.0,0.0,,.522,0.0,0.0,,0.0,0.7,0.7,0.3,0.0,0.1,0.4,0.7,3.4,,2026
395,Chaz Lanier,24,DET,SG,16,0,9.6,1.1,3.0,.354,0.9,2.6,.341,0.2,0.4,.429,.500,0.3,0.3,1.000,0.4,0.6,0.9,0.8,0.3,0.0,0.1,0.3,3.3,,2026
396,James Wiseman,24,IND,C,4,1,14.5,1.5,2.5,.600,0.0,0.0,,1.5,2.5,.600,.600,0.3,0.5,.500,1.3,0.8,2.0,0.8,0.0,0.3,1.3,2.5,3.3,,2026
397,Joan Beringer,19,MIN,PF,18,0,6.9,1.5,2.1,.730,0.0,0.0,,1.5,2.1,.730,.730,0.2,0.2,.750,0.9,1.2,2.1,0.3,0.2,0.4,0.3,1.1,3.2,,2026
398,Devin Carter,23,SAC,PG,12,0,8.4,1.1,3.2,.342,0.4,1.7,.250,0.7,1.5,.444,.408,0.6,0.6,1.000,0.4,0.8,1.2,1.1,0.5,0.2,0.7,0.8,3.2,,2026
399,Pat Connaughton,33,CHO,SG,20,0,7.2,1.1,2.2,.500,0.6,1.4,.407,0.6,0.9,.647,.625,0.4,0.7,.615,0.3,1.2,1.4,0.6,0.3,0.1,0.2,0.3,3.2,,2026
400,Pete Nance,25,MIL,PF,13,0,7.1,1.2,2.2,.571,0.7,1.3,.529,0.5,0.8,.636,.732,0.0,0.0,,0.2,1.0,1.2,0.4,0.3,0.2,0.4,0.3,3.2,,2026
401,Nick Richards,28,PHO,C,28,2,9.1,1.3,2.5,.493,0.0,0.0,,1.3,2.5,.493,.493,0.7,1.0,.679,1.3,2.0,3.3,0.3,0.1,0.5,0.9,1.4,3.2,,2026
402,Myron Gardner,24,MIA,SF,16,0,6.3,1.1,2.3,.486,0.5,1.3,.381,0.6,1.0,.625,.595,0.3,0.3,1.000,0.7,0.9,1.6,0.6,0.3,0.1,0.1,1.1,3.1,,2026
403,Tyus Jones,29,ORL,PG,42,8,16.1,1.2,3.4,.345,0.6,2.2,.283,0.5,1.2,.460,.437,0.1,0.1,1.000,0.2,0.9,1.1,2.4,0.7,0.1,0.3,0.6,3.1,,2026
404,Dwight Powell,34,DAL,C,30,5,14.2,1.0,1.4,.674,0.0,0.0,,1.0,1.4,.674,.674,1.1,1.8,.642,1.2,2.3,3.5,1.0,0.5,0.4,0.5,2.0,3.1,,2026
405,Mark Sears,23,MIL,PG,7,0,3.7,0.9,1.9,.462,0.6,1.1,.500,0.3,0.7,.400,.615,0.9,1.1,.750,0.1,0.1,0.3,0.3,0.0,0.0,0.6,0.6,3.1,,2026
406,Dalen Terry,23,CHI,SG,28,0,10.1,1.2,2.8,.436,0.5,1.2,.382,0.8,1.6,.477,.519,0.2,0.4,.545,0.5,1.2,1.7,1.1,0.6,0.3,0.6,1.0,3.1,,2026
407,Kobe Bufkin,22,LAL,SG,4,0,11.3,1.0,2.8,.364,0.5,1.8,.286,0.5,1.0,.500,.455,0.5,0.5,1.000,0.3,1.0,1.3,0.5,0.3,0.8,0.3,0.8,3.0,,2026
408,John Konchar,29,MEM,SG,26,1,13.3,1.2,2.3,.500,0.4,1.2,.313,0.8,1.1,.714,.583,0.3,0.5,.615,0.5,2.4,2.9,1.3,1.0,0.3,0.3,1.0,3.0,,2026
409,Chris Livingston,22,CLE,SF,3,0,5.7,1.3,2.3,.571,0.0,1.0,.000,1.3,1.3,1.000,.571,0.3,0.3,1.000,0.0,1.0,1.0,0.3,0.3,0.0,0.0,1.3,3.0,,2026
410,Alijah Martin,24,TOR,SG,10,0,8.8,0.9,2.6,.346,0.2,1.1,.182,0.7,1.5,.467,.385,1.0,1.2,.833,0.6,0.6,1.2,0.8,0.5,0.3,0.3,0.9,3.0,,2026
411,Emanuel Miller,25,CHI,PF,5,0,6.6,1.2,2.6,.462,0.4,1.2,.333,0.8,1.4,.571,.538,0.2,0.4,.500,0.2,0.4,0.6,0.8,0.4,0.0,0.0,0.4,3.0,,2026
412,Riley Minix,25,SAS,SF,3,0,2.7,1.3,2.0,.667,0.3,1.0,.333,1.0,1.0,1.000,.750,0.0,0.0,,0.3,0.3,0.7,0.3,0.3,0.0,0.0,0.3,3.0,,2026
413,Monte Morris,30,IND,PG,6,0,10.8,1.2,3.3,.350,0.3,1.3,.250,0.8,2.0,.417,.400,0.3,0.7,.500,0.2,1.0,1.2,1.5,0.2,0.2,0.3,0.5,3.0,,2026
414,Jamir Watkins,24,WAS,SG,17,2,13.4,1.0,2.2,.459,0.4,1.3,.273,0.6,0.9,.733,.541,0.6,0.8,.786,0.5,2.3,2.8,0.5,0.4,0.2,0.4,2.2,3.0,,2026
415,Kobe Brown,26,LAC,PF,28,0,9.4,0.9,2.6,.361,0.4,1.5,.233,0.6,1.0,.552,.431,0.6,0.8,.818,0.6,1.1,1.8,0.9,0.3,0.1,0.4,0.5,2.9,,2026
416,Dorian Finney-Smith,32,HOU,PF,12,0,15.5,1.0,3.3,.300,0.7,2.6,.258,0.3,0.8,.444,.400,0.3,0.3,1.000,1.1,1.7,2.8,0.5,0.3,0.2,0.6,1.7,2.9,,2026
417,Jonathan Isaac,28,ORL,PF,35,0,10.2,1.0,2.3,.443,0.2,0.9,.194,0.8,1.4,.604,.481,0.7,1.2,.605,0.8,1.9,2.7,0.3,0.4,0.5,0.3,0.8,2.9,,2026
418,Keshad Johnson,24,MIA,SF,18,0,7.9,1.1,2.8,.373,0.3,1.1,.250,0.8,1.7,.452,.422,0.5,0.7,.692,0.7,1.2,1.9,0.1,0.3,0.2,0.3,0.7,2.9,,2026
419,David Jones García,24,SAS,SF,11,0,6.2,1.2,2.3,.520,0.3,0.5,.600,0.9,1.8,.500,.580,0.3,0.5,.500,0.4,0.8,1.2,1.6,0.5,0.1,0.5,0.5,2.9,,2026
420,Chris Paul,40,LAC,PG,16,0,14.3,1.1,3.5,.321,0.6,1.9,.333,0.5,1.6,.308,.411,0.1,0.1,.500,0.4,1.4,1.8,3.3,0.7,0.0,1.0,1.4,2.9,,2026
421,Duop Reath,29,POR,C,32,0,8.1,1.0,2.3,.446,0.7,1.7,.418,0.3,0.6,.526,.601,0.2,0.2,.833,0.3,0.9,1.2,0.3,0.2,0.3,0.2,0.9,2.9,,2026
422,Baylor Scheierman,25,BOS,SG,38,2,12.3,1.1,2.2,.482,0.7,1.7,.424,0.3,0.4,.706,.651,0.1,0.1,.800,0.3,1.5,1.8,0.7,0.6,0.1,0.4,1.4,2.9,,2026
423,Jericho Sims,27,MIL,C,31,4,14.0,1.3,1.6,.837,0.0,0.0,,1.3,1.6,.837,.837,0.3,0.4,.615,1.3,2.4,3.6,0.6,0.2,0.2,1.0,1.6,2.9,,2026
424,Guerschon Yabusele,30,NYK,C,37,0,9.4,1.1,2.8,.392,0.5,1.8,.308,0.5,1.0,.541,.490,0.2,0.3,.667,0.6,1.6,2.1,0.5,0.1,0.1,0.4,0.9,2.9,,2026
425,Trey Alexander,22,NOP,SG,5,0,8.4,1.2,1.8,.667,0.4,0.6,.667,0.8,1.2,.667,.778,0.0,0.0,,0.0,0.8,0.8,1.0,0.2,0.2,0.2,0.8,2.8,,2026
426,Jamal Cain,26,ORL,SF,17,0,7.2,0.8,2.1,.389,0.3,1.1,.278,0.5,1.1,.500,.458,0.9,1.1,.833,0.4,0.4,0.8,0.3,0.2,0.1,0.4,1.2,2.8,,2026
427,Bobi Klintman,22,DET,SF,6,0,8.8,1.2,3.5,.333,0.5,1.8,.273,0.7,1.7,.400,.405,0.0,0.5,.000,0.8,1.8,2.7,0.7,0.3,0.0,0.8,1.5,2.8,,2026
428,Julian Phillips,22,CHI,SF,30,2,9.7,1.1,2.5,.427,0.5,1.5,.318,0.6,1.0,.581,.520,0.2,0.2,.833,0.7,0.7,1.3,0.2,0.5,0.2,0.2,1.1,2.8,,2026
429,Gary Harris,31,MIL,SG,33,1,14.5,1.0,1.9,.508,0.6,1.2,.500,0.4,0.8,.520,.659,0.2,0.2,1.000,0.3,1.2,1.5,1.0,0.6,0.2,0.4,1.2,2.7,,2026
430,Kevon Looney,29,NOP,C,17,6,13.9,1.2,2.8,.426,0.1,0.5,.111,1.1,2.2,.500,.436,0.3,0.5,.625,2.3,2.8,5.1,1.5,0.4,0.5,0.5,1.8,2.7,,2026
431,Rayan Rupert,21,POR,SG,37,0,11.6,1.1,2.9,.374,0.4,1.4,.280,0.7,1.5,.456,.439,0.2,0.3,.583,0.4,1.3,1.7,0.7,0.5,0.1,0.4,1.2,2.7,,2026
432,Rasheer Fleming,21,PHO,PF,24,0,7.0,1.0,2.8,.353,0.3,1.6,.205,0.7,1.2,.552,.412,0.3,0.4,.778,0.7,0.6,1.3,0.2,0.3,0.3,0.2,0.8,2.6,,2026
433,Leonard Miller,22,MIN,SF,17,0,5.1,1.1,1.9,.563,0.1,0.6,.091,1.0,1.2,.810,.578,0.4,0.6,.636,0.4,1.0,1.4,0.3,0.2,0.0,0.4,0.6,2.6,,2026
434,Jae'Sean Tate,30,HOU,SF,25,0,7.7,1.1,2.2,.519,0.2,0.7,.353,0.9,1.5,.595,.574,0.1,0.1,1.000,0.7,0.7,1.4,0.5,0.2,0.1,0.2,1.1,2.6,,2026
435,Caleb Martin,30,DAL,SF,37,3,11.6,1.0,2.3,.440,0.1,0.6,.217,0.9,1.6,.525,.470,0.4,0.6,.609,0.5,1.4,1.9,1.4,0.6,0.1,0.6,1.4,2.5,,2026
436,Christian Koloko,25,3TM,C,14,2,15.1,1.1,2.7,.421,0.1,0.1,.500,1.1,2.6,.417,.434,0.1,0.3,.250,1.4,1.9,3.3,0.7,0.8,1.0,0.6,1.7,2.4,,2026
436,Christian Koloko,25,LAL,C,2,0,3.0,0.0,0.0,,0.0,0.0,,0.0,0.0,,,0.0,0.0,,0.0,0.5,0.5,0.0,0.0,0.0,0.0,0.5,0.0,,2026
436,Christian Koloko,25,MEM,C,11,2,17.7,1.3,3.2,.400,0.0,0.1,.000,1.3,3.1,.412,.400,0.1,0.4,.250,1.7,2.3,4.0,0.9,0.9,1.2,0.6,1.8,2.6,,2026
436,Christian Koloko,25,ATL,C,1,0,11.0,2.0,3.0,.667,1.0,1.0,1.000,1.0,2.0,.500,.833,0.0,0.0,,0.0,1.0,1.0,0.0,1.0,1.0,1.0,3.0,5.0,,2026
437,Yang Hansen,20,POR,C,25,1,8.4,0.8,2.7,.294,0.2,1.3,.156,0.6,1.4,.417,.331,0.6,0.6,.938,0.4,1.2,1.6,0.8,0.1,0.3,0.9,1.2,2.4,,2026
438,Elijah Harkless,25,UTA,SG,7,0,9.4,0.6,1.6,.364,0.3,1.0,.286,0.3,0.6,.500,.455,1.0,1.3,.778,0.3,0.6,0.9,0.7,0.6,0.0,0.4,1.4,2.4,,2026
439,Xavier Tillman Sr.,27,BOS,C,13,1,8.5,1.1,2.3,.467,0.2,1.1,.214,0.8,1.2,.688,.517,0.0,0.0,,0.8,1.2,1.9,0.4,0.5,0.2,0.4,0.7,2.4,,2026
440,Hunter Tyson,25,DEN,PF,17,2,7.8,0.8,2.9,.265,0.4,1.8,.200,0.4,1.1,.368,.327,0.5,0.6,.818,0.2,1.4,1.6,0.7,0.1,0.1,0.2,0.6,2.4,,2026
441,Chris Boucher,33,BOS,PF,8,0,11.4,0.9,2.8,.318,0.1,1.5,.083,0.8,1.3,.600,.341,0.4,0.5,.750,0.3,2.0,2.3,0.4,0.6,0.9,0.1,2.0,2.3,,2026
442,Carter Bryant,20,SAS,PF,34,0,8.1,0.9,2.6,.333,0.3,1.3,.244,0.5,1.2,.429,.397,0.3,0.4,.833,0.4,1.3,1.6,0.2,0.2,0.1,0.4,0.8,2.3,,2026
443,Caleb Houstan,23,ATL,SF,10,0,4.9,0.7,1.5,.467,0.6,1.2,.500,0.1,0.3,.333,.667,0.3,0.3,1.000,0.4,0.1,0.5,0.2,0.1,0.1,0.4,0.6,2.3,,2026
444,Kevin McCullar Jr.,24,NYK,SF,12,0,7.3,0.8,1.9,.435,0.5,1.2,.429,0.3,0.8,.444,.565,0.2,0.4,.400,0.7,1.0,1.7,1.3,0.3,0.0,0.7,1.2,2.3,,2026
445,Jordan McLaughlin,29,SAS,PG,18,0,6.0,0.8,1.8,.455,0.4,1.0,.389,0.4,0.8,.533,.561,0.2,0.3,.800,0.2,0.4,0.6,0.7,0.5,0.0,0.4,0.4,2.3,,2026
446,Luke Travers,24,CLE,SG,12,0,8.6,0.8,3.0,.250,0.1,1.3,.063,0.7,1.7,.400,.264,0.8,0.8,1.000,0.8,1.3,2.0,0.8,0.6,0.3,0.3,0.5,2.3,,2026
447,Ron Harper Jr.,25,BOS,SF,6,0,4.7,0.8,2.3,.357,0.5,1.7,.300,0.3,0.7,.500,.464,0.0,0.0,,0.5,0.5,1.0,0.7,0.2,0.3,0.2,0.3,2.2,,2026
448,Jeff Green,39,HOU,PF,15,0,4.4,0.8,1.7,.480,0.5,1.1,.471,0.3,0.5,.500,.640,0.0,0.0,,0.1,0.5,0.5,0.1,0.0,0.1,0.1,0.3,2.1,,2026
449,Johnny Juzang,24,MIN,SG,17,0,3.9,0.8,1.9,.438,0.3,1.2,.250,0.5,0.7,.750,.516,0.2,0.2,.750,0.3,0.5,0.8,0.4,0.1,0.0,0.2,0.2,2.1,,2026
450,Maxi Kleber,34,LAL,PF,20,1,11.5,0.7,2.0,.325,0.2,0.9,.235,0.5,1.2,.391,.375,0.6,0.7,.786,0.7,1.2,1.9,0.7,0.3,0.3,0.4,1.6,2.1,,2026
451,Lindy Waters III,28,SAS,SG,26,0,7.2,0.7,2.1,.352,0.6,1.8,.319,0.2,0.3,.571,.491,0.0,0.0,1.000,0.1,0.7,0.8,0.4,0.2,0.0,0.1,0.7,2.1,,2026
452,Patrick Baldwin Jr.,23,LAC,SF,1,0,5.0,0.0,1.0,.000,0.0,1.0,.000,0.0,0.0,,.000,2.0,2.0,1.000,0.0,0.0,0.0,0.0,0.0,0.0,0.0,1.0,2.0,,2026
453,Koby Brea,23,PHO,SG,2,0,4.0,0.5,1.5,.333,0.0,1.0,.000,0.5,0.5,1.000,.333,1.0,1.0,1.000,0.0,0.5,0.5,1.0,0.0,0.0,0.0,0.0,2.0,,2026
454,Amir Coffey,28,MIL,SG,25,0,7.6,0.6,1.5,.432,0.2,0.7,.235,0.5,0.8,.600,.486,0.5,0.6,.929,0.2,0.6,0.8,0.3,0.1,0.1,0.2,0.2,2.0,,2026
455,JD Davison,23,HOU,PG,20,0,7.2,0.7,2.0,.359,0.3,1.1,.286,0.4,0.9,.444,.436,0.3,0.5,.556,0.1,0.7,0.8,1.0,0.3,0.2,0.3,0.6,2.0,,2026
456,Hunter Dickinson,25,NOP,C,1,0,5.0,1.0,2.0,.500,0.0,0.0,,1.0,2.0,.500,.500,0.0,0.0,,0.0,0.0,0.0,0.0,0.0,1.0,2.0,2.0,2.0,,2026
457,Trentyn Flowers,20,CHI,SF,2,0,3.0,1.0,1.5,.667,0.0,0.5,.000,1.0,1.0,1.000,.667,0.0,0.0,,0.5,0.0,0.5,0.5,0.0,0.0,0.5,0.5,2.0,,2026
458,Colby Jones,23,DET,SG,1,0,7.0,1.0,3.0,.333,0.0,2.0,.000,1.0,1.0,1.000,.333,0.0,0.0,,0.0,4.0,4.0,2.0,0.0,0.0,0.0,1.0,2.0,,2026
459,Isaiah Livers,27,PHO,PF,23,0,10.2,0.7,1.9,.372,0.4,1.3,.323,0.3,0.5,.500,.488,0.2,0.3,.833,0.6,1.3,1.9,0.7,0.4,0.3,0.4,1.0,2.0,,2026
460,Wendell Moore Jr.,24,DET,SG,3,0,14.3,1.0,2.0,.500,0.0,0.3,.000,1.0,1.7,.600,.500,0.0,0.0,,0.3,1.0,1.3,1.0,0.7,0.3,0.3,0.3,2.0,,2026
461,Daeqwon Plowden,27,SAC,SG,1,0,14.0,1.0,5.0,.200,0.0,3.0,.000,1.0,2.0,.500,.200,0.0,0.0,,2.0,0.0,2.0,0.0,0.0,0.0,0.0,0.0,2.0,,2026
462,Oscar Tshiebwe,26,UTA,C,1,0,15.0,1.0,4.0,.250,0.0,0.0,,1.0,4.0,.250,.250,0.0,1.0,.000,2.0,4.0,6.0,1.0,1.0,0.0,0.0,2.0,2.0,,2026
463,Jahmir Young,25,MIA,PG,5,0,4.8,0.8,2.2,.364,0.4,1.0,.400,0.4,1.2,.333,.455,0.0,0.0,,0.0,0.4,0.4,0.8,0.2,0.0,0.4,0.6,2.0,,2026
464,Mohamed Diawara,20,NYK,SF,36,5,5.1,0.7,1.8,.400,0.4,1.0,.389,0.3,0.8,.414,.508,0.1,0.2,.500,0.3,0.8,1.0,0.5,0.2,0.1,0.3,0.5,1.9,,2026
465,Andre Jackson Jr.,24,MIL,SG,18,0,6.8,0.6,1.8,.313,0.3,1.1,.250,0.3,0.7,.417,.391,0.5,0.6,.900,0.3,0.6,0.8,1.1,0.3,0.1,0.4,1.1,1.9,,2026
466,Mason Plumlee,35,CHO,C,14,2,8.9,0.6,0.9,.750,0.0,0.0,,0.6,0.9,.750,.750,0.6,0.9,.667,0.7,2.1,2.9,1.1,0.4,0.0,0.6,0.7,1.9,,2026
467,Kam Jones,23,IND,SG,12,0,7.3,0.8,2.3,.357,0.1,0.8,.100,0.8,1.5,.500,.375,0.0,0.2,.000,0.3,0.5,0.8,0.9,0.3,0.0,0.3,0.3,1.8,,2026
468,E.J. Liddell,25,BRK,PF,8,0,4.4,0.6,1.5,.417,0.3,1.0,.250,0.4,0.5,.750,.500,0.3,0.4,.667,0.4,0.8,1.1,0.0,0.0,0.0,0.0,0.5,1.8,,2026
469,Cody Martin,30,IND,SF,4,0,13.8,0.5,2.5,.200,0.0,1.3,.000,0.5,1.3,.400,.200,0.8,1.5,.500,0.3,3.3,3.5,0.5,1.0,0.5,1.0,1.3,1.8,,2026
470,Orlando Robinson,25,ORL,C,4,1,6.3,0.8,1.3,.600,0.3,0.5,.500,0.5,0.8,.667,.700,0.0,0.0,,0.5,0.5,1.0,0.8,0.3,0.0,0.0,0.8,1.8,,2026
471,Chris Youngblood,23,OKC,SG,29,0,5.0,0.6,1.6,.348,0.5,1.4,.341,0.1,0.2,.400,.500,0.2,0.2,1.000,0.2,0.6,0.8,0.2,0.1,0.0,0.0,0.7,1.8,,2026
472,Harrison Ingram,23,SAS,SF,3,0,3.7,0.7,1.0,.667,0.3,0.3,1.000,0.3,0.7,.500,.833,0.0,0.0,,1.0,0.0,1.0,0.0,0.0,0.0,0.0,0.7,1.7,,2026
473,AJ Johnson,21,WAS,SG,23,0,7.1,0.7,2.7,.258,0.2,0.8,.211,0.5,1.9,.279,.290,0.1,0.2,.750,0.3,0.8,1.1,0.6,0.2,0.0,0.5,0.4,1.7,,2026
474,Taelon Peter,23,IND,SG,22,0,6.3,0.5,1.8,.300,0.5,1.7,.270,0.1,0.1,.667,.425,0.2,0.3,.667,0.3,0.8,1.0,0.7,0.3,0.1,0.5,0.4,1.7,,2026
475,Thanasis Antetokounmpo,33,MIL,SF,14,0,3.1,0.6,1.0,.571,0.0,0.1,.000,0.6,0.9,.615,.571,0.4,0.6,.667,0.2,0.2,0.4,0.1,0.4,0.2,0.2,0.6,1.6,,2026
476,Ariel Hukporti,23,NYK,C,29,4,9.1,0.6,1.1,.515,0.0,0.0,.000,0.6,1.1,.531,.515,0.4,0.7,.650,1.0,1.7,2.8,0.6,0.2,0.6,0.5,1.2,1.6,,2026
477,Jonathan Mogbo,24,TOR,PF,19,0,6.9,0.7,1.4,.538,0.0,0.0,,0.7,1.4,.538,.538,0.1,0.3,.400,0.6,1.3,1.9,0.5,0.1,0.2,0.2,0.6,1.6,,2026
478,Jacob Toppin,25,ATL,SF,5,0,3.4,0.8,1.2,.667,0.0,0.0,,0.8,1.2,.667,.667,0.0,0.0,,0.0,0.2,0.2,0.2,0.0,0.2,0.0,0.2,1.6,,2026
479,Javonte Cooke,26,POR,SG,8,0,6.5,0.6,2.6,.238,0.3,1.4,.182,0.4,1.3,.300,.286,0.0,0.0,,0.1,0.9,1.0,0.9,0.5,0.0,0.6,0.1,1.5,,2026
480,LJ Cryer,24,GSW,PG,2,0,2.5,0.5,1.5,.333,0.5,1.0,.500,0.0,0.5,.000,.500,0.0,0.0,,0.0,0.0,0.0,0.0,0.0,0.0,0.0,0.5,1.5,,2026
481,Tyson Etienne,26,BRK,PG,8,0,4.3,0.5,1.9,.267,0.5,1.6,.308,0.0,0.3,.000,.400,0.0,0.0,,0.0,0.0,0.0,0.1,0.0,0.0,0.1,0.6,1.5,,2026
482,Anthony Gill,33,WAS,PF,19,0,3.8,0.6,0.9,.647,0.2,0.3,.500,0.4,0.6,.727,.735,0.2,0.2,1.000,0.3,0.5,0.8,0.0,0.1,0.1,0.3,0.2,1.5,,2026
483,Bronny James,21,LAL,SG,24,1,6.9,0.5,1.7,.325,0.3,0.9,.333,0.3,0.8,.316,.413,0.1,0.1,1.000,0.2,0.3,0.4,1.1,0.4,0.0,0.5,0.5,1.5,,2026
484,Johni Broome,23,PHI,C,7,0,5.7,0.6,2.9,.200,0.0,0.4,.000,0.6,2.4,.235,.200,0.3,0.6,.500,0.9,1.0,1.9,0.6,0.3,0.0,0.3,0.7,1.4,,2026
485,Nigel Hayes-Davis,31,PHO,SF,23,0,7.8,0.7,1.9,.349,0.1,0.7,.133,0.6,1.2,.464,.372,0.0,0.1,.500,0.5,0.8,1.3,0.3,0.3,0.0,0.3,0.7,1.4,,2026
486,Isaac Jones,25,2TM,PF,4,1,4.5,0.5,1.0,.500,0.0,0.5,.000,0.5,0.5,1.000,.500,0.3,0.5,.500,0.5,0.0,0.5,0.3,0.0,0.0,0.0,1.0,1.3,,2026
486,Isaac Jones,25,SAC,PF,3,1,5.7,0.3,0.7,.500,0.0,0.3,.000,0.3,0.3,1.000,.500,0.3,0.7,.500,0.7,0.0,0.7,0.3,0.0,0.0,0.0,1.3,1.0,,2026
486,Isaac Jones,25,DET,PF,1,0,1.0,1.0,2.0,.500,0.0,1.0,.000,1.0,1.0,1.000,.500,0.0,0.0,,0.0,0.0,0.0,0.0,0.0,0.0,0.0,0.0,2.0,,2026
487,Brooks Barnhizer,23,OKC,SG,22,0,7.9,0.5,1.2,.444,0.0,0.3,.167,0.5,1.0,.524,.463,0.2,0.3,.667,0.3,1.5,1.9,0.4,0.2,0.1,0.1,0.6,1.3,,2026
488,Khaman Maluach,19,PHO,C,18,0,4.7,0.4,1.1,.400,0.0,0.3,.000,0.4,0.8,.533,.400,0.4,0.4,.875,0.3,0.7,1.0,0.2,0.1,0.4,0.5,0.8,1.3,,2026
489,Adou Thiero,21,LAL,SF,15,0,5.8,0.5,1.2,.389,0.0,0.1,.000,0.5,1.1,.412,.389,0.4,0.5,.750,0.5,0.7,1.2,0.3,0.3,0.1,0.3,1.0,1.3,,2026
490,Trey Jemison,26,NYK,C,6,0,6.3,0.5,0.5,1.000,0.0,0.0,,0.5,0.5,1.000,1.000,0.2,0.2,1.000,0.8,0.8,1.7,0.2,0.0,0.3,0.5,1.0,1.2,,2026
491,Kyle Lowry,39,PHI,PG,6,0,7.5,0.3,1.3,.250,0.3,1.3,.250,0.0,0.0,,.375,0.0,0.0,,0.0,0.5,0.5,1.2,0.2,0.0,0.3,0.5,1.0,,2026
492,Hunter Sallis,22,PHI,SG,7,0,3.7,0.4,0.7,.600,0.0,0.0,,0.4,0.7,.600,.600,0.1,0.3,.500,0.0,0.1,0.1,0.6,0.0,0.1,0.7,0.3,1.0,,2026
493,Dario Šarić,31,SAC,C,5,0,8.2,0.2,1.2,.167,0.2,0.6,.333,0.0,0.6,.000,.250,0.4,0.4,1.000,0.2,1.0,1.2,0.4,0.0,0.0,0.4,0.6,1.0,,2026
494,Jahmai Mashack,23,MEM,SG,7,0,3.6,0.3,1.1,.250,0.3,0.9,.333,0.0,0.3,.000,.375,0.0,0.0,,0.0,0.7,0.7,0.3,0.1,0.0,0.4,0.1,0.9,,2026
495,Bismack Biyombo,33,SAS,C,11,1,5.9,0.4,0.5,.667,0.0,0.0,,0.4,0.5,.667,.667,0.1,0.2,.500,0.2,0.5,0.6,0.3,0.3,0.1,0.3,0.9,0.8,,2026
496,N'Faly Dante,24,ATL,C,4,0,3.8,0.3,1.0,.250,0.0,0.0,,0.3,1.0,.250,.250,0.3,0.3,1.000,0.8,1.0,1.8,0.0,0.5,0.0,0.3,0.3,0.8,,2026
497,Curtis Jones,24,DEN,SG,5,0,4.4,0.4,2.0,.200,0.0,1.2,.000,0.4,0.8,.500,.200,0.0,0.0,,0.2,0.6,0.8,0.2,0.0,0.0,0.2,0.4,0.8,,2026
498,Drew Peterson,26,CHO,PF,6,0,10.7,0.3,2.7,.125,0.0,2.0,.000,0.3,0.7,.500,.125,0.2,0.3,.500,0.5,1.0,1.5,0.3,0.5,0.2,0.0,0.5,0.8,,2026
499,Amari Williams,24,BOS,PF,8,0,5.9,0.1,0.3,.500,0.0,0.0,,0.1,0.3,.500,.500,0.5,0.8,.667,0.4,1.0,1.4,0.3,0.1,0.5,0.3,1.0,0.8,,2026
500,Joe Ingles,38,MIN,SF,13,0,4.2,0.2,0.4,.400,0.1,0.3,.250,0.1,0.1,1.000,.500,0.2,0.2,1.000,0.0,0.4,0.4,0.8,0.5,0.0,0.4,0.5,0.5,,2026
501,Pacome Dadiet,20,NYK,SG,18,0,3.2,0.1,0.5,.222,0.0,0.3,.000,0.1,0.2,.500,.222,0.2,0.2,1.000,0.1,0.6,0.6,0.4,0.1,0.0,0.0,0.2,0.4,,2026
502,Lachlan Olbrich,22,CHI,C,10,0,7.3,0.2,0.9,.222,0.0,0.4,.000,0.2,0.5,.400,.222,0.0,0.2,.000,0.7,1.4,2.1,0.9,0.0,0.0,0.4,1.6,0.4,,2026
503,Garrett Temple,39,TOR,SG,12,0,2.8,0.1,0.6,.143,0.1,0.4,.200,0.0,0.2,.000,.214,0.1,0.2,.500,0.0,0.3,0.3,0.3,0.3,0.1,0.3,0.2,0.3,,2026
504,Jahmyl Telfort,24,LAC,PF,8,0,4.0,0.0,0.5,.000,0.0,0.5,.000,0.0,0.0,,.000,0.1,0.5,.250,0.0,0.4,0.4,0.1,0.1,0.0,0.1,0.6,0.1,,2026
505,Mo Bamba,27,TOR,C,2,0,3.0,0.0,1.0,.000,0.0,0.0,,0.0,1.0,.000,.000,0.0,0.0,,0.5,0.5,1.0,0.0,0.0,0.5,0.0,1.0,0.0,,2026
506,Sharife Cooper,24,WAS,PG,4,0,2.5,0.0,0.3,.000,0.0,0.3,.000,0.0,0.0,,.000,0.0,0.0,,0.0,0.0,0.0,0.0,0.0,0.0,0.3,0.3,0.0,,2026
507,Isaiah Crawford,24,HOU,SF,2,0,2.5,0.0,0.5,.000,0.0,0.5,.000,0.0,0.0,,.000,0.0,0.0,,0.0,0.0,0.0,0.0,0.0,0.0,0.0,0.0,0.0,,2026
508,Noa Essengue,19,CHI,PF,2,0,3.0,0.0,1.5,.000,0.0,1.0,.000,0.0,0.5,.000,.000,0.0,0.0,,0.0,0.0,0.0,0.0,0.5,0.0,0.0,0.5,0.0,,2026
509,Tosan Evbuomwan,24,NYK,SF,5,0,1.6,0.0,0.2,.000,0.0,0.0,,0.0,0.2,.000,.000,0.0,0.0,,0.2,0.2,0.4,0.0,0.0,0.0,0.0,0.2,0.0,,2026
510,Vladislav Goldin,24,MIA,C,1,0,1.0,0.0,0.0,,0.0,0.0,,0.0,0.0,,,0.0,0.0,,0.0,0.0,0.0,1.0,0.0,0.0,0.0,0.0,0.0,,2026
511,Chucky Hepburn,22,TOR,PG,2,0,6.5,0.0,3.0,.000,0.0,2.5,.000,0.0,0.5,.000,.000,0.0,0.0,,0.0,0.5,0.5,1.0,0.5,0.0,0.5,1.0,0.0,,2026
512,Malevy Leons,26,GSW,SF,2,0,2.5,0.0,0.5,.000,0.0,0.0,,0.0,0.5,.000,.000,0.0,0.0,,0.5,1.0,1.5,0.0,0.0,0.0,0.5,0.5,0.0,,2026
513,Chris Mañon,24,LAL,SG,4,0,3.5,0.0,0.3,.000,0.0,0.3,.000,0.0,0.0,,.000,0.0,0.0,,0.3,0.5,0.8,0.0,0.3,0.5,0.0,0.8,0.0,,2026
,League Average,,,,,,,,,.469,,,.359,,,.547,.544,,,.786,,,,,,,,,,,2026
